{"type":"FeatureCollection","crs":{"type":"name","properties":{"name":"EPSG:4326"}},"features":[{"type":"Feature","id":1,"geometry":{"type":"MultiPolygon","coordinates":[[[[39.2230834960001,-4.66900634799992],[39.2203441030001,-4.67169068299995],[39.220092773,-4.66967773399995],[39.2213134770001,-4.66772460899996],[39.224487305,-4.66632080099993],[39.2230834960001,-4.66900634799992]]],[[[39.216674805,-4.66070556599993],[39.21472168,-4.66290283199994],[39.21472168,-4.66027831999999],[39.216674805,-4.66070556599993]]],[[[39.2277895930001,-4.66030281699995],[39.227452359,-4.66131901799998],[39.226423658,-4.66123277299994],[39.2252707130001,-4.66115127599993],[39.2245837450001,-4.66194773899998],[39.224233762,-4.66264270599993],[39.223833781,-4.66339266999994],[39.2232038110001,-4.66433762499998],[39.221960537,-4.66523591599998],[39.2218938730001,-4.66413763499998],[39.222498844,-4.66300518799994],[39.2228788260001,-4.66183274399999],[39.2230913160001,-4.66063780099995],[39.222693835,-4.65971684499995],[39.223453799,-4.65939285999997],[39.224573746,-4.65926286599995],[39.225633696,-4.65926286599995],[39.226733643,-4.65954285299996],[39.2277895930001,-4.66030281699995]]],[[[39.282287598,-4.66699218699995],[39.2783203130001,-4.66839599599996],[39.2741088870001,-4.66662597699997],[39.270874023,-4.66308593799994],[39.270324707,-4.65911865199996],[39.2705078130001,-4.65447997999997],[39.2750854490001,-4.65441894499997],[39.277709961,-4.65649414099994],[39.2805175780001,-4.65869140599995],[39.284301758,-4.66119384799993],[39.2872924800001,-4.66278076199997],[39.28527832,-4.66589355499997],[39.282287598,-4.66699218699995]]],[[[39.364318848,-4.65521240199996],[39.3676757810001,-4.65570068399996],[39.3717041020001,-4.65570068399996],[39.374084473,-4.65618896499996],[39.3779296880001,-4.65637206999997],[39.381896973,-4.65777587899993],[39.3853149410001,-4.65850830099993],[39.3881225590001,-4.65911865199996],[39.390930176,-4.65930175799997],[39.394104004,-4.65881347699998],[39.3967285160001,-4.65618896499996],[39.3999023440001,-4.65631103499994],[39.4008789060001,-4.65917968799994],[39.4025268550001,-4.66210937499995],[39.403686523,-4.66528320299995],[39.403930664,-4.66760253899999],[39.4022827150001,-4.67022705099994],[39.3999023440001,-4.67089843699996],[39.3977050780001,-4.66851806599993],[39.393127441,-4.66802978499993],[39.389526367,-4.66711425799997],[39.386291504,-4.66668701199995],[39.381896973,-4.66760253899999],[39.3781127930001,-4.66778564499999],[39.375305176,-4.66790771499996],[39.372070313,-4.66851806599993],[39.368713379,-4.66931152299998],[39.365112305,-4.66882324199998],[39.3613281250001,-4.66857910199998],[39.358520508,-4.66839599599996],[39.355102539,-4.66839599599996],[39.352294922,-4.66717529299996],[39.3515014650001,-4.66400146499995],[39.3527221680001,-4.66052246099996],[39.355285645,-4.65771484399994],[39.357299805,-4.65612792999997],[39.358520508,-4.65429687499995],[39.359680176,-4.65228271499995],[39.3624877930001,-4.65307617199995],[39.364318848,-4.65521240199996]]],[[[39.216674805,-4.66070556599993],[39.2155151370001,-4.65789794899997],[39.2152709960001,-4.65386962899994],[39.219116211,-4.65087890599996],[39.220275879,-4.65362548799995],[39.2199096680001,-4.65631103499994],[39.219116211,-4.65899658199993],[39.216674805,-4.66070556599993]]],[[[39.2341308590001,-4.64727783199994],[39.232299805,-4.65002441399999],[39.232299805,-4.64709472699998],[39.2341308590001,-4.64727783199994]]],[[[39.2448730470001,-4.61920165999993],[39.2443237300001,-4.62152099599996],[39.24230957,-4.62030029299996],[39.2448730470001,-4.61920165999993]]],[[[39.291870117,-4.59606933599998],[39.291320801,-4.59979247999996],[39.289306641,-4.59698486299993],[39.286499023,-4.59606933599998],[39.287902832,-4.59289550799997],[39.2894897460001,-4.59460449199997],[39.291870117,-4.59606933599998]]],[[[39.4301147460001,-4.58190917999998],[39.4276733400001,-4.58319091799996],[39.42590332,-4.58081054699994],[39.425109863,-4.57769775399994],[39.4266967770001,-4.57531738299998],[39.4296875000001,-4.57757568399996],[39.4301147460001,-4.58190917999998]]],[[[39.3037109370001,-4.58831787099997],[39.301879883,-4.58941650399993],[39.299926758,-4.58660888699995],[39.2990722660001,-4.58392333999996],[39.297912598,-4.58148193399997],[39.2960815430001,-4.57922363299997],[39.296508789,-4.57678222699997],[39.296875,-4.57489013699994],[39.29888916,-4.57287597699997],[39.3029174800001,-4.57098388699996],[39.308121171,-4.56942230999995],[39.3117065430001,-4.57110595699994],[39.3125000000001,-4.57489013699994],[39.312316895,-4.57800292999996],[39.309875488,-4.58148193399997],[39.307922363,-4.58398437499994],[39.3060913090001,-4.58599853499994],[39.3037109370001,-4.58831787099997]]],[[[39.4074707030001,-4.56542968799993],[39.408081055,-4.56787109399994],[39.41192627,-4.56738281199996],[39.415100098,-4.56701660199997],[39.41607666,-4.56909179699993],[39.4133300780001,-4.57061767599993],[39.411499023,-4.57250976599995],[39.4108886720001,-4.57440185499996],[39.409729004,-4.57641601599994],[39.407287598,-4.57690429699993],[39.401916504,-4.57690429699993],[39.400512695,-4.57568359399995],[39.4000854490001,-4.57366943399995],[39.397521973,-4.57299804699995],[39.399475098,-4.57080078099995],[39.4000854490001,-4.56762695299994],[39.4035034180001,-4.56671142599994],[39.4074707030001,-4.56542968799993]]],[[[39.401916504,-4.56372070299995],[39.3991088870001,-4.56390380899997],[39.397277832,-4.55938720699993],[39.399719238,-4.55737304699995],[39.4000854490001,-4.56048583999997],[39.401916504,-4.56372070299995]]],[[[39.3972664500001,-4.55937333499997],[39.397261176,-4.55938438399996],[39.393676758,-4.55877685499998],[39.391723633,-4.55712890599995],[39.3900756840001,-4.55462646499995],[39.393676758,-4.55450439499999],[39.395324707,-4.55700683599998],[39.3972664500001,-4.55937333499997]]],[[[39.3900540320001,-4.55458544099997],[39.3900292600001,-4.55461743799998],[39.3878784180001,-4.55419921899994],[39.386291504,-4.55340576199996],[39.387084961,-4.55090331999997],[39.3889160160001,-4.55242919899996],[39.3900540320001,-4.55458544099997]]],[[[39.4550781250001,-4.55780029299996],[39.453674316,-4.55932617199995],[39.453918457,-4.56170654299997],[39.4542846680001,-4.56481933599997],[39.4545288090001,-4.56781005899996],[39.4545288090001,-4.57031249999995],[39.453674316,-4.57312011699998],[39.452514648,-4.57507324199997],[39.450683594,-4.57690429699993],[39.4498901370001,-4.57897949199997],[39.449523926,-4.58190917999998],[39.446105957,-4.58270263699996],[39.443481445,-4.58367919899997],[39.4423217770001,-4.58599853499994],[39.441711426,-4.58868408199994],[39.4389038090001,-4.58892822299994],[39.4365234370001,-4.58752441399998],[39.4354858400001,-4.58477783199992],[39.4345092770001,-4.58270263699996],[39.4345092770001,-4.57958984399994],[39.434692383,-4.57568359399995],[39.43371582,-4.57128906199996],[39.432922363,-4.56799316399997],[39.4331054690001,-4.56628417999998],[39.432495117,-4.56317138699996],[39.4309082030001,-4.56079101599994],[39.4279174800001,-4.55902099599995],[39.426330566,-4.55657958999996],[39.4274902340001,-4.55468749999994],[39.4296875000001,-4.55651855499997],[39.4309082030001,-4.55407714799999],[39.432495117,-4.55181884799993],[39.435119629,-4.55529785199997],[39.4384765620001,-4.55578613299998],[39.441711426,-4.55718994099993],[39.445129395,-4.55810546899995],[39.4462890620001,-4.55609130899996],[39.4462890620001,-4.55279540999994],[39.4487304690001,-4.54998779299995],[39.449279785,-4.54748535199998],[39.448120117,-4.54528808599998],[39.446899414,-4.54260253899998],[39.448120117,-4.53967285199998],[39.449523926,-4.53680419899997],[39.4509277340001,-4.53381347699997],[39.4533081050001,-4.53161621099997],[39.457275391,-4.53302001999997],[39.460083008,-4.53417968699996],[39.4619140630001,-4.53601074199998],[39.461486816,-4.53967285199998],[39.4608764650001,-4.54437255899995],[39.4608764650001,-4.54791259799992],[39.4608764650001,-4.55139160199997],[39.4594726560001,-4.55340576199996],[39.4577026370001,-4.55578613299998],[39.4550781250001,-4.55780029299996]]],[[[39.5039062500001,-4.45677553699995],[39.5036926270001,-4.45808779299995],[39.5022888180001,-4.45793520499996],[39.5026855470001,-4.45720278299996],[39.5032046470001,-4.45625738599995],[39.5039062500001,-4.45677553699995]]],[[[39.639515939,-4.03792919199997],[39.6406439450001,-4.03670226299994],[39.6416280650001,-4.03569230099993],[39.642780664,-4.03521761099996],[39.643570798,-4.03526572399995],[39.644547851,-4.03554306399996],[39.645650656,-4.03560031199993],[39.6466943890001,-4.03589795199998],[39.6476299030001,-4.03628279599997],[39.648553432,-4.03612976299997],[39.6492279820001,-4.03554626699997],[39.6500870300001,-4.03463455499998],[39.650665658,-4.03375528199998],[39.6512259180001,-4.03299720699994],[39.651803197,-4.03187972599994],[39.6528196960001,-4.03127301299997],[39.6536631440001,-4.03104389699996],[39.654808238,-4.03054365399994],[39.656124699,-4.02971389299995],[39.657159092,-4.02884576299993],[39.6579305930001,-4.02832934399993],[39.6589598730001,-4.02783886199995],[39.660290563,-4.02764345199995],[39.6610900920001,-4.02770208899995],[39.661931515,-4.02775832799996],[39.6630693760001,-4.027955251],[39.6642136740001,-4.02809929799998],[39.665363277,-4.02805967899997],[39.666537884,-4.02877340999992],[39.6675222380001,-4.03023705999992],[39.6686948720001,-4.03135562299997],[39.6699796520001,-4.03241013599996],[39.6710455420001,-4.03295515999997],[39.6720059100001,-4.03335791399998],[39.67337989,-4.03313527399997],[39.6743564590001,-4.03356895299993],[39.6747017100001,-4.03442313399995],[39.67472724,-4.03525778999994],[39.674287237,-4.03599662099999],[39.673042606,-4.03670884099995],[39.671718264,-4.03715155399994],[39.6710670250001,-4.03818818499997],[39.669970076,-4.03845995899997],[39.669851281,-4.03929863799993],[39.670067014,-4.04010316399996],[39.670222682,-4.04104999999993],[39.67048032,-4.04187459999997],[39.670903606,-4.04268047799997],[39.6713969350001,-4.04340057799992],[39.67223926,-4.04390329899997],[39.673328946,-4.04436206499996],[39.6744068200001,-4.04442581299999],[39.675399532,-4.04411857099996],[39.676296031,-4.04393593699997],[39.6772558160001,-4.04417193499996],[39.6776243570001,-4.04485258599994],[39.6776211440001,-4.04563841599998],[39.677220972,-4.04637046199998],[39.6765613790001,-4.04697439999996],[39.6758791280001,-4.04765614899998],[39.6753606230001,-4.04835526399996],[39.6747695270001,-4.04947415699997],[39.6744898060001,-4.05106264899996],[39.674698541,-4.05225354199997],[39.675444461,-4.05349714499994],[39.676317533,-4.05437449199996],[39.6770013440001,-4.05496195999996],[39.6778660690001,-4.05567833099997],[39.6786580320001,-4.05637171899997],[39.679535356,-4.05726071099998],[39.679962618,-4.05820830499994],[39.680028039,-4.05934542799997],[39.680175241,-4.06021076899999],[39.6804558900001,-4.06113001499996],[39.680928066,-4.06203345199999],[39.6812505980001,-4.06294043099997],[39.681303303,-4.06399250799996],[39.681220195,-4.06510777699998],[39.6814968240001,-4.06656275499996],[39.681923644,-4.06790910899999],[39.682106694,-4.06922342099994],[39.681458503,-4.06978622399993],[39.680566227,-4.07005172299995],[39.6795285700001,-4.07049921499994],[39.678590302,-4.07100955099998],[39.6772976440001,-4.07133880999993],[39.676459998,-4.07135845199998],[39.6757961810001,-4.07186347899995],[39.6748830280001,-4.07229470499994],[39.674171927,-4.07303611499999],[39.673497657,-4.07385289099994],[39.673155901,-4.07457047299993],[39.6728477770001,-4.07582146799997],[39.671791322,-4.07670402599997],[39.67077642,-4.07690965499996],[39.6698796110001,-4.07700172199998],[39.668804003,-4.07706424699996],[39.6677525380001,-4.07710258899994],[39.6666149920001,-4.07705238899996],[39.6658378880001,-4.07649301599998],[39.6649921800001,-4.07574702399996],[39.663852553,-4.07486723699998],[39.6632600770001,-4.07408319699993],[39.6626528570001,-4.07325844699995],[39.6619474450001,-4.07216625999996],[39.662558123,-4.07086963499996],[39.6632021450001,-4.06989080999995],[39.663359095,-4.06880208299998],[39.6630718270001,-4.06783763999994],[39.662502245,-4.06661097699993],[39.661722803,-4.06578077199993],[39.661278759,-4.06680723799997],[39.6615078420001,-4.06811829399994],[39.6616339720001,-4.06933150999994],[39.660911485,-4.07007636199995],[39.6599035420001,-4.07026587399997],[39.659279078,-4.06937567099993],[39.659033331,-4.06853501199994],[39.6584291940001,-4.06795138399997],[39.657473435,-4.06783576899995],[39.65648435,-4.06766445199996],[39.65650213,-4.06668518499993],[39.657252284,-4.06557144499994],[39.6568275700001,-4.06440755499994],[39.65579296,-4.06493658299996],[39.6551033380001,-4.06532618199998],[39.654300483,-4.06472412599993],[39.6538786040001,-4.06389556199998],[39.6537977340001,-4.06260154899998],[39.653486367,-4.06167031499995],[39.65286961,-4.06103683799995],[39.6516055480001,-4.06035286399999],[39.650685314,-4.05965330599997],[39.6498647820001,-4.05914996199993],[39.648736023,-4.05899613799993],[39.6475807790001,-4.05875476599994],[39.6471187400001,-4.05751136699996],[39.6473375900001,-4.05642341099996],[39.647327691,-4.05489754799993],[39.647269518,-4.05401838999996],[39.6471858030001,-4.05309953799996],[39.647059212,-4.05230154199996],[39.646900665,-4.05151586699998],[39.646541825,-4.05026367799996],[39.6462372080001,-4.04916728999996],[39.6461708680001,-4.04824799999995],[39.6455611380001,-4.04760515999994],[39.6444667640001,-4.04689877399994],[39.6435709630001,-4.04572429999996],[39.6429485350001,-4.04432544199995],[39.6424432150001,-4.04316698299993],[39.6419259420001,-4.04231877899997],[39.6409412150001,-4.04171388999992],[39.640719459,-4.04088644699995],[39.6407536410001,-4.03985636099997],[39.64044131,-4.03875431499995],[39.639515939,-4.03792919199997]]],[[[40.719482422,-2.30200195299995],[40.7199096680001,-2.30548095699993],[40.716674805,-2.30389404299997],[40.7135009770001,-2.30322265599994],[40.7119140630001,-2.30041503899997],[40.711303711,-2.29821777299998],[40.711486816,-2.29547119099993],[40.713684082,-2.29742431599994],[40.716674805,-2.29760742199993],[40.720092773,-2.29937744099994],[40.719482422,-2.30200195299995]]],[[[40.7946777340001,-2.26702880899995],[40.7938842770001,-2.27020263699995],[40.7915039060001,-2.26910400399993],[40.7946777340001,-2.26702880899995]]],[[[40.7946777340001,-2.26702880899995],[40.794494629,-2.26232910199997],[40.797912598,-2.25897216799996],[40.8016967770001,-2.25909423799993],[40.799926758,-2.26202392599992],[40.7974853520001,-2.26470947299992],[40.7946777340001,-2.26702880899995]]],[[[40.749084473,-2.25848388699995],[40.748291016,-2.26251220699993],[40.7440795900001,-2.26019287099996],[40.7421264650001,-2.25781249999994],[40.745117188,-2.25708007799994],[40.749084473,-2.25848388699995]]],[[[40.895080566,-2.25567626999997],[40.8977050780001,-2.25878906299994],[40.9008789060001,-2.26287841799996],[40.9025268550001,-2.26721191399997],[40.903930664,-2.27142333999995],[40.9052734380001,-2.27398681599993],[40.907287598,-2.27709960899995],[40.909484863,-2.28082275399993],[40.911682129,-2.28417968699995],[40.9127197270001,-2.28692626999998],[40.914123535,-2.28991699199998],[40.9152832030001,-2.29290771499996],[40.9133300780001,-2.29699706999998],[40.9100952150001,-2.29791259799994],[40.9066772460001,-2.29730224599997],[40.903930664,-2.29638671899995],[40.9003295900001,-2.29541015599994],[40.8969116210001,-2.29479980499997],[40.8922729490001,-2.29479980499997],[40.8890991210001,-2.29492187499995],[40.8859252930001,-2.29510497999996],[40.881896973,-2.29602050799997],[40.878479004,-2.29650878899998],[40.874328613,-2.29791259799994],[40.8703002930001,-2.29919433599997],[40.86730957,-2.30010986299995],[40.864074707,-2.30151367199995],[40.859924316,-2.30328369099995],[40.856323242,-2.30511474599997],[40.852111816,-2.30761718799993],[40.848510742,-2.30987548799993],[40.8461303710001,-2.31152343799994],[40.8422851560001,-2.31469726599995],[40.838928223,-2.31738281199995],[40.836486816,-2.31970214799999],[40.8334960940001,-2.32299804699994],[40.8300781250001,-2.32629394499998],[40.827270508,-2.32891845699994],[40.8247070310001,-2.33117675799997],[40.8214721680001,-2.33312988299997],[40.8181152340001,-2.33361816399999],[40.8151245120001,-2.33270263699996],[40.8148803710001,-2.32958984399995],[40.81451416,-2.32562255899995],[40.8151245120001,-2.32147216799997],[40.81628418,-2.31652831999996],[40.81628418,-2.31237792999998],[40.815490723,-2.30841064499998],[40.81427002,-2.30480956999998],[40.81427002,-2.30169677699997],[40.8151245120001,-2.29718017599993],[40.8146972660001,-2.29278564499998],[40.817687988,-2.29162597699996],[40.8182983400001,-2.28692626999998],[40.8192749020001,-2.28338622999996],[40.821899414,-2.28057861299994],[40.825317383,-2.27880859399995],[40.8270874020001,-2.27661132799995],[40.8292846680001,-2.27850341799995],[40.832092285,-2.27960205099993],[40.836303711,-2.27990722699997],[40.8402709960001,-2.28051757799994],[40.844116211,-2.27880859399995],[40.841918945,-2.27502441399997],[40.8385009770001,-2.27258300799998],[40.836486816,-2.26940917999997],[40.837280273,-2.26519775399994],[40.840881348,-2.26367187499994],[40.8435058590001,-2.26000976599994],[40.847717285,-2.25939941399997],[40.8510742190001,-2.25750732399995],[40.8549194340001,-2.25817871099997],[40.857727051,-2.25982665999993],[40.8601074220001,-2.25817871099997],[40.8635253910001,-2.25891113299998],[40.8668823240001,-2.25872802699997],[40.8693237300001,-2.25799560499997],[40.8698730470001,-2.25549316399997],[40.8712768550001,-2.25848388699995],[40.873291016,-2.25720214799998],[40.8745117190001,-2.25390624999996],[40.8779296880001,-2.25628662099996],[40.8790893550001,-2.25238037099996],[40.8801269530001,-2.24951171899993],[40.8837280270001,-2.24932861299995],[40.8864746090001,-2.24871826199995],[40.8881225590001,-2.24627685499996],[40.8911132810001,-2.24822997999997],[40.8931274410001,-2.25177001999999],[40.895080566,-2.25567626999997]]],[[[40.815307617,-2.23748779299995],[40.8131103520001,-2.23797607399997],[40.8104858400001,-2.23730468699995],[40.812316895,-2.23522949199997],[40.8148803710001,-2.23498535199997],[40.8170776370001,-2.23638915999992],[40.815307617,-2.23748779299995]]],[[[40.984924316,-2.25701904299995],[40.987670898,-2.25872802699997],[40.9852905270001,-2.26190185499996],[40.981506348,-2.26501464799998],[40.978088379,-2.26867675799997],[40.975708008,-2.27282714799998],[40.9738769530001,-2.27532958999996],[40.9714965820001,-2.27850341799995],[40.970092773,-2.28149414099995],[40.969299316,-2.28540039099995],[40.969299316,-2.28869628899998],[40.966918945,-2.29040527299998],[40.964904785,-2.29278564499998],[40.9630737300001,-2.29528808599998],[40.960510254,-2.29791259799994],[40.960083008,-2.30120849599996],[40.958496094,-2.30529785199998],[40.956115723,-2.30822753899997],[40.951477051,-2.31188964799997],[40.9484863280001,-2.31402587899993],[40.9454956050001,-2.31561279299996],[40.941711426,-2.31707763699997],[40.9376831050001,-2.31811523399996],[40.93347168,-2.31860351599994],[40.929077148,-2.31970214799999],[40.925109863,-2.31970214799999],[40.9191284180001,-2.31732177699997],[40.9152832030001,-2.31512451199996],[40.9135131840001,-2.31219482399997],[40.912475586,-2.30828857399995],[40.914123535,-2.30438232399997],[40.916870117,-2.30242919899996],[40.919311523,-2.30047607399996],[40.921508789,-2.29888915999993],[40.922912598,-2.30151367199995],[40.9252929690001,-2.29980468699995],[40.922729492,-2.29541015599994],[40.9265136720001,-2.29052734399995],[40.929077148,-2.29382324199998],[40.93170166,-2.29180908199993],[40.9345092770001,-2.29052734399995],[40.9387207030001,-2.29119872999997],[40.942504883,-2.29370117199996],[40.948303223,-2.29479980499997],[40.9528808590001,-2.29528808599998],[40.9562988280001,-2.29498290999994],[40.959289551,-2.29138183599997],[40.961486816,-2.28808593699995],[40.96270752,-2.28509521499997],[40.9635009770001,-2.28100585899995],[40.960327148,-2.28198242199994],[40.9567260740001,-2.28552246099998],[40.9528808590001,-2.28619384799993],[40.950317383,-2.28387451199997],[40.946899414,-2.28289794899997],[40.944885254,-2.28082275399993],[40.9411010740001,-2.28118896499996],[40.9376831050001,-2.28179931599994],[40.934875488,-2.28320312499994],[40.9318847660001,-2.28210449199998],[40.928527832,-2.28070068399996],[40.9263305660001,-2.27770996099998],[40.924682617,-2.27447509799992],[40.9232788090001,-2.27191162099995],[40.9208984380001,-2.26928710899995],[40.9188842770001,-2.26568603499993],[40.9165039060001,-2.26239013699995],[40.914916992,-2.25988769499997],[40.9122924800001,-2.25732421899995],[40.909729004,-2.25439453099994],[40.908508301,-2.25152587899994],[40.9078979490001,-2.24780273399995],[40.9055175780001,-2.24371337899993],[40.905090332,-2.24011230499998],[40.9035034180001,-2.23742675799997],[40.9025268550001,-2.23272705099992],[40.9022827150001,-2.22692871099998],[40.902893066,-2.22277831999998],[40.90612793,-2.22271728499995],[40.9099121090001,-2.22332763699995],[40.9127197270001,-2.22430419899996],[40.9155273440001,-2.22570800799997],[40.9177246090001,-2.22760009799993],[40.9208984380001,-2.23059081999999],[40.925109863,-2.23321533199993],[40.928100586,-2.23669433599997],[40.93170166,-2.23712158199993],[40.935119629,-2.238098145],[40.9376831050001,-2.23931884799994],[40.9345092770001,-2.24279785199996],[40.9331054690001,-2.24737548799994],[40.9323120120001,-2.25170898399994],[40.9321289060001,-2.25640869099993],[40.9353027340001,-2.25897216799996],[40.9389038090001,-2.26092529299995],[40.93951416,-2.25738525399994],[40.935913086,-2.25451660199998],[40.93951416,-2.25012206999996],[40.941711426,-2.24670410199998],[40.942687988,-2.24322509799993],[40.944885254,-2.23968505899994],[40.9484863280001,-2.23840331999997],[40.9489135740001,-2.23541259799992],[40.94708252,-2.23242187499995],[40.949279785,-2.23229980499998],[40.952270508,-2.23309326199997],[40.9556884770001,-2.23321533199993],[40.958129883,-2.23748779299995],[40.9620971680001,-2.23907470699994],[40.9642944340001,-2.24200439499999],[40.9619140630001,-2.24548339799998],[40.958129883,-2.24859619099992],[40.954711914,-2.25140380899995],[40.95690918,-2.25408935499996],[40.957885742,-2.25732421899995],[40.9619140630001,-2.25842285199997],[40.9650878910001,-2.25622558599997],[40.9672851560001,-2.25170898399994],[40.972473145,-2.24957275399994],[40.9708862300001,-2.24499511699997],[40.969116211,-2.24011230499998],[40.970092773,-2.23687744099994],[40.972290039,-2.23437499999993],[40.9699096680001,-2.22937011699998],[40.9655151370001,-2.22607421899994],[40.9664916990001,-2.22277831999998],[40.9677124020001,-2.22070312499995],[40.9708862300001,-2.22271728499995],[40.9741210940001,-2.22460937499995],[40.97467041,-2.22778320299995],[40.975708008,-2.23089599599996],[40.9758911130001,-2.23468017599993],[40.977905273,-2.23822021499996],[40.9796752930001,-2.24108886699999],[40.9816894530001,-2.24481201199996],[40.984680176,-2.24920654299996],[40.984680176,-2.25311279299997],[40.984924316,-2.25701904299995]]],[[[40.9821166990001,-2.15161132799995],[40.979309082,-2.15350341799997],[40.9763183590001,-2.15161132799995],[40.9782714840001,-2.14837646499997],[40.978515625,-2.14477539099993],[40.982299805,-2.14202880899996],[40.9865112300001,-2.14300537099995],[40.989318848,-2.14550781199995],[40.987121582,-2.14868164099995],[40.98449707,-2.15008544899996],[40.9821166990001,-2.15161132799995]]],[[[41.026489258,-2.14141845699994],[41.0241088870001,-2.14440917999997],[41.0194702150001,-2.14160156199994],[41.0220947270001,-2.13861083999997],[41.026489258,-2.14141845699994]]],[[[41.082092285,-2.13507080099993],[41.078491211,-2.13610839799998],[41.0795288090001,-2.13281249999995],[41.082092285,-2.13507080099993]]],[[[41.132324219,-2.09509277299998],[41.1347045900001,-2.09930419899997],[41.136108398,-2.10430908199993],[41.1400756840001,-2.10650634799993],[41.1434936520001,-2.10589599599996],[41.145874023,-2.10388183599998],[41.1503295900001,-2.10528564499999],[41.1513061520001,-2.10827636699997],[41.153930664,-2.11041259799992],[41.1520996090001,-2.11462402299999],[41.148071289,-2.11499023399995],[41.1444702150001,-2.11572265599996],[41.1403198240001,-2.11529540999994],[41.137084961,-2.11431884799993],[41.133911133,-2.11230468799994],[41.1303100590001,-2.11102294899997],[41.1267089840001,-2.10827636699997],[41.1256713870001,-2.10461425799998],[41.128723145,-2.10150146499997],[41.130493164,-2.09802246099998],[41.132324219,-2.09509277299998]]],[[[41.132324219,-2.09509277299998],[41.1320800780001,-2.09161376999999],[41.134887695,-2.09381103499993],[41.132324219,-2.09509277299998]]],[[[41.1035156250001,-2.05267333999996],[41.1044921870001,-2.05432128899997],[41.106506348,-2.05517578099995],[41.10748291,-2.05731201199995],[41.1093139650001,-2.05920410199996],[41.1146850590001,-2.05902099599996],[41.119506836,-2.05859374999994],[41.1237182620001,-2.06219482399996],[41.127929688,-2.06561279299997],[41.1311035160001,-2.06848144499998],[41.134887695,-2.07208251999998],[41.137512207,-2.07379150399995],[41.140686035,-2.07189941399998],[41.1386718750001,-2.06872558599998],[41.1386718750001,-2.06518554699995],[41.142089844,-2.06817627],[41.145874023,-2.06982421899994],[41.150512695,-2.07080078099994],[41.1549072270001,-2.07159423799994],[41.159729004,-2.07391357399996],[41.162475586,-2.07678222699997],[41.1630859370001,-2.07971191399997],[41.16192627,-2.08312988299998],[41.16027832,-2.08587646499996],[41.159301758,-2.08911132799995],[41.157287598,-2.09222412099997],[41.1544799800001,-2.09442138699997],[41.1508789060001,-2.09710693399997],[41.1500854490001,-2.09271240199997],[41.1470947270001,-2.09399414099993],[41.1447143550001,-2.09661865199998],[41.1398925780001,-2.09588622999997],[41.1390991210001,-2.09020996099998],[41.1376953120001,-2.08679199199997],[41.135314941,-2.08422851599995],[41.13092041,-2.08258056599993],[41.127929688,-2.08239746099996],[41.124328613,-2.08129882799995],[41.1212768550001,-2.08050537099997],[41.118530273,-2.08099365199996],[41.1154785160001,-2.08020019499999],[41.1123046870001,-2.08032226599995],[41.1088867190001,-2.08319091799995],[41.106506348,-2.08758544899995],[41.1022949220001,-2.09191894499998],[41.0991210940001,-2.09490966799996],[41.0958862300001,-2.09887695299995],[41.0944824220001,-2.09967040999994],[41.0979003910001,-2.10351562499994],[41.100708008,-2.10479736299993],[41.1035156250001,-2.10552978499994],[41.1058959960001,-2.10791015599994],[41.105529785,-2.11120605499998],[41.1079101560001,-2.11340331999997],[41.107727051,-2.11749267599993],[41.1060791020001,-2.12078857399995],[41.1057128910001,-2.12420654299997],[41.107727051,-2.12640380899994],[41.1110839840001,-2.12890624999995],[41.113098145,-2.13299560499998],[41.110900879,-2.13659667999996],[41.1079101560001,-2.13848876999998],[41.104309082,-2.13970947299994],[41.0988769530001,-2.14038085899995],[41.093322754,-2.14019775399992],[41.0900878910001,-2.13842773399996],[41.087280273,-2.13659667999996],[41.0880737300001,-2.13317871099998],[41.0847167970001,-2.13201904299996],[41.083312988,-2.12921142599992],[41.083312988,-2.12597656199995],[41.083312988,-2.12231445299995],[41.0847167970001,-2.11950683599998],[41.082092285,-2.11798095699992],[41.079711914,-2.11499023399995],[41.0761108400001,-2.11492919899996],[41.0761108400001,-2.11840820299994],[41.0791015630001,-2.12030029299997],[41.0761108400001,-2.12261962899992],[41.0717163090001,-2.12341308599998],[41.0692749020001,-2.12658691399997],[41.073303223,-2.12719726599995],[41.0748901370001,-2.12969970699994],[41.0692749020001,-2.13110351599995],[41.065490723,-2.13238525399993],[41.062072754,-2.13397216799995],[41.056518555,-2.13659667999996],[41.051879883,-2.13421630899994],[41.053100586,-2.13220214799999],[41.053527832,-2.12951660199997],[41.054504395,-2.12670898399995],[41.05670166,-2.12261962899992],[41.053283691,-2.12170410199997],[41.053100586,-2.11730956999997],[41.052124023,-2.11157226599994],[41.0474853520001,-2.11102294899997],[41.043273926,-2.11120605499998],[41.0394897460001,-2.11090087899993],[41.035522461,-2.11132812499994],[41.0314941410001,-2.11340331999997],[41.028686523,-2.11621093799995],[41.026672363,-2.11987304699995],[41.022521973,-2.12249755899996],[41.0194702150001,-2.12371826199996],[41.014709473,-2.12561035199998],[41.0097045900001,-2.12579345699993],[41.006713867,-2.12902831999998],[41.0092773440001,-2.13110351599995],[41.012084961,-2.13269042999998],[41.0150756840001,-2.13507080099993],[41.0148925780001,-2.13897705099993],[41.0123291020001,-2.14019775399992],[41.0083007810001,-2.14080810499997],[41.004272461,-2.14062499999993],[41.0006713870001,-2.14062499999993],[40.995727539,-2.13952636699997],[40.992492676,-2.13647460899995],[40.9888916020001,-2.13500976599995],[40.9851074220001,-2.13348388699996],[40.98449707,-2.13012695299995],[40.9851074220001,-2.12731933599997],[40.98449707,-2.12408447299994],[40.983276367,-2.12017822299992],[40.9799194340001,-2.11981201199996],[40.9760742190001,-2.11840820299994],[40.972290039,-2.11761474599997],[40.9699096680001,-2.11608886699997],[40.970092773,-2.11260986299993],[40.9716796870001,-2.10821533199993],[40.9755249020001,-2.10552978499994],[40.9782714840001,-2.10479736299993],[40.982299805,-2.10339355499998],[40.986694336,-2.10211181599993],[40.99029541,-2.10101318399996],[40.9940795900001,-2.10229492199995],[40.9943237300001,-2.10650634799993],[40.9951171880001,-2.11029052699997],[40.997924805,-2.11297607399996],[41.0006713870001,-2.11358642599993],[41.0040893550001,-2.11517333999997],[41.0045166020001,-2.11187744099994],[41.003295898,-2.10852050799997],[41.003295898,-2.10461425799998],[41.004272461,-2.10058593699995],[41.006896973,-2.09851074199998],[41.011108398,-2.09887695299995],[41.0148925780001,-2.10052490199996],[41.018920898,-2.10198974599995],[41.022277832,-2.09960937499994],[41.024719238,-2.09741210899994],[41.0275268550001,-2.09637451199997],[41.0297241210001,-2.09417724599996],[41.033508301,-2.09307861299994],[41.03692627,-2.09179687499994],[41.0396728520001,-2.09100341799997],[41.0429077150001,-2.08880615199996],[41.045471191,-2.08642578099997],[41.0493164060001,-2.08807372999997],[41.0538940430001,-2.08862304699994],[41.0573120120001,-2.08990478499993],[41.0615234370001,-2.09179687499994],[41.061279297,-2.08758544899995],[41.059692383,-2.08520507799994],[41.063293457,-2.08441162099995],[41.0673217770001,-2.08221435499998],[41.070129395,-2.08099365199996],[41.0737304690001,-2.08001708999997],[41.0770874020001,-2.07769775399994],[41.0791015630001,-2.07452392599993],[41.079711914,-2.07159423799994],[41.08190918,-2.06811523399996],[41.0792846680001,-2.06549072299993],[41.0781250000001,-2.06347656299995],[41.0806884770001,-2.06121826199995],[41.082092285,-2.05871581999998],[41.0825195310001,-2.05468749999995],[41.0844726560001,-2.05108642599994],[41.0858764650001,-2.05462646499995],[41.091674805,-2.05511474599997],[41.0969238280001,-2.05621337899993],[41.0971069340001,-2.05340576199995],[41.099914551,-2.05230712899994],[41.1035156250001,-2.05267333999996]]],[[[41.112670898,-2.05480956999999],[41.111694336,-2.05621337899993],[41.109680176,-2.05590820299995],[41.108276367,-2.05389404299997],[41.108276367,-2.05187988299998],[41.109680176,-2.05090331999998],[41.1113281250001,-2.05120849599996],[41.1124877930001,-2.05291747999997],[41.112670898,-2.05480956999999]]],[[[41.1035156250001,-2.05267333999996],[41.1027221680001,-2.05072021499996],[41.103881836,-2.04937744099993],[41.105529785,-2.04992675799997],[41.1060791020001,-2.05242919899996],[41.1035156250001,-2.05267333999996]]],[[[40.9357299800001,-2.01062011699997],[40.9353027340001,-2.01342773399995],[40.931518555,-2.01281738299997],[40.9357299800001,-2.01062011699997]]],[[[41.2135009770001,-2.01141357399996],[41.2142944340001,-2.01550292999998],[41.211303711,-2.01470947299993],[41.208129883,-2.01428222699998],[41.2042846680001,-2.01251220699992],[41.2028808590001,-2.00982665999993],[41.20489502,-2.00640869099994],[41.2086791990001,-2.00659179699995],[41.2111206050001,-2.00988769499999],[41.2135009770001,-2.01141357399996]]],[[[41.258117676,-2.02722167999996],[41.25592041,-2.02990722699997],[41.253479004,-2.02789306599995],[41.25592041,-2.02471923799994],[41.2597045900001,-2.01971435499997],[41.261108398,-2.01647949199998],[41.2619018550001,-2.01361083999996],[41.2639160160001,-2.01147460899996],[41.26550293,-2.00909423799992],[41.2684936520001,-2.00659179699995],[41.27130127,-2.00299072299993],[41.2736816410001,-1.99871826199996],[41.276916504,-1.99578857399997],[41.2827148440001,-1.99041747999996],[41.284484863,-1.98657226599993],[41.2880859380001,-1.98217773399996],[41.292114258,-1.97790527299999],[41.2960815430001,-1.97308349599995],[41.299926758,-1.97698974599996],[41.2971191410001,-1.97937011699999],[41.2938842770001,-1.98168945299994],[41.2916870120001,-1.98400878899997],[41.290100098,-1.98699951199996],[41.287902832,-1.99151611299994],[41.284301758,-1.99499511699997],[41.2816772460001,-1.99841308599997],[41.2799072270001,-2.00128173799993],[41.277893066,-2.00390624999993],[41.274475098,-2.00701904299996],[41.271118164,-2.01019287099995],[41.2672729490001,-2.01379394499997],[41.2648925780001,-2.01751708999996],[41.263305664,-2.02001953099995],[41.2606811520001,-2.02307128899998],[41.258117676,-2.02722167999996]]],[[[39.639515939,-4.03792919199997],[39.639110024,-4.03914840299996],[39.638763452,-4.03996354999993],[39.6379366670001,-4.04025342099993],[39.6370861,-4.04069056099997],[39.6362712970001,-4.04083297099992],[39.6351937100001,-4.04086072299999],[39.6343184960001,-4.04087929499996],[39.633356271,-4.04088350699994],[39.6321742530001,-4.04091939299997],[39.630902877,-4.04083817499998],[39.629876849,-4.04066070099998],[39.629058652,-4.04148742699994],[39.628153711,-4.04232017399994],[39.6272709890001,-4.04303019599996],[39.626305863,-4.04362175099992],[39.6253552380001,-4.04396122399992],[39.6244936160001,-4.04388920899993],[39.6238859910001,-4.04327991999999],[39.6227252250001,-4.04334234199997],[39.621504981,-4.04331092799994],[39.620269152,-4.04352406899994],[39.6202585500001,-4.04229069699995],[39.6192230240001,-4.04162276899996],[39.6184827930001,-4.04130333499996],[39.6177351790001,-4.04093378599992],[39.616615231,-4.04048292199997],[39.61483501,-4.04014056499994],[39.6136654150001,-4.04027030799996],[39.612727164,-4.04043822199997],[39.6116818460001,-4.04065449599994],[39.6105543,-4.04094511899997],[39.609248156,-4.04130940199996],[39.608415934,-4.04161070999994],[39.607559898,-4.04186752599999],[39.606479312,-4.04193503499994],[39.605398533,-4.04201866199998],[39.6045062220001,-4.04199871499998],[39.603720906,-4.04199380499995],[39.6029267420001,-4.04228007799997],[39.6020169980001,-4.04230452499997],[39.601094302,-4.04212640699997],[39.5997955560001,-4.04195559599998],[39.598808681,-4.04187665799999],[39.5975784180001,-4.04181771599997],[39.596175257,-4.04181230199993],[39.594998752,-4.04179855699994],[39.59397547,-4.04179477099996],[39.5930613030001,-4.04181218899993],[39.5919648490001,-4.04189713199999],[39.590914507,-4.04209584299998],[39.5901105250001,-4.04231965499997],[39.589328016,-4.04255802299998],[39.588287945,-4.04306628199994],[39.587283808,-4.04345664099999],[39.5864983000001,-4.04360299099996],[39.585569987,-4.04357161999998],[39.5845229760001,-4.04313857999994],[39.5837453670001,-4.04242519999997],[39.583486151,-4.04148928799999],[39.5834913320001,-4.04039469599996],[39.5838331370001,-4.03948140999995],[39.5844652120001,-4.03857803999994],[39.5849402760001,-4.03755088599997],[39.585240614,-4.03655857299998],[39.585375244,-4.03560372399995],[39.585502488,-4.03453018199997],[39.5858942500001,-4.03319900599998],[39.5861532810001,-4.03225764299998],[39.5862263240001,-4.03136971499994],[39.5862158140001,-4.03018080899994],[39.586007846,-4.02895998199994],[39.584923984,-4.02783135799995],[39.584457807,-4.02673336099997],[39.583676611,-4.02589544499994],[39.58222576,-4.02551566699998],[39.5809836620001,-4.02495985899998],[39.5801998310001,-4.02461455799995],[39.5791577040001,-4.02452944999994],[39.5780500160001,-4.02467510599997],[39.576926158,-4.02469830199994],[39.576171947,-4.02448707699996],[39.575144111,-4.02402474799994],[39.573731948,-4.02361019499994],[39.5728072420001,-4.02294166899998],[39.5721320910001,-4.02215304699997],[39.5712927590001,-4.02126268099994],[39.570602804,-4.02070829299994],[39.569879239,-4.02037225699996],[39.5686982650001,-4.02018186599996],[39.567817517,-4.01972798299993],[39.567257044,-4.01895307799994],[39.566772509,-4.01803918599996],[39.5667284680001,-4.01663546099998],[39.566594578,-4.01565689199992],[39.5659530200001,-4.01447339199996],[39.564693751,-4.01344646199995],[39.5642196710001,-4.01268641599994],[39.5635582630001,-4.01349008799997],[39.5632362540001,-4.01420583099998],[39.5633811800001,-4.01507365599998],[39.563040793,-4.01616012299996],[39.5628527120001,-4.01774352999996],[39.562467586,-4.01880816099993],[39.5625161510001,-4.01994280899994],[39.5630760080001,-4.02075439099998],[39.5636520240001,-4.02132273199993],[39.564385153,-4.02209809099999],[39.5654849920001,-4.02263966899995],[39.566672301,-4.02293739199996],[39.567773813,-4.02356049699996],[39.5684671020001,-4.02389419299993],[39.5692915710001,-4.02421711399995],[39.5703872190001,-4.02470210899997],[39.571494664,-4.02536394299995],[39.572354305,-4.02602864599993],[39.573200242,-4.02670323899997],[39.5741634610001,-4.02742778599996],[39.575256352,-4.02825214599995],[39.5761603830001,-4.02896594299996],[39.5770377580001,-4.02970834899997],[39.5778689530001,-4.03064901299996],[39.5785751330001,-4.03155375499996],[39.5790462420001,-4.03222487999993],[39.5795421490001,-4.03292416099993],[39.579952227,-4.03369534899996],[39.580393487,-4.03461742199993],[39.5808116960001,-4.03575324899994],[39.5809021170001,-4.03662561499993],[39.5809197580001,-4.03754292699996],[39.580476451,-4.03894614299999],[39.579586492,-4.03986646599999],[39.5792160240001,-4.04055172399995],[39.5790340460001,-4.04136117399997],[39.5789551760001,-4.04254961799996],[39.5789298830001,-4.04448509899994],[39.578922258,-4.04569862999995],[39.578865039,-4.04885362999994],[39.578808774,-4.05235791099995],[39.578811633,-4.05340575499996],[39.578817352,-4.05592678599994],[39.578823071,-4.05844781799993],[39.5788154460001,-4.06155300499996],[39.5788078210001,-4.06465819299996],[39.5788078210001,-4.06749203599998],[39.5788078210001,-4.07032587999993],[39.578850758,-4.07116091099995],[39.5787868520001,-4.07428766099998],[39.5787086330001,-4.07713606799995],[39.5786819460001,-4.07821037999997],[39.5786209140001,-4.07924826299996],[39.578609477,-4.08102739599998],[39.5785636960001,-4.08287252099995],[39.5785636960001,-4.08372914599994],[39.5785818210001,-4.08482847399995],[39.5786647890001,-4.08589205199997],[39.5787496410001,-4.08696484099995],[39.578928961,-4.08787322399998],[39.579165414,-4.08882610699993],[39.57946393,-4.08971130199997],[39.5796890390001,-4.09048564599994],[39.5801124610001,-4.09152455999993],[39.5807546020001,-4.09238347899998],[39.5815529920001,-4.09310012299996],[39.5823326020001,-4.09383020899998],[39.582861914,-4.09473316199996],[39.583326352,-4.09585033399999],[39.5836777740001,-4.09678720099993],[39.584075946,-4.09816295899998],[39.584304821,-4.09904820899994],[39.584468852,-4.09999758399994],[39.58464718,-4.10131819299995],[39.584682446,-4.10273158399997],[39.5845832890001,-4.10378086499997],[39.584463133,-4.10472320899993],[39.584304789,-4.10561545899998],[39.584075914,-4.10646495899994],[39.58376693,-4.10757147399996],[39.5834751020001,-4.10861361499996],[39.5832042580001,-4.10947741199994],[39.582820946,-4.11024842699994],[39.5813375240001,-4.11248599499993],[39.581835702,-4.11341799299993],[39.582092259,-4.11474540599995],[39.582973651,-4.11419981599995],[39.582839608,-4.11317506099994],[39.5827317390001,-4.11231210999995],[39.5832504620001,-4.11143964099996],[39.583938602,-4.11106273399997],[39.5849950830001,-4.11114744299995],[39.5859654270001,-4.11047833899995],[39.5869648,-4.11034032999993],[39.5879689330001,-4.11030701699997],[39.588737499,-4.10963124999995],[39.588737499,-4.10860570299996],[39.5883853390001,-4.10786093199995],[39.588045869,-4.10715661099994],[39.587988309,-4.10625513499997],[39.5888612310001,-4.10610964799998],[39.5900521510001,-4.10670665499993],[39.591244771,-4.10644005299997],[39.592282896,-4.10570038099997],[39.5926429880001,-4.10472321599996],[39.592366177,-4.10351603599997],[39.5916753400001,-4.10261342699994],[39.590934217,-4.10203220399996],[39.590255595,-4.10127458399995],[39.58971403,-4.10034754599998],[39.589144387,-4.09952567999994],[39.588777157,-4.09836846899997],[39.5880902860001,-4.09720570499997],[39.5879475180001,-4.09624535499996],[39.588366303,-4.09526168599995],[39.588418651,-4.09434559299997],[39.588304437,-4.09340570599995],[39.5879927280001,-4.09210176199997],[39.5869790770001,-4.09115235699995],[39.585944012,-4.09070501799994],[39.5849517770001,-4.09033620199995],[39.5843059910001,-4.08947626399993],[39.584366905,-4.08850734799996],[39.5848447010001,-4.08760378699999],[39.585180205,-4.08685267099999],[39.5855756710001,-4.08609933299994],[39.5856537180001,-4.08480395499994],[39.585606128,-4.08359994799998],[39.5855942310001,-4.08237690499995],[39.5858202800001,-4.08110151399997],[39.586415145,-4.08046857699998],[39.587162296,-4.07993081899997],[39.5878770860001,-4.07920651099994],[39.587729401,-4.07818508799994],[39.5866768860001,-4.07699456399997],[39.58634971,-4.07588930399994],[39.5871327900001,-4.07520901599997],[39.5879380000001,-4.07501485199998],[39.5887089450001,-4.07480545999994],[39.589636935,-4.07448185299995],[39.5905173360001,-4.07401071999993],[39.5912359330001,-4.07325880999996],[39.591783209,-4.07229750799997],[39.5921139540001,-4.07142186599997],[39.5922805160001,-4.07027258699997],[39.5923328640001,-4.06946594899995],[39.5929467650001,-4.06851654499996],[39.594053215,-4.06774321999996],[39.594771812,-4.06720070299998],[39.594765013,-4.06643247699999],[39.594038938,-4.06607442399997],[39.5929430260001,-4.06595658399993],[39.592177803,-4.06499494199996],[39.592078262,-4.06391704599996],[39.5921877170001,-4.06314134199993],[39.592887279,-4.06276538699995],[39.59372009,-4.06268924499996],[39.594590973,-4.06256075399995],[39.595402369,-4.06252744099993],[39.5962914940001,-4.06252744099993],[39.5970998770001,-4.06266259499994],[39.5978555930001,-4.06293432899999],[39.5986360570001,-4.06285104799997],[39.5993562400001,-4.06254964999994],[39.6004741900001,-4.06209080999997],[39.6017156080001,-4.06132396299995],[39.602519337,-4.06161372799994],[39.603316116,-4.06181496299997],[39.6041780420001,-4.06227585599994],[39.605537138,-4.06271734799998],[39.6065175910001,-4.06213661699996],[39.6070148110001,-4.06120531499993],[39.6081711680001,-4.06121745899999],[39.6091467470001,-4.06139195199996],[39.610176261,-4.06158072299996],[39.6113203850001,-4.06203202699994],[39.612260668,-4.06284500999994],[39.6125969660001,-4.06371430599996],[39.6132657530001,-4.06451253599994],[39.614351421,-4.06452490899994],[39.6152881360001,-4.06375634299998],[39.6161128570001,-4.06308612899994],[39.6170812300001,-4.06277339899997],[39.6178714370001,-4.06287832199996],[39.618798521,-4.06300454699995],[39.6197600950001,-4.06369907799997],[39.6209079130001,-4.06371107699994],[39.6210789510001,-4.06274189999993],[39.6205919540001,-4.06195350499996],[39.6200399190001,-4.06134436299995],[39.6191904520001,-4.06050441299993],[39.6182206520001,-4.06002682199995],[39.6170822490001,-4.06032674699998],[39.6159377290001,-4.06083991699995],[39.614995462,-4.06131263699996],[39.614155512,-4.06162989799998],[39.613246082,-4.06154614099996],[39.6127183180001,-4.06091843999996],[39.6132632150001,-4.06037671599996],[39.614015124,-4.06024029299993],[39.6148431770001,-4.06002376199995],[39.61558081,-4.05962639199993],[39.6162537210001,-4.05906579099997],[39.616968828,-4.05854611699994],[39.617843677,-4.05801073799995],[39.618990577,-4.05771211599994],[39.620201723,-4.05759909199997],[39.621214421,-4.05784941099995],[39.6224848160001,-4.05846521499996],[39.6233759240001,-4.05909815199994],[39.6242063560001,-4.05975488299994],[39.6253794300001,-4.06052202099993],[39.626477789,-4.06103027399995],[39.6275352210001,-4.06128884199996],[39.6285179390001,-4.06131580999994],[39.629345991,-4.06124680499995],[39.6301669050001,-4.06089464499996],[39.6308807440001,-4.06043064999996],[39.631561269,-4.05989765099998],[39.6322037240001,-4.05940272299994],[39.632893768,-4.05887924199993],[39.6335838110001,-4.05840334899995],[39.6344261400001,-4.05793221599993],[39.635330336,-4.05756101999999],[39.6361092120001,-4.05722948199998],[39.6370800330001,-4.05645536399993],[39.6374937410001,-4.05528149699996],[39.637448056,-4.05422184299994],[39.637003097,-4.05333271799999],[39.6363661940001,-4.05259746499996],[39.6360366960001,-4.05162528499995],[39.6362868790001,-4.05038456599993],[39.6365057890001,-4.04950416499998],[39.637081347,-4.04853973599996],[39.638113247,-4.04881041999993],[39.6384188760001,-4.04981254399997],[39.6383213180001,-4.05094730899998],[39.638363355,-4.05210888199998],[39.6387492810001,-4.05308695399998],[39.638913804,-4.05400991299995],[39.6389656230001,-4.05501076699995],[39.639413491,-4.05613096399998],[39.640155882,-4.05715809799995],[39.6406898330001,-4.05823773899994],[39.6410727680001,-4.05956928499995],[39.64140272,-4.06084467599993],[39.6417351650001,-4.06187192399995],[39.6413947880001,-4.06299174299994],[39.6413384740001,-4.06418781899992],[39.641263521,-4.06543465699998],[39.641632734,-4.06651255199995],[39.6420665900001,-4.06735963999996],[39.6426043480001,-4.06833046099996],[39.643261872,-4.06893484399996],[39.643953502,-4.06953208799996],[39.6443770460001,-4.07018643999993],[39.6448339030001,-4.07088838099998],[39.6457392880001,-4.07146896999995],[39.6467882330001,-4.07207731799997],[39.647651184,-4.07279670899992],[39.648487168,-4.07349928399998],[39.6487876150001,-4.07444281999994],[39.6485351540001,-4.07536533699994],[39.6477772960001,-4.07557353999994],[39.646851686,-4.07591856199997],[39.646340895,-4.07676326999996],[39.646136658,-4.07769720899995],[39.6460394960001,-4.07865097599994],[39.6461738960001,-4.07966478499999],[39.6472541790001,-4.07868278099993],[39.6475869390001,-4.07762939399993],[39.6485006520001,-4.07705594399994],[39.6490027180001,-4.07633813999996],[39.649504785,-4.07529276299994],[39.649997333,-4.07404830499998],[39.650743124,-4.07276736199997],[39.6517574540001,-4.07239457999999],[39.652788441,-4.07220184399996],[39.6537949530001,-4.07301799899995],[39.654569071,-4.07393329799994],[39.6554209180001,-4.07481528499995],[39.6561030300001,-4.07529752199997],[39.656799736,-4.07592379599993],[39.6573498670001,-4.07671092199997],[39.6581017770001,-4.07735813499994],[39.659065459,-4.07826827899993],[39.66005928,-4.07905389799993],[39.66091192,-4.07944016399995],[39.6618652060001,-4.07979511899994],[39.662967775,-4.07998981899994],[39.664499354,-4.08030866699995],[39.665887373,-4.08063567299997],[39.667743353,-4.08061799699994],[39.6691900650001,-4.08058944299996],[39.670002889,-4.08075695699996],[39.6708461700001,-4.08080835399994],[39.6717765390001,-4.08075124699996],[39.6727465660001,-4.08077345499994],[39.6735084470001,-4.08104901899999],[39.674298768,-4.08220509699994],[39.674112694,-4.08321636799998],[39.673764975,-4.08389847999997],[39.6734369270001,-4.08475635499997],[39.6732613230001,-4.08579808299993],[39.673332707,-4.08698186499994],[39.673755457,-4.08806095099993],[39.674179795,-4.08897228399996],[39.674291629,-4.09004066199998],[39.674177415,-4.09112331699993],[39.673701523,-4.09248198899996],[39.6733065330001,-4.09345280899992],[39.6728877470001,-4.09449025399994],[39.672392819,-4.09567522599997],[39.671893133,-4.09672218899995],[39.6714457940001,-4.09761686599995],[39.6709984550001,-4.09845919499997],[39.67049401,-4.09927297099996],[39.6699158010001,-4.10027234499995],[39.669237654,-4.10149062899995],[39.6688569410001,-4.10218543099996],[39.6684952620001,-4.10286119799998],[39.668133584,-4.10353696499993],[39.6677147990001,-4.10419369599992],[39.6671675230001,-4.10504078399993],[39.6666488010001,-4.10579269399995],[39.666068212,-4.10653508599995],[39.6653710300001,-4.10749400899994],[39.664463776,-4.10880441199993],[39.663514257,-4.10981755199993],[39.6630415380001,-4.11092250499998],[39.6630502630001,-4.11205702099995],[39.662667249,-4.11343671199996],[39.6623586330001,-4.11458718199998],[39.6619374680001,-4.11525818999996],[39.661197456,-4.11611955499996],[39.6605193090001,-4.11713082499994],[39.660100524,-4.11789939099999],[39.6596833250001,-4.11870840799998],[39.659086874,-4.11938655399997],[39.658537218,-4.12017177699994],[39.658214801,-4.12109500699995],[39.6578281390001,-4.12195875199996],[39.6573165550001,-4.12257899799994],[39.656766899,-4.12317227699999],[39.656171241,-4.12387183799996],[39.655927901,-4.12466086799996],[39.655760387,-4.12551723599995],[39.6548330320001,-4.12651526099995],[39.654339373,-4.12773084799995],[39.6542042200001,-4.12887822399995],[39.6540725560001,-4.12968565499996],[39.653718493,-4.13063870799996],[39.6531072880001,-4.13221422799996],[39.6526766060001,-4.13328022699994],[39.6523672760001,-4.13408924399994],[39.6519858820001,-4.13506686199998],[39.651577295,-4.13612447599997],[39.651515429,-4.13715622899997],[39.651038177,-4.13801603399998],[39.650612424,-4.13908968099997],[39.6501619920001,-4.13986086399996],[39.649898453,-4.14073587099994],[39.6492977710001,-4.14147889799996],[39.6489134880001,-4.14220915399993],[39.6482333590001,-4.14301698099996],[39.647614065,-4.14399160799996],[39.647097246,-4.14491103199992],[39.646766025,-4.14566865299998],[39.646433852,-4.14657475099995],[39.6457047850001,-4.14772355499997],[39.6451575090001,-4.14852781299993],[39.644465086,-4.14958191399995],[39.64396064,-4.15081685399998],[39.6435156810001,-4.15181146899994],[39.6426837290001,-4.15244291999995],[39.6417309340001,-4.15450612199993],[39.6405420230001,-4.15641208699998],[39.639941853,-4.15716229999991],[39.6389558600001,-4.15904140299995],[39.638241372,-4.16079189899994],[39.6384087660001,-4.16160335399996],[39.6373750550001,-4.16243879399996],[39.6365123100001,-4.16374273499997],[39.6359693000001,-4.16467156999993],[39.6353405500001,-4.16564327399993],[39.6347118,-4.16661497699994],[39.6342286180001,-4.16761850899997],[39.633745436,-4.16862204099994],[39.6333556080001,-4.16943168499995],[39.632861276,-4.17062325599994],[39.632239672,-4.17224514399994],[39.6317395300001,-4.17355980199995],[39.630867854,-4.17533173199996],[39.6299961790001,-4.17710366299996],[39.629546051,-4.17800391799995],[39.628595782,-4.17941860399998],[39.6276455130001,-4.18070468299994],[39.6270524880001,-4.18147632999996],[39.6264773250001,-4.18242302699997],[39.6250805010001,-4.18394845899997],[39.624023058,-4.18504877099998],[39.622837008,-4.18640629799995],[39.621650958,-4.18776382599998],[39.620793572,-4.18936427899997],[39.6199361860001,-4.19096473199994],[39.6194217550001,-4.19196501599992],[39.6187501360001,-4.19329396399997],[39.618178545,-4.19432282599997],[39.6177641420001,-4.19502302499997],[39.616606672,-4.19653773999994],[39.615342028,-4.19821678699999],[39.6148490310001,-4.19883839099999],[39.614438723,-4.19952733299995],[39.614067189,-4.20039900799998],[39.613548662,-4.20169634399997],[39.6130985350001,-4.20281808999994],[39.6128091670001,-4.20401128499998],[39.6124590680001,-4.20526163999995],[39.611976789,-4.20639767599995],[39.6115909650001,-4.20725506099995],[39.611526661,-4.20811244699997],[39.611190852,-4.20911272999996],[39.610819318,-4.21005585499996],[39.610519233,-4.21132764399993],[39.610276307,-4.21237079599995],[39.610119119,-4.21355684699996],[39.609961932,-4.21474289699997],[39.6097904550001,-4.21570031099999],[39.609533239,-4.21699353399993],[39.6093046030001,-4.21775803699995],[39.6087786200001,-4.21842942599996],[39.6085186660001,-4.21920130299997],[39.6084043480001,-4.21996580499996],[39.6082185810001,-4.22083033599995],[39.607775598,-4.22171630099996],[39.6073040360001,-4.22265942499995],[39.6071539940001,-4.22355967999994],[39.6071539940001,-4.22462426699998],[39.6071397040001,-4.22558168099994],[39.6070896900001,-4.22657481999994],[39.6068467640001,-4.22731788799997],[39.6063823470001,-4.22831102599997],[39.6058750600001,-4.22913268699996],[39.6055559220001,-4.22996149399995],[39.6051716070001,-4.23077753899997],[39.604830823,-4.23147671799997],[39.6045318220001,-4.23234788399999],[39.6040173910001,-4.23309809599994],[39.603552974,-4.23388403299999],[39.6030814120001,-4.23499148999998],[39.6028027610001,-4.23626327899996],[39.6026455740001,-4.23723498299996],[39.6024312270001,-4.23846390199998],[39.6022168810001,-4.23969282199995],[39.6016024210001,-4.24280798999997],[39.600995106,-4.24619466399998],[39.601016541,-4.24700917999996],[39.6008396610001,-4.24776180599998],[39.600662782,-4.24851443199998],[39.6004342190001,-4.24932928799995],[39.60011867,-4.25042020599993],[39.59961479,-4.25177899599993],[39.5991238140001,-4.25268342699996],[39.5984576930001,-4.25347588099994],[39.59773032,-4.25428173399997],[39.5971198120001,-4.25487191499997],[39.597896372,-4.25556365599994],[39.5979896860001,-4.25696336999995],[39.5980614660001,-4.25818363399997],[39.5982193830001,-4.25895885999995],[39.598377299,-4.25973408699997],[39.598362943,-4.26069594199992],[39.598348587,-4.26165779699993],[39.5982911630001,-4.26323696199994],[39.5982337390001,-4.26481612699997],[39.597946618,-4.26630915499993],[39.597659497,-4.26780218399996],[39.597113967,-4.26930956799992],[39.5965684380001,-4.27081695299996],[39.5954199540001,-4.27314263199998],[39.594099198,-4.27576978799994],[39.59358238,-4.27667421899997],[39.592936358,-4.27818160399995],[39.5922903360001,-4.27968898899997],[39.5919745040001,-4.28075133599999],[39.5916586710001,-4.28181368299994],[39.5910413610001,-4.28330671199996],[39.5904240510001,-4.28479973999992],[39.5897780290001,-4.28624970099998],[39.589132007,-4.28769966099997],[39.5885434090001,-4.28896299299994],[39.5875959100001,-4.29074673199994],[39.5869642440001,-4.29184855799997],[39.586404358,-4.29292526199994],[39.5859040120001,-4.29401769799996],[39.5854015510001,-4.29515182599995],[39.5848969740001,-4.29627021999994],[39.584538072,-4.29705980199997],[39.584193527,-4.29783502899994],[39.5838346260001,-4.29868203499996],[39.5835331490001,-4.29950750799998],[39.583267563,-4.30048371899995],[39.582872771,-4.30160349099999],[39.5825282260001,-4.30257252399998],[39.582226749,-4.30329032599997],[39.581925272,-4.30400812799997],[39.5813653870001,-4.30504176299995],[39.580805501,-4.30607539799997],[39.580346107,-4.30689369299996],[39.5798867140001,-4.30771198699995],[39.5790684200001,-4.30944906899993],[39.5782501250001,-4.31118614999998],[39.577790732,-4.31227720999993],[39.5773313380001,-4.31336826899998],[39.5769724370001,-4.31421527599997],[39.576613536,-4.31506228199994],[39.5759675140001,-4.31669887099998],[39.5753214920001,-4.31833545999995],[39.5746180460001,-4.32007254199994],[39.5739146000001,-4.32180962299998],[39.57267998,-4.32465211999995],[39.57144536,-4.32749461699996],[39.571029035,-4.32860003199994],[39.570612709,-4.32970544799998],[39.569981043,-4.33116976399999],[39.5693206650001,-4.33289248899996],[39.5691771050001,-4.33391894699998],[39.568861272,-4.33499564999995],[39.568430591,-4.33596468299994],[39.5677558560001,-4.33747206799997],[39.567081122,-4.33897945199993],[39.566535593,-4.34019971599996],[39.5659900630001,-4.34141997999995],[39.56560245,-4.34249668299999],[39.5647267310001,-4.34506641499997],[39.5639443270001,-4.34755718899993],[39.5637433420001,-4.34873438499995],[39.5634633990001,-4.34974648599997],[39.563248059,-4.35054324599998],[39.562779904,-4.35216417899995],[39.5623348660001,-4.35368591899994],[39.5621426430001,-4.35461318499995],[39.561999083,-4.35537405499997],[39.5619129460001,-4.35620670599997],[39.5618268100001,-4.35703935599999],[39.5616258250001,-4.35795814299997],[39.5614248410001,-4.35887692999996],[39.561166432,-4.35971675899998],[39.560800353,-4.36072885999994],[39.5598600320001,-4.36322681099995],[39.5588622870001,-4.36578218699998],[39.55841725,-4.36699527299993],[39.5579435000001,-4.36798583999997],[39.5574769290001,-4.36902665299993],[39.5571467400001,-4.36981623599996],[39.556572498,-4.37080680299995],[39.5559982560001,-4.37179736999997],[39.555538863,-4.37268744499995],[39.5550794690001,-4.37357751899999],[39.554706212,-4.37430967799998],[39.5541678600001,-4.37532895699997],[39.553557728,-4.37642719399997],[39.553213183,-4.37713781899993],[39.552093412,-4.37992289099998],[39.5509736400001,-4.38270796399998],[39.5500835660001,-4.38520591599997],[39.549193491,-4.38770386699998],[39.548877658,-4.38860829799995],[39.548561825,-4.38951272899994],[39.54832495,-4.39041715999997],[39.547714818,-4.39275719499995],[39.5471836450001,-4.39479575299992],[39.5469683040001,-4.39561404799998],[39.546810388,-4.39647540999995],[39.546709895,-4.39727934899997],[39.546681183,-4.39842783199993],[39.5464514860001,-4.39987779299998],[39.5460208050001,-4.40091142799997],[39.545683438,-4.40187328299994],[39.5453891390001,-4.40261261899996],[39.545209689,-4.40340220199994],[39.5451594420001,-4.40419896199995],[39.5451379080001,-4.40506750299994],[39.545044594,-4.40605089199994],[39.5446928710001,-4.40710964999995],[39.5446856930001,-4.40813969699997],[39.544549311,-4.40898670299993],[39.5443698600001,-4.40975475199998],[39.544168875,-4.41074531899995],[39.5441545190001,-4.41153490099992],[39.544211944,-4.41233883999996],[39.543867398,-4.41321455799994],[39.5434223610001,-4.41407592099995],[39.5430419260001,-4.41530336299997],[39.5430203920001,-4.41664565299994],[39.5430706380001,-4.41799512099994],[39.5429199000001,-4.41965324399996],[39.542647135,-4.42094528799991],[39.5421877410001,-4.42188560899997],[39.542431794,-4.42276132799999],[39.542923489,-4.42373753899995],[39.5423025900001,-4.42473169499995],[39.5418374540001,-4.42558659699995],[39.541925743,-4.42681930299994],[39.5413156120001,-4.42785413499996],[39.5408899550001,-4.42878225299995],[39.540249675,-4.42939381999997],[39.5399769100001,-4.43077200099998],[39.5397759260001,-4.43219324899998],[39.5392842310001,-4.43323047299998],[39.5388978140001,-4.43448303799994],[39.5379986470001,-4.43561572999995],[39.537005209,-4.43606938099991],[39.5359697800001,-4.43630266699996],[39.534318834,-4.43615910599993],[39.5330314560001,-4.43578943799998],[39.5328527230001,-4.43444714799995],[39.532669684,-4.43329866399995],[39.532851527,-4.43237509199997],[39.533322884,-4.43126010599997],[39.5335597590001,-4.43021211499995],[39.5340335080001,-4.42943688899993],[39.534507257,-4.42874061999994],[39.534952295,-4.42785054599995],[39.5351934760001,-4.42697339099993],[39.5353722090001,-4.42605962899996],[39.535784945,-4.42511571899997],[39.5358064800001,-4.423920578],[39.536000286,-4.42289053199994],[39.536072066,-4.42207223799996],[39.5359572180001,-4.42098117799998],[39.5361151340001,-4.41997625499994],[39.536011053,-4.41885648399995],[39.5358567260001,-4.41797358699995],[39.5357921230001,-4.41720553899995],[39.5356413850001,-4.41641595599998],[39.535318374,-4.41553305899993],[39.535038431,-4.41462145099996],[39.53447376,-4.41383665399996],[39.5334808000001,-4.41354833599997],[39.5326158490001,-4.41306381999994],[39.5330192530001,-4.41212565199993],[39.5332295700001,-4.41093433999993],[39.5339617280001,-4.40987498299996],[39.533452088,-4.40883596499998],[39.5328276000001,-4.40799613599995],[39.5324184530001,-4.40725679999997],[39.5321097980001,-4.40600184199997],[39.5309928980001,-4.40506032499996],[39.5302291560001,-4.40457221899994],[39.5292457670001,-4.40493112099995],[39.5284346510001,-4.40556278699995],[39.5275344070001,-4.40622136999997],[39.5269703340001,-4.40507826999993],[39.525989816,-4.40442865899997],[39.525312211,-4.40531873399993],[39.524759503,-4.40592886599996],[39.5241206590001,-4.40648875099994],[39.5232305850001,-4.40691943299992],[39.5224661250001,-4.40757981099994],[39.522232839,-4.40672849699996],[39.521428901,-4.40665384599993],[39.5206823870001,-4.40691225499996],[39.5199466390001,-4.40754392099996],[39.519828202,-4.40673280399995],[39.519989708,-4.40575300399996],[39.5197061760001,-4.40483062799997],[39.5198162390001,-4.40398840699993],[39.5201741830001,-4.40301602399995],[39.5204861870001,-4.40206948199995],[39.5205424150001,-4.40123802799998],[39.5197738540001,-4.40027565999998],[39.5189740170001,-4.40055731199993],[39.5184572000001,-4.40127032899994],[39.517861424,-4.40184457099996],[39.517098161,-4.40210776499993],[39.51595207,-4.40174048999996],[39.5151696660001,-4.40091142799997],[39.514476986,-4.40161128499995],[39.5141302880001,-4.40268296399995],[39.513194274,-4.40200248799993],[39.512054404,-4.40122965399997],[39.510982486,-4.40022616599993],[39.5116688420001,-4.39905334599995],[39.5112012450001,-4.39814481299994],[39.51021683,-4.39867188499994],[39.5093315410001,-4.39864795799997],[39.508370643,-4.39816080999999],[39.5076018710001,-4.39882876399997],[39.506832762,-4.39993422899995],[39.5075988770001,-4.40053164099994],[39.508911133,-4.40153872099996],[39.5092773440001,-4.40239321299992],[39.5092773440001,-4.40336977499993],[39.5087280270001,-4.40440737299997],[39.5084838870001,-4.40520082999996],[39.5095214840001,-4.40599428699995],[39.509887695,-4.40678774399993],[39.5097045900001,-4.40831362299998],[39.5095214840001,-4.40977846699998],[39.5097045900001,-4.41087709999995],[39.510070801,-4.41234194299995],[39.5097045900001,-4.41337954099993],[39.509094238,-4.41398989199996],[39.5083007810001,-4.41429506799994],[39.507873535,-4.41521059599995],[39.5073242190001,-4.41606508799992],[39.5065307620001,-4.41637026399996],[39.506103516,-4.41710268499998],[39.5059204100001,-4.41820131799994],[39.506103516,-4.41899477499994],[39.5065307620001,-4.41991030299995],[39.50769043,-4.42247377899999],[39.5083007810001,-4.42406069299994],[39.508911133,-4.42650209999995],[39.509094238,-4.42766176699996],[39.5097045900001,-4.42879091799995],[39.510628094,-4.42871126999995],[39.509259222,-4.43286422699993],[39.508911133,-4.43431459999994],[39.5087280270001,-4.43510805699998],[39.5083007810001,-4.43602358399994],[39.507873535,-4.43706118199998],[39.5070800780001,-4.43791567399996],[39.507873535,-4.43809877899997],[39.508605957,-4.43779360299994],[39.5087280270001,-4.43877016599994],[39.509094238,-4.44011293899996],[39.508178711,-4.43962465799996],[39.5079956050001,-4.44041811499995],[39.508117676,-4.44157778299996],[39.5075988770001,-4.44273745099997],[39.5073242190001,-4.44176088899997],[39.506713867,-4.44121157199992],[39.506713867,-4.44231020499996],[39.5065307620001,-4.44362246099996],[39.505996704,-4.44458376499996],[39.506103516,-4.44578920899995],[39.5053100590001,-4.44639955999998],[39.5053100590001,-4.44755922799994],[39.504272461,-4.44786440399998],[39.5040893550001,-4.44890200199995],[39.5039978030001,-4.45009218699995],[39.5034179690001,-4.45082460899994],[39.502075195,-4.45067202099994],[39.501281738,-4.45109926699997],[39.501281738,-4.45189272499992],[39.5018005370001,-4.45293032199994],[39.502319336,-4.45390688499998],[39.502410889,-4.45482241199996],[39.5031127930001,-4.45549379899995],[39.5032043460001,-4.45625673799999],[39.502075195,-4.45567690399998],[39.501495361,-4.45482241199996],[39.501098633,-4.45378481399997],[39.5005798340001,-4.45253359399993],[39.50012207,-4.45158754899995],[39.5004882810001,-4.45067202099994],[39.5009155270001,-4.44981752899997],[39.501525879,-4.44877993199998],[39.5014038090001,-4.44792543899996],[39.501190186,-4.44658266599992],[39.501525879,-4.44560610299993],[39.501281738,-4.44456850599993],[39.5005798340001,-4.44383608399993],[39.5004882810001,-4.44279848599995],[39.500305176,-4.44188295899993],[39.50012207,-4.44108950199997],[39.4990234380001,-4.44154726599993],[39.497924805,-4.44176088899997],[39.496887207,-4.44169985299994],[39.4965209960001,-4.44096743199998],[39.4962768550001,-4.43889223599996],[39.4960937500001,-4.43779360299994],[39.4953002930001,-4.43700014599995],[39.494293213,-4.43730532199994],[39.4938964840001,-4.43846498999994],[39.492980957,-4.43901430699999],[39.4914855960001,-4.43858705999997],[39.4904785160001,-4.43846498999994],[39.4896850590001,-4.43889223599996],[39.489074707,-4.44029604499997],[39.4879760740001,-4.44157778299996],[39.486877441,-4.44206606399997],[39.485412598,-4.44218813499998],[39.484680176,-4.44328676699998],[39.485377016,-4.44376805299994],[39.486254097,-4.44395605399995],[39.4872099720001,-4.44371708499995],[39.4881897450001,-4.44332278699995],[39.4889424960001,-4.44279705499998],[39.4895697900001,-4.44233703999992],[39.4905495620001,-4.44173364399996],[39.4914397210001,-4.44124375799994],[39.492470274,-4.44060451599996],[39.4939787640001,-4.43997572999996],[39.495012305,-4.44067023299994],[39.495549984,-4.44127960299995],[39.4960279220001,-4.44214586499992],[39.4969320210001,-4.44262181199997],[39.4977664200001,-4.44271939099997],[39.4989035140001,-4.44268553699993],[39.4996721970001,-4.44354980699995],[39.499624403,-4.44457438599995],[39.49893438,-4.44587975299993],[39.498041234,-4.44669224699992],[39.497634987,-4.44761825199993],[39.497449787,-4.44871750799996],[39.497174972,-4.44958376999997],[39.496894184,-4.45040223799998],[39.4967209320001,-4.45133421699996],[39.4965058600001,-4.45212878799992],[39.4962907880001,-4.45292335999994],[39.4964939110001,-4.45403456499997],[39.4970256170001,-4.45515174399998],[39.497174972,-4.45614346499998],[39.497569271,-4.45683049999996],[39.4979157760001,-4.45755338099998],[39.4980950020001,-4.45864068899994],[39.497999415,-4.45963240899994],[39.497885905,-4.46062412999992],[39.4979247370001,-4.46196534299999],[39.497449787,-4.46312135399995],[39.4970913330001,-4.46408917799995],[39.4966771210001,-4.46494548299995],[39.496959901,-4.46577390799996],[39.4959203860001,-4.46711213399993],[39.494797233,-4.46837269399993],[39.493848825,-4.46926583999995],[39.493043201,-4.46999409799998],[39.4918848,-4.46962578699992],[39.490645149,-4.46990806899994],[39.489844604,-4.47085199599997],[39.4892710780001,-4.47178397399995],[39.4885601460001,-4.47260841699994],[39.4879746730001,-4.47320583899995],[39.4870964620001,-4.47386897699994],[39.486301891,-4.47462770299994],[39.4856148550001,-4.47534460999997],[39.484891975,-4.47604359399998],[39.484192991,-4.47657529899993],[39.4833984200001,-4.47693972699995],[39.4826157970001,-4.47780598899994],[39.4819974650001,-4.47890823299998],[39.4812058810001,-4.47975955899996],[39.480423258,-4.48008814099996],[39.4799990880001,-4.48084089299994],[39.4793449110001,-4.48183261399994],[39.478989445,-4.48293186999995],[39.4782426670001,-4.48360396999994],[39.4776512190001,-4.48471218799996],[39.4772927660001,-4.48576365099997],[39.4767311890001,-4.48682706199998],[39.476318968,-4.48757981399997],[39.4758709010001,-4.48882245199997],[39.4755243970001,-4.48988586299993],[39.4752734790001,-4.49061471799996],[39.475022562,-4.49134357299996],[39.4744370880001,-4.49261010799996],[39.4738516150001,-4.49387664299998],[39.472815069,-4.49604590799993],[39.471573693,-4.49810101499999],[39.4719238280001,-4.49877929699995],[39.470703125,-4.50280761699998],[39.4697265630001,-4.50708007799994],[39.468078613,-4.51098632799995],[39.4663085940001,-4.51519775399993],[39.4652709960001,-4.51898193399996],[39.464477539,-4.52282714799998],[39.4641113280001,-4.52600097699998],[39.463684082,-4.52807617199994],[39.4628906250001,-4.53009033199993],[39.4594726560001,-4.53118896499996],[39.4589233400001,-4.52807617199994],[39.457275391,-4.52612304699995],[39.457092285,-4.52362060499996],[39.4597167970001,-4.52307128899997],[39.4577026370001,-4.52008056599994],[39.4541015620001,-4.51892089799999],[39.450317383,-4.51812744099993],[39.4509277340001,-4.51568603499992],[39.450683594,-4.51269531299994],[39.44909668,-4.50927734399994],[39.4453125000001,-4.50646972699997],[39.4453125000001,-4.51037597699997],[39.4423217770001,-4.51147460899995],[39.4406738280001,-4.51409912099995],[39.440490723,-4.51629638699995],[39.4398803710001,-4.51879882799995],[39.4376831050001,-4.51757812499995],[39.435119629,-4.51477050799998],[39.4318847660001,-4.51239013699995],[39.4298706050001,-4.51568603499992],[39.4274902340001,-4.51550292999998],[39.4274902340001,-4.51239013699995],[39.424682617,-4.51300048799994],[39.42388916,-4.51470947299992],[39.425109863,-4.51660156299994],[39.42590332,-4.51910400399993],[39.4279174800001,-4.52148437499994],[39.428527832,-4.52416992199995],[39.4266967770001,-4.52667236299994],[39.4274902340001,-4.53039550799997],[39.427307129,-4.53381347699997],[39.426879883,-4.53637695299994],[39.424682617,-4.53692626999998],[39.4224853520001,-4.53472900399992],[39.4199218750001,-4.53332519499998],[39.4177246090001,-4.53137206999998],[39.4155273440001,-4.53338622999997],[39.413696289,-4.53442382799995],[39.413879395,-4.53820800799997],[39.4133300780001,-4.54132080099992],[39.414916992,-4.54309081999997],[39.412902832,-4.54479980499998],[39.411499023,-4.54797363299998],[39.408081055,-4.55029296899994],[39.406311035,-4.54760742199995],[39.403930664,-4.54827880899994],[39.4011230470001,-4.54827880899994],[39.3991088870001,-4.54992675799998],[39.397277832,-4.55157470699994],[39.3944702150001,-4.55029296899994],[39.3919067380001,-4.55126953099994],[39.389709473,-4.54992675799998],[39.387512207,-4.54779052699996],[39.3900756840001,-4.54699706999998],[39.391479492,-4.54492187499995],[39.3878784180001,-4.54498290999994],[39.3845214840001,-4.54431152299999],[39.3823242190001,-4.54290771499995],[39.380493164,-4.54077148399995],[39.380493164,-4.53790283199993],[39.3776855470001,-4.53747558599996],[39.3759155270001,-4.53778076199996],[39.376281738,-4.54107665999993],[39.3756713870001,-4.54260253899998],[39.377075195,-4.54382324199998],[39.379699707,-4.54437255899995],[39.380493164,-4.54760742199995],[39.377502441,-4.54669189499999],[39.376281738,-4.55029296899994],[39.37487793,-4.55297851599994],[39.376281738,-4.55462646499995],[39.3795166020001,-4.55468749999994],[39.3820800780001,-4.55609130899996],[39.3845214840001,-4.55749511699998],[39.3847045900001,-4.56030273399996],[39.3867187500001,-4.56359863299997],[39.387512207,-4.56658935499996],[39.3886718750001,-4.56982421899995],[39.3889160160001,-4.57318115199996],[39.389709473,-4.57641601599994],[39.389526367,-4.57971191399998],[39.387512207,-4.58099365199996],[39.3873291020001,-4.58489990199997],[39.389526367,-4.58801269499998],[39.391479492,-4.58508300799998],[39.392089844,-4.58270263699996],[39.3942871090001,-4.57922363299997],[39.3969116210001,-4.58172607399996],[39.3989257810001,-4.58422851599994],[39.401916504,-4.58520507799995],[39.403930664,-4.58691406199994],[39.4003295900001,-4.58758544899995],[39.4022827150001,-4.58941650399993],[39.4044799800001,-4.59100341799996],[39.4035034180001,-4.59289550799997],[39.402709961,-4.59497070299995],[39.3999023440001,-4.59588622999997],[39.397521973,-4.59692382799995],[39.3942871090001,-4.59722900399993],[39.392089844,-4.59692382799995],[39.391479492,-4.59997558599997],[39.392089844,-4.60308837899992],[39.392700195,-4.60607910199997],[39.3944702150001,-4.60906982399997],[39.39630127,-4.61199951199996],[39.3969116210001,-4.61560058599997],[39.3977050780001,-4.61828613299998],[39.397521973,-4.62091064499999],[39.39831543,-4.62322997999996],[39.400512695,-4.62689208999996],[39.4022827150001,-4.63061523399997],[39.402893066,-4.63287353499994],[39.40411377,-4.63562011699997],[39.4057006840001,-4.63830566399997],[39.4066772460001,-4.64086914099994],[39.4042968750001,-4.64300537099995],[39.401489258,-4.64440917999998],[39.39831543,-4.64520263699995],[39.39630127,-4.64569091799997],[39.393676758,-4.64599609399994],[39.390686035,-4.64611816399998],[39.3881225590001,-4.64630126999998],[39.3853149410001,-4.64648437499995],[39.3825073240001,-4.64599609399994],[39.3790893550001,-4.64520263699995],[39.376281738,-4.64440917999998],[39.3737182620001,-4.64361572299994],[39.3701171880001,-4.64288330099994],[39.3671264650001,-4.64178466799996],[39.3638916020001,-4.64031982399997],[39.35949707,-4.63787841799997],[39.3541259770001,-4.63677978499993],[39.3496704100001,-4.63629150399994],[39.3469238280001,-4.63580322299992],[39.3422851560001,-4.63659667999997],[39.3380737300001,-4.63732910199997],[39.335083008,-4.63848876999998],[39.3317260740001,-4.63958740199997],[39.327270508,-4.63958740199997],[39.323120117,-4.63769531299994],[39.320129395,-4.63378906199996],[39.3168945310001,-4.63421630899995],[39.3126831050001,-4.63378906199996],[39.3104858400001,-4.63128662099997],[39.3082885740001,-4.62951660199997],[39.3082885740001,-4.62420654299996],[39.309875488,-4.61932372999996],[39.312316895,-4.61590576199996],[39.31652832,-4.61407470699992],[39.318481445,-4.61688232399997],[39.3203125000001,-4.61297607399996],[39.3223266600001,-4.609191895],[39.3192749020001,-4.60650634799993],[39.3181152340001,-4.60290527299999],[39.31427002,-4.60418701199996],[39.3107299800001,-4.60491943399995],[39.312072754,-4.60137939499998],[39.3137207030001,-4.59881591799995],[39.3148803710001,-4.59558105499997],[39.3170776370001,-4.59368896499997],[39.3148803710001,-4.59118652299998],[39.31427002,-4.58789062499995],[39.3148803710001,-4.58508300799998],[39.3148803710001,-4.58142089799998],[39.3170776370001,-4.57708740199997],[39.318725586,-4.57220458999996],[39.320678711,-4.56787109399994],[39.31652832,-4.56732177699995],[39.312316895,-4.56817626999999],[39.3081054690001,-4.56927490199996],[39.3046875000001,-4.56842040999994],[39.2990722660001,-4.56872558599998],[39.2960815430001,-4.56738281199996],[39.293273926,-4.57019042999997],[39.288696289,-4.57177734399994],[39.2860717770001,-4.57427978499993],[39.283325195,-4.57659912099996],[39.2816772460001,-4.58038330099993],[39.2794799800001,-4.58288574199998],[39.276489258,-4.58129882799995],[39.273071289,-4.58319091799996],[39.272521973,-4.57940673799994],[39.2684936520001,-4.57800292999996],[39.264526367,-4.58032226599994],[39.2614746090001,-4.58062744099994],[39.2584838870001,-4.57739257799994],[39.2548828120001,-4.57617187499994],[39.252319336,-4.57458496099997],[39.2504882810001,-4.57208251999999],[39.2487182620001,-4.56939697299993],[39.2462768550001,-4.56738281199996],[39.243286133,-4.56579589799998],[39.241088867,-4.56640624999994],[39.239074707,-4.56848144499997],[39.2407226560001,-4.56970214799998],[39.2409057620001,-4.57257080099993],[39.241516113,-4.57519531199995],[39.243286133,-4.57879638699996],[39.245483398,-4.58197021499997],[39.2495117190001,-4.58319091799996],[39.2518920900001,-4.58587646499995],[39.252502441,-4.58941650399993],[39.252075195,-4.59210205099992],[39.254272461,-4.59240722699999],[39.2570800780001,-4.59277343799994],[39.259887695,-4.59442138699997],[39.26348877,-4.59661865199996],[39.2661132810001,-4.59808349599997],[39.267883301,-4.59997558599997],[39.2648925780001,-4.60089111299994],[39.263305664,-4.60321044899997],[39.261291504,-4.60119628899998],[39.257873535,-4.59777831999997],[39.255493164,-4.59942627],[39.255493164,-4.60229492199995],[39.252929688,-4.60327148399996],[39.253295898,-4.60668945299995],[39.252075195,-4.61010742199994],[39.25012207,-4.60772705099993],[39.251098633,-4.60528564499999],[39.24987793,-4.60339355499997],[39.2487182620001,-4.60101318399995],[39.2474975590001,-4.59869384799993],[39.245483398,-4.59997558599997],[39.2426757810001,-4.59948730499997],[39.2407226560001,-4.60192871099998],[39.23828125,-4.60180664099993],[39.2365112300001,-4.60217285199996],[39.2371215820001,-4.60620117199994],[39.2338867190001,-4.60827636699998],[39.2307128910001,-4.60809326199996],[39.227905273,-4.61010742199994],[39.2252807620001,-4.61120605499996],[39.2243041990001,-4.61376953099995],[39.2250976560001,-4.61791992199994],[39.2219238280001,-4.61987304699995],[39.222473145,-4.62188720699994],[39.223510742,-4.62530517599993],[39.2214965820001,-4.62841796899993],[39.219726563,-4.63018798799994],[39.219116211,-4.63269042999995],[39.215881348,-4.63421630899995],[39.2152709960001,-4.63818359399995],[39.214904785,-4.64062499999994],[39.2141113280001,-4.64257812499994],[39.2119140630001,-4.64422607399995],[39.2097167970001,-4.64642333999995],[39.210083008,-4.64910888699996],[39.2120971680001,-4.65258789099994],[39.2119140630001,-4.65460205099993],[39.211303711,-4.65808105499997],[39.2108764650001,-4.66149902299998],[39.212280273,-4.66552734399993],[39.213684082,-4.66778564499999],[39.2152709960001,-4.66900634799992],[39.217102051,-4.67089843699996],[39.2185058590001,-4.67358398399994],[39.220275879,-4.67181396499995],[39.2199096680001,-4.67468261699998],[39.2199096680001,-4.67639160199996],[39.2172851560001,-4.67687988299997],[39.214477539,-4.67578124999994],[39.2119140630001,-4.67492675799997],[39.2086791990001,-4.67529296899994],[39.205871582,-4.67590331999998],[39.20489502,-4.67321777299999],[39.2033081050001,-4.67047119099992],[39.202697754,-4.66851806599993],[39.201293945,-4.66601562499994],[39.198303223,-4.66601562499994],[39.195129395,-4.66717529299996],[39.192687988,-4.66632080099993],[39.1918945310001,-4.66247558599997],[39.1906738280001,-4.65930175799997],[39.182678223,-4.65289306599994],[39.176086426,-4.64801025399993],[39.1718750000001,-4.64471435499996],[39.1677246090001,-4.64129638699995],[39.1644897460001,-4.63928222699996],[39.1613159180001,-4.63720703099995],[39.1588745120001,-4.63568115199997],[39.1557006840001,-4.63360595699993],[39.1533203120001,-4.63232421899994],[39.149475098,-4.62939453099995],[39.1455078120001,-4.62652587899994],[39.143127441,-4.624816895],[39.140686035,-4.62310790999994],[39.135314941,-4.61950683599998],[39.1298828130001,-4.61590576199996],[39.127502441,-4.61437988299997],[39.12487793,-4.61279296899994],[39.121887207,-4.61071777299999],[39.118530273,-4.60827636699998],[39.1101074220001,-4.60211181599994],[39.1013183590001,-4.59582519499998],[39.0983276370001,-4.59368896499997],[39.0947265620001,-4.59118652299998],[39.091125488,-4.58868408199994],[39.087524414,-4.58630371099998],[39.084289551,-4.58380126999998],[39.081115723,-4.58172607399996],[39.0770874020001,-4.57897949199997],[39.07409668,-4.57690429699993],[39.0712890630001,-4.57501220699993],[39.068481445,-4.57318115199996],[39.061096191,-4.56787109399994],[39.052307129,-4.56158447299993],[39.0490722660001,-4.55938720699993],[39.046508789,-4.55749511699998],[39.043518066,-4.55560302699997],[39.0402832030001,-4.55340576199996],[39.035705566,-4.55017089799998],[39.032287598,-4.54772949199998],[39.0272827150001,-4.54412841799996],[39.022277832,-4.54058837899993],[39.016479492,-4.53668212899993],[39.0106811520001,-4.53289794899997],[39.00567627,-4.52917480499997],[39.0006713870001,-4.52539062499994],[38.987915039,-4.51647949199999],[38.9750976560001,-4.50750732399997],[38.8900756840001,-4.44818115199997],[38.8052978520001,-4.38879394499997],[38.7064819340001,-4.31982421899994],[38.6078970670001,-4.25087984599998],[38.606243132,-4.24999594299993],[38.604953757,-4.24909400499997],[38.603771195,-4.24833175499999],[38.602588632,-4.24756950499996],[38.601871476,-4.24706766199996],[38.60115432,-4.24656581799997],[38.592269882,-4.24032853699993],[38.583385445,-4.23409125499995],[38.582334507,-4.23330187999994],[38.58128357,-4.23251250499994],[38.5713176630001,-4.22556212999997],[38.5613517570001,-4.21861175499994],[38.55883407,-4.21678544299995],[38.556316382,-4.21495912999995],[38.543426507,-4.20594787999995],[38.5305366320001,-4.19693662999992],[38.5203952570001,-4.18996884899997],[38.510253882,-4.18300106799996],[38.5075511950001,-4.18109919299997],[38.5048485070001,-4.17919731799999],[38.50319482,-4.17808391199998],[38.5015411320001,-4.17697050499995],[38.500211726,-4.17604803699993],[38.4988823200001,-4.17512556799994],[38.496944413,-4.17378041199994],[38.495006507,-4.17243525499993],[38.4940967260001,-4.17180537999996],[38.493186945,-4.17117550499996],[38.491386413,-4.16991569299994],[38.489585882,-4.16865587999997],[38.4884071320001,-4.16784741099997],[38.4872283820001,-4.16703894299996],[38.4826488510001,-4.16384887999993],[38.47806932,-4.16065881799994],[38.475452445,-4.15885041099994],[38.47283557,-4.15704200499994],[38.4705886950001,-4.15544484899993],[38.468341819,-4.15384769299994],[38.4641304130001,-4.15092181799997],[38.4599190070001,-4.14799594299995],[38.4566650690001,-4.14565537999995],[38.453411132,-4.14331481799997],[38.4523143820001,-4.14253447399995],[38.4512176320001,-4.14175412999998],[38.448957444,-4.14014887999998],[38.44656946,-4.13846244299998],[38.4457454600001,-4.13797069299995],[38.444940569,-4.13741255299994],[38.443206789,-4.13617778699994],[38.4416389470001,-4.13506175499999],[38.4388904460001,-4.13328100399997],[38.436141945,-4.13150025299994],[38.4268092890001,-4.12487294099998],[38.417476632,-4.11824562899995],[38.4154930080001,-4.11699434699996],[38.4135093840001,-4.11574306499995],[38.404424664,-4.10930725299994],[38.3953399440001,-4.10287144099994],[38.3916416020001,-4.10027912799996],[38.3879432590001,-4.09768681599996],[38.3830966950001,-4.09429434799995],[38.3782501320001,-4.09090187999994],[38.370271695,-4.08528878599999],[38.3622932580001,-4.07967569099998],[38.3564987570001,-4.07555031699996],[38.350704256,-4.07142494199996],[38.3438511300001,-4.06663487899994],[38.3369980040001,-4.06184481599997],[38.332626351,-4.05877900299993],[38.328254697,-4.05571318999996],[38.317691789,-4.04830812999996],[38.307128881,-4.04090306999995],[38.3005256940001,-4.03622553799995],[38.293922507,-4.03154800599998],[38.2855701930001,-4.02566431799994],[38.2772178800001,-4.01978062999997],[38.1677417880001,-3.94295741099995],[38.058487174,-3.86617922199998],[38.037132259,-3.85130394099997],[38.015998821,-3.83647369099998],[38.0107631650001,-3.83280931699993],[38.0055275080001,-3.82914494299996],[37.9980659450001,-3.82384347399994],[37.990604381,-3.81854200499994],[37.979724881,-3.81092775399998],[37.9688453810001,-3.80331350299995],[37.9628219750001,-3.79907803599997],[37.9567985690001,-3.79484256799999],[37.951171882,-3.79089262999997],[37.9455451950001,-3.78694269099997],[37.934638976,-3.77945219099996],[37.923732757,-3.77196169199994],[37.9175643820001,-3.76759303599994],[37.9113960080001,-3.76322437899995],[37.904115663,-3.75812281599998],[37.896835319,-3.75302125199993],[37.8902301630001,-3.74832897199997],[37.883625007,-3.74363669099995],[37.8781509130001,-3.73981050399993],[37.872676819,-3.73598431699998],[37.865844727,-3.73117781699995],[37.8590126340001,-3.72637131799996],[37.852529539,-3.72180272499997],[37.8460464440001,-3.71723413099994],[37.839927663,-3.71296056899997],[37.833808882,-3.70868700599994],[37.828649506,-3.70506069199997],[37.823490129,-3.70143437699994],[37.818941098,-3.69824587899995],[37.814392067,-3.69505738],[37.799676882,-3.68474006699995],[37.784961696,-3.67442275399999],[37.7831535380001,-3.66994941099995],[37.7813453810001,-3.66547606799997],[37.7797279440001,-3.66147850399995],[37.7781105080001,-3.65748094099996],[37.7765197890001,-3.65329312899997],[37.77492907,-3.64910531599998],[37.773603806,-3.64580980899996],[37.7724504780001,-3.64210535199994],[37.7724969330001,-3.64083478099997],[37.7733051770001,-3.64103018499998],[37.774181438,-3.64179958299998],[37.7751359910001,-3.64217013699993],[37.7757381760001,-3.64316129999998],[37.7761583670001,-3.64420548399994],[37.7770472240001,-3.64481535899995],[37.7778658570001,-3.64526570199998],[37.7788169720001,-3.64559744999999],[37.7798566120001,-3.64587336699997],[37.7806773990001,-3.64607680899997],[37.781684667,-3.64638678099995],[37.7824366290001,-3.64558171099998],[37.7831749420001,-3.64579484099994],[37.7839850840001,-3.64585137599994],[37.783658567,-3.64464556199993],[37.7834462010001,-3.64379847499993],[37.7832820190001,-3.64293949099993],[37.783142819,-3.64190799499995],[37.7830512100001,-3.64082652999997],[37.783017898,-3.63985392599995],[37.7830393140001,-3.63898482599997],[37.783124973,-3.63800686799994],[37.783249895,-3.63702177099998],[37.78340337,-3.63617230399997],[37.7835711210001,-3.63514973099997],[37.7835764750001,-3.63401651199997],[37.783403369,-3.63288864799995],[37.783185648,-3.63192139499995],[37.7829393740001,-3.63102195999994],[37.782650269,-3.62998332399998],[37.7823825790001,-3.62903748999998],[37.782018523,-3.62822490299993],[37.7814413840001,-3.62710405899999],[37.780972037,-3.62590016899998],[37.7805712160001,-3.62492042799996],[37.7803412430001,-3.62386906299998],[37.7802981740001,-3.62258796099998],[37.7800340530001,-3.62164569599999],[37.779712826,-3.62092471799997],[37.779330923,-3.62013592599994],[37.7788990510001,-3.61925433699998],[37.778570684,-3.61849053099997],[37.7782280420001,-3.61765533999994],[37.777673033,-3.61650784299997],[37.7772019000001,-3.61552096099995],[37.776807503,-3.61465721699996],[37.7762310800001,-3.61370067599994],[37.775526163,-3.61272985599993],[37.7750205290001,-3.61196525399992],[37.7751549700001,-3.61105054999997],[37.7756824960001,-3.60983791699994],[37.7756725020001,-3.60878946499997],[37.775664174,-3.60775796999997],[37.7755059400001,-3.60658965499994],[37.7753060650001,-3.60566999199995],[37.775091257,-3.60454908799996],[37.7748444480001,-3.60349706999995],[37.774641005,-3.60258621299994],[37.774330486,-3.60161003699995],[37.7739557200001,-3.60066955599996],[37.7737951060001,-3.59983793599998],[37.7736523390001,-3.59904081499996],[37.7734364020001,-3.59830675099994],[37.773122669,-3.59760362099996],[37.7728357070001,-3.59658568799996],[37.772742909,-3.59562628899994],[37.772858194,-3.59463137699992],[37.7729956060001,-3.59362396999995],[37.772995607,-3.59270431099998],[37.7728564080001,-3.59152796499996],[37.7724530910001,-3.59025328299993],[37.771523315,-3.58997090399992],[37.7709421330001,-3.58943731099992],[37.7703329920001,-3.58844328999994],[37.7698761340001,-3.58742785499994],[37.769665552,-3.58637137599993],[37.76965663,-3.58509895799996],[37.769573645,-3.58401927799998],[37.7690866290001,-3.58329972899999],[37.7690745950001,-3.58240804199995],[37.7691480180001,-3.58103186499995],[37.768794158,-3.57982496899996],[37.7679834420001,-3.57873789499997],[37.767620406,-3.57762864199998],[37.7674502740001,-3.57621107699993],[37.7671778270001,-3.57515697599997],[37.766789499,-3.57420400099994],[37.7663326410001,-3.57323603599996],[37.7661237230001,-3.57227663899995],[37.76578584,-3.57119731399998],[37.7653361220001,-3.57021792999995],[37.764759699,-3.56944448299992],[37.763883972,-3.56909597899994],[37.7630689740001,-3.56958403799996],[37.762582493,-3.57038139699995],[37.7626045010001,-3.57119636299995],[37.76319318,-3.57206819899996],[37.7637061940001,-3.57299999399992],[37.7641682330001,-3.57423765299995],[37.7639441380001,-3.57553411999993],[37.763769246,-3.57653468199993],[37.763710358,-3.57735559799995],[37.7636186290001,-3.57847989299996],[37.7636020050001,-3.57963860499996],[37.763920343,-3.58128408699997],[37.763870078,-3.58262372499997],[37.7632231600001,-3.58370518999992],[37.7624962370001,-3.58477475699993],[37.7621488360001,-3.58588953399994],[37.761962048,-3.58704000499995],[37.7615156590001,-3.58816525199995],[37.7606152720001,-3.58893048499995],[37.759893106,-3.58945694199997],[37.7590014040001,-3.58965859999995],[37.7591507160001,-3.58855928899993],[37.759589727,-3.58783831199998],[37.760102261,-3.58695029799998],[37.7602060040001,-3.58618934599997],[37.7600572900001,-3.58539341799997],[37.7596917440001,-3.58398685799995],[37.7599751980001,-3.58290568999996],[37.760196486,-3.58210261999995],[37.760217901,-3.58127813999995],[37.7601408090001,-3.58049006099998],[37.7597336810001,-3.57941739999996],[37.759657539,-3.57815420299994],[37.7597777020001,-3.57716643199997],[37.7598395680001,-3.57620988699996],[37.7598359990001,-3.57511771499998],[37.7597146460001,-3.57387563599996],[37.7594969250001,-3.57251399099994],[37.759273851,-3.57141646299994],[37.758959168,-3.57053963299996],[37.75842141,-3.56981270599994],[37.75743643,-3.56917322799996],[37.7561044080001,-3.56909113599995],[37.7554334020001,-3.56958903699996],[37.754981898,-3.57037425799996],[37.7546285490001,-3.57118684599995],[37.7541263630001,-3.57207533499997],[37.753286534,-3.57244082199998],[37.7524545210001,-3.57241498399998],[37.750890606,-3.56976616199996],[37.749570851,-3.56697153599993],[37.7492160850001,-3.56621061399996],[37.7487702390001,-3.56508280999998],[37.748395913,-3.56395956799998],[37.748177508,-3.56310766199994],[37.748037336,-3.56217025299997],[37.747932426,-3.56123279999996],[37.747875191,-3.56025486999994],[37.747875191,-3.55884375499994],[37.7478323,-3.55787302199997],[37.74777985,-3.55684984899994],[37.747741696,-3.55605031699999],[37.7476940080001,-3.55511762899994],[37.7476463190001,-3.55418494099996],[37.747560492,-3.55341389499995],[37.7473792870001,-3.55222416099997],[37.747226692,-3.55129144199999],[37.747016881,-3.55040619299996],[37.746730789,-3.54926398999993],[37.746501945,-3.54849313099994],[37.746218679,-3.54767938099997],[37.745766646,-3.54655158299993],[37.745323193,-3.54558072299995],[37.744827286,-3.54456231799998],[37.744285598,-3.54346775599993],[37.7438392710001,-3.54256350499998],[37.7431375300001,-3.54168270899993],[37.7422161010001,-3.54126919299994],[37.7411270060001,-3.54103125599993],[37.740242004,-3.54085994399997],[37.739004161,-3.54059337899997],[37.7377663190001,-3.54032681499996],[37.732854882,-3.53922272299997],[37.727433886,-3.53788206299994],[37.726499561,-3.53695751899994],[37.7258110060001,-3.53587247199995],[37.7251582000001,-3.53476845099994],[37.724536879,-3.53391181899997],[37.7238788500001,-3.53305519399993],[37.7231731480001,-3.53220816099997],[37.7224974760001,-3.53162752799996],[37.721777774,-3.53112443799996],[37.7213327590001,-3.53031195899996],[37.720207685,-3.52952417699994],[37.719242077,-3.52913384699997],[37.7181098510001,-3.52876861799997],[37.7168064140001,-3.52871506699995],[37.715921413,-3.52879119399996],[37.71468673,-3.52873416099995],[37.713676444,-3.52836303599997],[37.712883607,-3.52802344199994],[37.7120213520001,-3.52800359899993],[37.710889438,-3.52834384899996],[37.709916117,-3.52844856799994],[37.7090034600001,-3.52837719899997],[37.707741636,-3.52815560499994],[37.706738718,-3.52733021699993],[37.7055950380001,-3.52722072599995],[37.7045519660001,-3.52730914699992],[37.7034514700001,-3.52719221199994],[37.7022328940001,-3.52690944799997],[37.701457964,-3.52707801699996],[37.700653779,-3.52754200499993],[37.6995767930001,-3.52711870599996],[37.6986637050001,-3.52683044399992],[37.6975366940001,-3.52671398199994],[37.6964340100001,-3.52640697399993],[37.6956348510001,-3.52620998099999],[37.695101746,-3.52551073899996],[37.6945798350001,-3.52476753199995],[37.6937327790001,-3.52447533199996],[37.692958199,-3.52433996399998],[37.6923446850001,-3.52360712899998],[37.691831908,-3.52288864099995],[37.69126128,-3.52236670099995],[37.690677153,-3.52186937099998],[37.690216305,-3.52085051299998],[37.6894299510001,-3.51959017799994],[37.688287207,-3.51899600099996],[37.6880299960001,-3.51767907099997],[37.687821367,-3.51665120599993],[37.687508268,-3.51573587899996],[37.6870823190001,-3.51504744199997],[37.6865081650001,-3.51450968999997],[37.685805805,-3.51389807399993],[37.6851596930001,-3.51328659799998],[37.684546921,-3.51272266099994],[37.6838512460001,-3.51192182299997],[37.683065685,-3.51151769699994],[37.6823348990001,-3.51219589299996],[37.681433273,-3.51249248699997],[37.68037144,-3.51208734999995],[37.6795062910001,-3.51172025999994],[37.6785301190001,-3.51133837799995],[37.6776886000001,-3.51055310499994],[37.6767995370001,-3.51001671899997],[37.6767578060001,-3.50899883699999],[37.6763973180001,-3.50811846699998],[37.6754466250001,-3.50775573299997],[37.6747493880001,-3.50661938999997],[37.674663568,-3.50534721799995],[37.674522407,-3.50442742299992],[37.673903798,-3.50371326499993],[37.6730346620001,-3.50312150499997],[37.6722545470001,-3.50317228699993],[37.671261981,-3.50327778499998],[37.6703573830001,-3.50325489899995],[37.6691892740001,-3.50327101799997],[37.6682059030001,-3.50385449399995],[37.667361568,-3.50426157799997],[37.6665248950001,-3.50386878599994],[37.6657881790001,-3.50321683999995],[37.664940357,-3.50295016899998],[37.663845451,-3.50299976599995],[37.662946694,-3.50327397299998],[37.662329985,-3.50380051399999],[37.6615989360001,-3.50425224099997],[37.660366052,-3.50443986299997],[37.6594409850001,-3.50500933899998],[37.6585865050001,-3.50559145699999],[37.6576431170001,-3.50596165999997],[37.6565748730001,-3.50655680399996],[37.655825405,-3.50748079099998],[37.6553921600001,-3.50842306099999],[37.6550242260001,-3.50914958899995],[37.6544208500001,-3.50990971699998],[37.6533928110001,-3.51067171399995],[37.652478037,-3.51121591199996],[37.6513771780001,-3.51174702899994],[37.65034196,-3.51205400499994],[37.649167359,-3.51206364699995],[37.6482691690001,-3.51236343499994],[37.6474895360001,-3.51291537999994],[37.6468028800001,-3.51343417499993],[37.6460513820001,-3.51407672299996],[37.645357114,-3.51466203699995],[37.644685882,-3.51538775599994],[37.6439323380001,-3.51643521799999],[37.6429660360001,-3.51697836399995],[37.641901037,-3.51699859899998],[37.641018891,-3.51697243599995],[37.6400391110001,-3.51700647699995],[37.639217398,-3.51704142699999],[37.638405606,-3.51692056699995],[37.637421912,-3.51681778699998],[37.636447913,-3.51714725299997],[37.635725021,-3.51763637999994],[37.6349062210001,-3.517560115],[37.6341514490001,-3.51794464999996],[37.6332626120001,-3.51802088099992],[37.6321901580001,-3.51835966699998],[37.631639475,-3.51913056799997],[37.6310666410001,-3.51981587999996],[37.630138388,-3.52055116999997],[37.6289291300001,-3.52111419299996],[37.627939224,-3.52129125399995],[37.626944237,-3.52127222299992],[37.625673787,-3.52114605999998],[37.624542257,-3.52119600399995],[37.6234984600001,-3.52134111399995],[37.622354984,-3.52153866099996],[37.621828038,-3.52214779399998],[37.621689787,-3.52295203699993],[37.6210206100001,-3.52339463199998],[37.6200008280001,-3.52364367099995],[37.61887828,-3.52399236199995],[37.6179199010001,-3.52380377399994],[37.6168518010001,-3.52337150499995],[37.615774786,-3.52337870399999],[37.6148338260001,-3.52339938799998],[37.6141018660001,-3.52316138899994],[37.6133048950001,-3.52280441799997],[37.612408954,-3.52278855799995],[37.6113229430001,-3.52269157999996],[37.6103176940001,-3.52184793099997],[37.609361694,-3.52150056699998],[37.608595516,-3.52153552599999],[37.6077737730001,-3.52154090899996],[37.606885914,-3.52131021399992],[37.606282703,-3.52075821699999],[37.60603637,-3.51987487299994],[37.6053781480001,-3.51906873899997],[37.6042373980001,-3.51822798799998],[37.6033287120001,-3.51763816199997],[37.603034329,-3.51678924299995],[37.603240983,-3.51561616899995],[37.6037368820001,-3.51443828699996],[37.604078288,-3.51352453799996],[37.6043672420001,-3.51278692699997],[37.604655741,-3.51198269899993],[37.6049418330001,-3.51104278799994],[37.6054318600001,-3.51019174599997],[37.6064830080001,-3.50924160499995],[37.6070798310001,-3.50812319599992],[37.606971726,-3.50708090899997],[37.606790554,-3.50625778599994],[37.6064949120001,-3.50543453699994],[37.606039997,-3.50439837499995],[37.6062226270001,-3.50341786999996],[37.6072077630001,-3.50310376199997],[37.6079670680001,-3.50237921299993],[37.608757252,-3.50167494099998],[37.60972288,-3.50112526099996],[37.6109005910001,-3.50068513899994],[37.611979504,-3.49934689799994],[37.612287919,-3.49819464299997],[37.611944195,-3.49697840999993],[37.6118059070001,-3.49580717799996],[37.6122097940001,-3.49476588299997],[37.613000389,-3.49443840999994],[37.6137580450001,-3.49462042699998],[37.614810086,-3.49510832599998],[37.616019716,-3.49468648899996],[37.6168823200001,-3.49390662999996],[37.6173188760001,-3.49262351399995],[37.617245246,-3.49140259799999],[37.6179367190001,-3.49072076599994],[37.618343376,-3.48983695499994],[37.6185689070001,-3.48901684199996],[37.6188926930001,-3.48817704999993],[37.619644415,-3.48732321199997],[37.6202621320001,-3.48659689499993],[37.621174163,-3.48634101799995],[37.622204455,-3.48633390999993],[37.6231498670001,-3.48627037999996],[37.624151861,-3.48586532099995],[37.624968724,-3.48507714199996],[37.6254177330001,-3.48417700399994],[37.6255493190001,-3.48337867199994],[37.625423159,-3.48233563499998],[37.6253109140001,-3.48129895299997],[37.6253140800001,-3.48037929099996],[37.6246753710001,-3.47924881699994],[37.6241721960001,-3.47809469899994],[37.624334617,-3.47701874099995],[37.624639017,-3.47623194999994],[37.6243633060001,-3.47529321799994],[37.624395829,-3.47423591899997],[37.6247963180001,-3.47321167399997],[37.624698934,-3.47232674999998],[37.624280621,-3.47130787799995],[37.6244274310001,-3.47017220599999],[37.6242820140001,-3.46939388099999],[37.624200827,-3.46855819099995],[37.6241293030001,-3.46775162899995],[37.624044413,-3.46659875499996],[37.623732895,-3.46526893399994],[37.622795137,-3.46489626999994],[37.621801637,-3.46452242899995],[37.6207071970001,-3.46388051399993],[37.6195895700001,-3.46361750499995],[37.6189270080001,-3.46304381799997],[37.6184027690001,-3.46210369899995],[37.618255601,-3.46100941299994],[37.618004968,-3.46000402699996],[37.6171175760001,-3.45920419799996],[37.616331099,-3.45915199199994],[37.615022664,-3.45980297299998],[37.613615419,-3.46045970499995],[37.612829187,-3.46055065499996],[37.6119912460001,-3.46049656899994],[37.6109848,-3.46027680799995],[37.6098959440001,-3.46048204399994],[37.6090529250001,-3.46098483799995],[37.608260672,-3.46155186199997],[37.607255771,-3.46118070699994],[37.6062575220001,-3.46002528999998],[37.6051543090001,-3.45947766099994],[37.604543252,-3.45895826199996],[37.603794728,-3.45854536999997],[37.602913347,-3.45844186299996],[37.601937467,-3.45786781999994],[37.600669876,-3.45783887099998],[37.599563561,-3.45790588699993],[37.598747718,-3.45791125299997],[37.5978848240001,-3.45783754699993],[37.5969787610001,-3.45748585399998],[37.5958249070001,-3.45681675399995],[37.5947923900001,-3.45718362199994],[37.594108584,-3.45776983099997],[37.593297315,-3.45846623599995],[37.591984439,-3.45893008199995],[37.590610531,-3.45915867899993],[37.5894565500001,-3.45952473099994],[37.588344084,-3.45935760499999],[37.587455279,-3.45941430799997],[37.586639414,-3.45986353599996],[37.5857963390001,-3.45996247399995],[37.584800339,-3.45983905399993],[37.5843715680001,-3.45571087799994],[37.5843887560001,-3.45180250199996],[37.5843887560001,-3.44494547199998],[37.5843887560001,-3.43808844299997],[37.6012611630001,-3.41919231899993],[37.618133571,-3.40029619499997],[37.6233882880001,-3.39517806899994],[37.6286430060001,-3.39005994399997],[37.63475606,-3.38405644899995],[37.6408691140001,-3.37805295399995],[37.652046162,-3.36707281799994],[37.663223225,-3.35609269299994],[37.67168235,-3.35510528699996],[37.680141475,-3.35411788099998],[37.6823215380001,-3.35131275599998],[37.684501631,-3.34850763199995],[37.6844863810001,-3.34239781799995],[37.6844711320001,-3.33628800499998],[37.684722912,-3.32848656699998],[37.684974691,-3.32068512899997],[37.686630672,-3.31995170099998],[37.688478999,-3.31999703499997],[37.6887209120001,-3.32118200199995],[37.6894450670001,-3.32190912899997],[37.6899050330001,-3.32252241899993],[37.6902684630001,-3.32346033399995],[37.690910144,-3.32418624399996],[37.6918215580001,-3.32452885299996],[37.6931604430001,-3.32443263199997],[37.6944137780001,-3.32408024499996],[37.6956076880001,-3.32430468399998],[37.696711556,-3.32420096799997],[37.697738961,-3.32445439999997],[37.6990624310001,-3.32457617599994],[37.7004282130001,-3.32443648299994],[37.7014992370001,-3.32375004499994],[37.7020565810001,-3.32280193099996],[37.702237032,-3.32165208199997],[37.703069891,-3.32096143699994],[37.704013294,-3.32036190599996],[37.704442489,-3.31938864899998],[37.7055003250001,-3.31884458899998],[37.7063357100001,-3.31834234899999],[37.7071530650001,-3.31780405499996],[37.7081213110001,-3.31741358399996],[37.7088153600001,-3.31681417599998],[37.7095465090001,-3.31624606499997],[37.710302789,-3.31562672099995],[37.7105429120001,-3.31489986199995],[37.710721381,-3.31409188099997],[37.710862804,-3.31330607199994],[37.71114863,-3.31247396999992],[37.7113581040001,-3.31167947299998],[37.7113765280001,-3.31076433699996],[37.711212485,-3.30924151699999],[37.711116787,-3.30754231799995],[37.7109146290001,-3.30627275599995],[37.7102566,-3.30218291099994],[37.7095985710001,-3.29809306499994],[37.708967226,-3.29387019099995],[37.70833588,-3.28964731799994],[37.7077903800001,-3.28593575499998],[37.7072448800001,-3.28222419299994],[37.706684131,-3.27882766099998],[37.7061233810001,-3.27543112799998],[37.7056408190001,-3.27214668999994],[37.7051582560001,-3.26886225199997],[37.7050171010001,-3.26793778399996],[37.704875945,-3.26701331599996],[37.704200787,-3.26238084799997],[37.7035256300001,-3.25774837899996],[37.7033901610001,-3.25682044099995],[37.703254691,-3.25589250299993],[37.70202063,-3.24720166099996],[37.70078657,-3.23851081899994],[37.6978321010001,-3.21891616299997],[37.694877632,-3.19932150699999],[37.6940326640001,-3.19411372399999],[37.6931876950001,-3.18890594099998],[37.6919727270001,-3.18202553499998],[37.6907577580001,-3.17514512799994],[37.692071442,-3.17510327199995],[37.6902100130001,-3.17156585299996],[37.689210013,-3.16496585299995],[37.6876961230001,-3.15642801899998],[37.687219595,-3.15323292699998],[37.686510013,-3.14826585299995],[37.685510013,-3.14186585299995],[37.684710013,-3.13676585299992],[37.6839100130001,-3.13186585299996],[37.6832100130001,-3.12826585299996],[37.6823100130001,-3.12246585299994],[37.681710013,-3.11856585299995],[37.681093919,-3.11499250999997],[37.6808948870001,-3.11376764099991],[37.6807100130001,-3.11276585299993],[37.6800100130001,-3.10826585299998],[37.678310013,-3.09866585299994],[37.6774532860001,-3.09285234399994],[37.6772819780001,-3.09164757599996],[37.6769100130001,-3.08916585299996],[37.675810013,-3.082665853],[37.6751100130001,-3.07876585299995],[37.674010013,-3.07166585299996],[37.6734100130001,-3.06756585299997],[37.6728100130001,-3.06366585299998],[37.6718847170001,-3.05874478399994],[37.671203512,-3.05827382499996],[37.666310013,-3.05486585299997],[37.660910013,-3.05136585299994],[37.657010013,-3.04856585299996],[37.6529100130001,-3.04586585299996],[37.645622609,-3.04077465199993],[37.6395100130001,-3.03656585299996],[37.6266100130001,-3.02796585299995],[37.612910013,-3.01856585299993],[37.599710013,-3.00966585299995],[37.596810013,-3.00776585299997],[37.593910013,-3.00576585299996],[37.585310013,-3.00006585299998],[37.5844509950001,-2.99947814999996],[37.582414305,-2.99811783099995],[37.579810013,-2.99636585299993],[37.574088192,-2.99279900299997],[37.572093964,-2.99154686899994],[37.570463578,-2.99052422999996],[37.5672100130001,-2.98846585299999],[37.553310013,-2.97926585299996],[37.5441100130001,-2.97306585299998],[37.533410013,-2.96616585299995],[37.5233100130001,-2.95986585299995],[37.5113024510001,-2.95277716499995],[37.5039100130001,-2.94826585299996],[37.500110013,-2.94616585299997],[37.494556641,-2.94327848899998],[37.493648529,-2.94263982799993],[37.484497119,-2.93754838099995],[37.478760106,-2.93427771799998],[37.461997986,-2.92495036099997],[37.4605955750001,-2.92420585599997],[37.455310013,-2.92136585299994],[37.450478284,-2.91864791899997],[37.4436100130001,-2.91476585299997],[37.4343100130001,-2.90976585299997],[37.425610013,-2.90486585299993],[37.4107172400001,-2.89671226799994],[37.4075900770001,-2.89499373199994],[37.404110013,-2.89296585299996],[37.395510013,-2.88816585299998],[37.378710013,-2.87876585299995],[37.3580100130001,-2.86726585299994],[37.336210013,-2.85506585299992],[37.319010013,-2.84536585299998],[37.304010013,-2.83696585299998],[37.2980100130001,-2.83356585299993],[37.281610013,-2.82456585299998],[37.2604100130001,-2.81256585299996],[37.2453100130001,-2.80386585299995],[37.220710013,-2.78996585299996],[37.201910013,-2.77916585299994],[37.194010013,-2.77476585299996],[37.1784100130001,-2.76616585299996],[37.160910013,-2.75636585299998],[37.138910013,-2.74416585299998],[37.124010013,-2.73566585299995],[37.1078100130001,-2.72646585299997],[37.0947971200001,-2.71918890599994],[37.0925941470001,-2.71795153599992],[37.09041323,-2.71671054799998],[37.073010013,-2.70676585299997],[37.0652100130001,-2.70236585299994],[37.0516100130001,-2.69466585299995],[37.035910013,-2.68576585299998],[37.0262145070001,-2.68026840099997],[37.0236100130001,-2.67876585299997],[37.013210013,-2.67286585299996],[37.0075100130001,-2.66966585299997],[37.0016100130001,-2.66646585299997],[37.00055387,-2.66597848399994],[36.998675183,-2.66513183899997],[36.997210013,-2.66446585299998],[36.991510013,-2.66126585299997],[36.9629100130001,-2.64516585299999],[36.947610013,-2.63646585299995],[36.935702544,-2.62979480099995],[36.9310150150001,-2.62715291999997],[36.9272636540001,-2.62504105199997],[36.9176100130001,-2.61956585299994],[36.905910013,-2.61296585299993],[36.90160445,-2.61056271999997],[36.8929100130001,-2.60566585299996],[36.8802100130001,-2.59856585299997],[36.867910013,-2.59156585299997],[36.853110013,-2.58326585299995],[36.842110013,-2.57696585299995],[36.8342100130001,-2.57266585299994],[36.826710013,-2.56836585299994],[36.8136100130001,-2.56106585299995],[36.8055100130001,-2.55646585299997],[36.7978100130001,-2.55206585299994],[36.7899100130001,-2.54756585299999],[36.781410013,-2.54276585299994],[36.772510013,-2.53786585299998],[36.7643100130001,-2.53306585299992],[36.7586100130001,-2.52986585299993],[36.755110013,-2.52786585299998],[36.750310013,-2.52516585299998],[36.7122713480001,-2.50614651999997],[36.702110013,-2.50106585299995],[36.697110013,-2.49816585299994],[36.6830100130001,-2.49036585299996],[36.6760100130001,-2.48646585299997],[36.665010013,-2.48016585299996],[36.662010013,-2.47856585299996],[36.6524100130001,-2.47296585299995],[36.6449100130001,-2.46876585299998],[36.6334100130001,-2.46216585299993],[36.6307100130001,-2.46056585299994],[36.6180100130001,-2.45346585299996],[36.6125100130001,-2.45026585299996],[36.5972100130001,-2.44166585299996],[36.5867100130001,-2.43556585299995],[36.5783100130001,-2.43086585299994],[36.560810013,-2.42086585299994],[36.5525079330001,-2.41616134099996],[36.548812866,-2.41404533399999],[36.5472217780001,-2.41314735499999],[36.5405100130001,-2.40926585299997],[36.5356100130001,-2.40656585299997],[36.527310013,-2.40176585299998],[36.513510013,-2.39396585299994],[36.5084100130001,-2.39106585299992],[36.500310013,-2.38636585299998],[36.4898100130001,-2.38026585299997],[36.4687100130001,-2.36826585299997],[36.463210013,-2.36526585299994],[36.453910013,-2.35996585299995],[36.4435271880001,-2.35409729899992],[36.442410013,-2.35346585299994],[36.435810013,-2.34996585299997],[36.4280100130001,-2.34546585299997],[36.4210263800001,-2.34172608199998],[36.4199958240001,-2.34114611099994],[36.401210013,-2.33046585299997],[36.367210013,-2.31126585299996],[36.3442100130001,-2.29836585299995],[36.332310013,-2.29156585299996],[36.318910013,-2.28406585299996],[36.3100100130001,-2.27896585299992],[36.2659100130001,-2.25416585299996],[36.258910013,-2.25016585299995],[36.2473100130001,-2.24376585299996],[36.2353100130001,-2.23696585299997],[36.2221100130001,-2.22946585299995],[36.216685704,-2.22645230899996],[36.2097100130001,-2.22256585299995],[36.1959100130001,-2.21486585299993],[36.182610013,-2.20766585299998],[36.1782100130001,-2.20526585299995],[36.1708100130001,-2.20106585299993],[36.158410013,-2.19416585299997],[36.1451100130001,-2.18656585299994],[36.131710013,-2.17876585299996],[36.1189100130001,-2.17166585299998],[36.106310013,-2.16446585299997],[36.0959519720001,-2.15872037699996],[36.0935096740001,-2.15734219599994],[36.0911706150001,-2.15600573799998],[36.0806100130001,-2.14986585299994],[36.068120692,-2.14297986899993],[36.067113147,-2.14241050099998],[36.0546100130001,-2.13526585299997],[36.0521100130001,-2.13386585299997],[36.0421100130001,-2.12826585299996],[36.030710013,-2.12176585299995],[36.018910013,-2.11516585299994],[36.009910013,-2.11006585299998],[36.000821762,-2.10510151999995],[36.0001329950001,-2.10458073999997],[35.979838181,-2.09357953699994],[35.9194288030001,-2.05940363899993],[35.887045545,-2.04112689399994],[35.845735781,-2.01790340999998],[35.8177760230001,-2.00229257599994],[35.7915864650001,-1.98759134799997],[35.7403763990001,-1.95886634699997],[35.6658551030001,-1.91656038899993],[35.6282459760001,-1.89540180399997],[35.6044824210001,-1.88179738299992],[35.5766166290001,-1.86615580099995],[35.5275738300001,-1.83890444099995],[35.4929956060001,-1.81859757599995],[35.4583377390001,-1.79917875599994],[35.445097977,-1.79190366699992],[35.422410744,-1.77902005099999],[35.408957006,-1.77150956599998],[35.387202662,-1.75925859299997],[35.3703535440001,-1.75028390199998],[35.348622904,-1.73784529199998],[35.327120547,-1.72575430299998],[35.2727665620001,-1.69493634499998],[35.258078574,-1.68667379799997],[35.2489454070001,-1.68242262799993],[35.200453327,-1.65554185699995],[35.1761441090001,-1.64179438299995],[35.1281760430001,-1.61430769799995],[35.052344099,-1.57099220699996],[35.0174016820001,-1.55053533699993],[35.0018375590001,-1.54202963799997],[34.9315610620001,-1.50247921999995],[34.928433995,-1.50071837899998],[34.920328822,-1.49616479099996],[34.906667531,-1.48845548899993],[34.8982893520001,-1.48371991699998],[34.892134221,-1.48014823999995],[34.884052049,-1.47564564799995],[34.873062815,-1.46936221599997],[34.8651086450001,-1.46476363199998],[34.8553334370001,-1.45936112099997],[34.84798728,-1.45523249399999],[34.8367550400001,-1.44891906499993],[34.828618867,-1.44418449299996],[34.820544695,-1.43963090499995],[34.811133494,-1.43434938299992],[34.804212346,-1.43046373399995],[34.8018292960001,-1.42912085499996],[34.798902233,-1.427472004],[34.796562183,-1.42615412399994],[34.790430052,-1.42257244699994],[34.7810798530001,-1.41710894099998],[34.77203366,-1.41206939599994],[34.7712996440001,-1.41164343499998],[34.7664815410001,-1.40885168699998],[34.7606194160001,-1.40545299399998],[34.7552153010001,-1.40235627399994],[34.7499331880001,-1.39938154299995],[34.744894081,-1.39652880099994],[34.7333596300001,-1.39021050399992],[34.7309276190001,-1.38886954899993],[34.7306257760001,-1.38748261699993],[34.730535144,-1.38671624199998],[34.7019658990001,-1.37050393699997],[34.6739658990001,-1.35460393699998],[34.6557658990001,-1.34430393699996],[34.640265899,-1.33450393699997],[34.6306658990001,-1.33010393699994],[34.616765899,-1.32250393699998],[34.600665899,-1.31350393699996],[34.582565899,-1.30180393699995],[34.5543658990001,-1.28750393699993],[34.546765899,-1.28310393699997],[34.515265899,-1.26310393699992],[34.4875658990001,-1.24890393699996],[34.467765899,-1.23840393699994],[34.457265899,-1.23120393699997],[34.4461658990001,-1.22610393699994],[34.4250658990001,-1.21410393699995],[34.385565899,-1.19170393699995],[34.3752658990001,-1.18570393699998],[34.314865899,-1.15180393699994],[34.2739658990001,-1.12870393699995],[34.249465899,-1.11370393699996],[34.2271658990001,-1.10220393699995],[34.2071658990001,-1.09080393699999],[34.191865899,-1.08120393699994],[34.175565899,-1.07170393699993],[34.1646658990001,-1.06670393699993],[34.1494658990001,-1.05820393699998],[34.134865899,-1.04990393699997],[34.1247658990001,-1.04420393699996],[34.115165899,-1.03910393699995],[34.102465899,-1.03200393699996],[34.097265899,-1.02900393699996],[34.090065899,-1.02500393699996],[34.080965899,-1.01980393699996],[34.078965899,-1.01940393699994],[34.0459658990001,-1.04330393699996],[34.043565899,-1.04390393699993],[34.0403658990001,-1.04370393699998],[34.036765899,-1.04270393699995],[34.033365899,-1.04020393699996],[34.031165899,-1.03770393699995],[34.0296658990001,-1.03530393699999],[34.0283658990001,-1.03260393699998],[34.027765899,-1.03000393699994],[34.0276658990001,-1.02700393699997],[34.027765899,-1.02320393699996],[34.027965899,-1.01800393699995],[34.0278658990001,-1.01310393699993],[34.026865899,-1.01000393699997],[34.024365899,-1.00700393699999],[34.021665899,-1.00420393699995],[34.0192658990001,-1.00180393699998],[34.0169658990001,-1.00030393699996],[33.938765899,-1.000203937],[33.933965899,-1.00010393699995],[33.932165899,-0.956303936999962],[33.9309658990001,-0.926703936999955],[33.930565899,-0.917303936999937],[33.929865899,-0.900603936999984],[33.9293658990001,-0.889103936999957],[33.9290658990001,-0.88110393699999],[33.928965899,-0.877803936999957],[33.9286658990001,-0.871303936999929],[33.928565899,-0.868703936999954],[33.928365899,-0.864103936999933],[33.9281658990001,-0.859303936999935],[33.927865899,-0.853303936999964],[33.926765899,-0.826403936999959],[33.925865899,-0.804803936999969],[33.9252658990001,-0.779203936999977],[33.924665899,-0.75970393699992],[33.924465899,-0.748903936999976],[33.9243658990001,-0.743703936999962],[33.9239658990001,-0.737603936999964],[33.922865899,-0.729003936999966],[33.922465899,-0.711103936999963],[33.921765899,-0.690803936999948],[33.9211658990001,-0.670503936999985],[33.9191658990001,-0.631703936999936],[33.9189658990001,-0.627703936999984],[33.9189658990001,-0.623803936999945],[33.9184658990001,-0.594103936999937],[33.9170658990001,-0.567803936999951],[33.9200658990001,-0.55210393699997],[33.920865899,-0.537703936999952],[33.9218658990001,-0.519003936999991],[33.922665899,-0.495903936999974],[33.9241658990001,-0.478903936999942],[33.9243658990001,-0.465903936999963],[33.926565899,-0.453003936999947],[33.9295658990001,-0.435403936999947],[33.932365899,-0.41850393699998],[33.9479658990001,-0.338103936999968],[33.9830658990001,-0.128803936999937],[33.9684658990001,-0.0846039369999356],[33.949385067,-0.0265092399999346],[33.9430050230001,-0.00453220399993154],[33.9293359760001,0.0424308320000401],[33.9234339990001,0.0627178860000331],[33.912450547,0.099753432000045],[33.911514944,0.100186356000049],[33.910288655,0.10296415900006],[33.9106324090001,0.103704168000037],[33.910400436,0.105102541000064],[33.910410013,0.106434147000062],[33.911314191,0.108292749000038],[33.91182244,0.109004064000023],[33.9121857920001,0.10986156400003],[33.913120968,0.111154914000046],[33.9219185580001,0.122888414000042],[33.9544883360001,0.16661422800007],[33.9653970740001,0.181260509000014],[33.974283556,0.193190545000035],[33.9863713070001,0.209413192000055],[34.0063592010001,0.236196799000011],[34.0070363030001,0.237095045000052],[34.0076237710001,0.238141370000033],[34.008541323,0.239484748000057],[34.0091799260001,0.240183601000077],[34.0098608760001,0.241014382000062],[34.010199028,0.242088094000057],[34.011710013,0.245234147000079],[34.012387135,0.246169590000019],[34.01317958,0.246291880000055],[34.013823668,0.247036745000045],[34.0136578290001,0.248270333000056],[34.014697815,0.250009836000052],[34.01536973,0.250967158000037],[34.0186503100001,0.253911918000028],[34.019210249,0.254811843000026],[34.020073806,0.255081501000069],[34.0210982360001,0.25571902600007],[34.021842528,0.256718984000029],[34.021345146,0.25750788600003],[34.0213490080001,0.258609354000029],[34.021386068,0.259553225000031],[34.0212065910001,0.261252403000067],[34.0226165180001,0.263470747000049],[34.0229913580001,0.264434290000047],[34.023487404,0.26546780300002],[34.023910856,0.266635935000062],[34.0239621760001,0.267622349000021],[34.0247121190001,0.269217219000036],[34.027510013,0.269334147000043],[34.0313100130001,0.269934147000074],[34.0338382080001,0.271562744000047],[34.034696227,0.271639901000062],[34.0352139830001,0.272529512000053],[34.0368239690001,0.273080850000032],[34.0377116700001,0.273200997000044],[34.0371287740001,0.273931076000046],[34.037714775,0.274432677000047],[34.0385899840001,0.27496729900002],[34.039181182,0.27590616000002],[34.0403398820001,0.276774817000048],[34.040881282,0.277814459000072],[34.0412339420001,0.278636531000076],[34.041554041,0.279395666000016],[34.0406366400001,0.280096418000028],[34.039665063,0.282916576000042],[34.040646973,0.282836372000017],[34.0402350640001,0.283916799000051],[34.040067052,0.285391814000023],[34.0397375310001,0.28637241400003],[34.040359192,0.287492268000053],[34.0413071340001,0.287774630000057],[34.041705553,0.288692546000047],[34.0407380280001,0.289765376000029],[34.0414974600001,0.290441240000072],[34.041538641,0.292124149000078],[34.0425153360001,0.293534468000071],[34.043266364,0.292761305000063],[34.0442555320001,0.293135162000051],[34.046339183,0.294116166000042],[34.046962078,0.294767067000065],[34.0477026730001,0.294419281000047],[34.0482534450001,0.29530258800004],[34.0485068840001,0.296654240000071],[34.0497222160001,0.297364846000043],[34.049814021,0.29826634200004],[34.049635015,0.299129936000041],[34.049440083,0.299932935000056],[34.0488162500001,0.301646990000049],[34.048791029,0.302619845000029],[34.050126473,0.305213876000046],[34.050826869,0.305993977000066],[34.0514209740001,0.306848560000057],[34.0518385980001,0.308389149000053],[34.0526415520001,0.309055259000046],[34.053777482,0.309166264000049],[34.0542493350001,0.309871059000058],[34.0553935890001,0.310381091000057],[34.056498031,0.310700225000059],[34.0569231860001,0.311378281000044],[34.057709807,0.31183207900004],[34.058541448,0.312350464000065],[34.059607897,0.312697378000053],[34.0600294340001,0.313448025000064],[34.0594092060001,0.314231630000041],[34.0591555440001,0.315186948000088],[34.058556804,0.31628105900006],[34.0586484,0.317145413000052],[34.058195491,0.317826472000037],[34.057981252,0.318844531000018],[34.057736321,0.319981188000037],[34.0575405270001,0.321068299000032],[34.0576580380001,0.324187686000058],[34.058557254,0.323898738000017],[34.059429804,0.32379750500007],[34.061310013,0.323434147000068],[34.065110013,0.32463414700003],[34.0699772840001,0.325047220000036],[34.0745100130001,0.324734147000069],[34.077110013,0.327934147000076],[34.0808100130001,0.329634147000029],[34.083710013,0.331334147000047],[34.083410013,0.334134147000049],[34.0870100130001,0.336634147000037],[34.090010013,0.339534147000053],[34.0924100130001,0.341534147000061],[34.0944100130001,0.344334147000038],[34.097010013,0.345534147000012],[34.1001100130001,0.347534147000032],[34.1012100130001,0.350234147000047],[34.1012100130001,0.354834147000017],[34.1032100130001,0.358534147000055],[34.1057485910001,0.361791463000023],[34.1092100130001,0.365934147000066],[34.111110013,0.371234147000043],[34.111110013,0.374834147000067],[34.1107100130001,0.378234147000063],[34.109910013,0.38153414700002],[34.1091100130001,0.384734147000078],[34.1082100130001,0.389734147000078],[34.1073100130001,0.395234147000057],[34.1055640320001,0.399793098000023],[34.1032100130001,0.404434147000074],[34.103110013,0.40783414700007],[34.102210013,0.413434147000025],[34.1005100130001,0.415734147000022],[34.0973466660001,0.418005268000063],[34.096610013,0.418534147000064],[34.0940100130001,0.420934147000037],[34.092310013,0.423134147000034],[34.0890100130001,0.427234147000024],[34.089026119,0.432868001000021],[34.0892745300001,0.434308433000076],[34.0893377720001,0.435357292000044],[34.0892770510001,0.436382479000026],[34.08911949,0.437550104000021],[34.090072052,0.441184446000008],[34.0906155920001,0.44216760100006],[34.0906254430001,0.443235380000018],[34.090922264,0.444173807000025],[34.090839579,0.445088576000045],[34.090572819,0.445845671000024],[34.090341557,0.446722174000055],[34.0900651910001,0.450592858000041],[34.0901407910001,0.451997030000015],[34.0896785730001,0.452801678000067],[34.089182959,0.453524078000038],[34.0888795320001,0.454329938000055],[34.0896320370001,0.458166372000051],[34.0911360640001,0.459835726000046],[34.091865437,0.460672641000042],[34.092531745,0.461715414000027],[34.0933100130001,0.463234147000032],[34.0942829260001,0.463919197000055],[34.0953383190001,0.464598450000026],[34.09609757,0.465450111000055],[34.0966813220001,0.466128269000034],[34.0975720610001,0.467132764000039],[34.0983027300001,0.467751622000046],[34.0994106910001,0.468550063000059],[34.100307442,0.469009354000032],[34.1012629950001,0.46945284000003],[34.1019191400001,0.469881040000077],[34.1028156150001,0.470454530000034],[34.103540465,0.471058606000034],[34.104337774,0.471632101000078],[34.105346882,0.472605790000043],[34.1060202640001,0.473283795000037],[34.106708418,0.474138361000027],[34.1083271410001,0.475857516000075],[34.1091144170001,0.476486926000068],[34.1099575330001,0.477191283000026],[34.1105405490001,0.47801160000007],[34.1133015360001,0.480158776000048],[34.1146976580001,0.481084808000052],[34.11576003,0.481610574000047],[34.116500064,0.481968524000013],[34.1173278740001,0.482505494000053],[34.118380761,0.483199094000045],[34.1192163330001,0.48418792600006],[34.1188505390001,0.48539046700004],[34.1185979370001,0.48612051600002],[34.11844925,0.486940948000029],[34.1180121360001,0.487722514000023],[34.117936166,0.488773750000064],[34.117821969,0.48953336900006],[34.1177688070001,0.490328687000047],[34.117723283,0.491154583000015],[34.117651187,0.491981315000027],[34.1176107700001,0.493827949000026],[34.117765395,0.494805926000023],[34.118060228,0.495570801000048],[34.118216836,0.496354626000022],[34.1184774990001,0.497086554000018],[34.118341361,0.498272149000062],[34.118405716,0.499858430000057],[34.118330095,0.50101588600007],[34.1183158320001,0.502225193000067],[34.1181482490001,0.503017419000068],[34.1179824870001,0.503908362000062],[34.117939596,0.50669019300005],[34.1178245840001,0.508030509000033],[34.117794743,0.509229649000031],[34.1172992570001,0.510046951000045],[34.1186445810001,0.513172057000023],[34.1197296780001,0.514374617000038],[34.120298346,0.515122480000056],[34.1215791280001,0.516266754000065],[34.1224247390001,0.51688748900004],[34.122735285,0.518017389000032],[34.1228147840001,0.519225155000065],[34.121983658,0.520374573000026],[34.1208542250001,0.520802697000006],[34.119781462,0.521234231000035],[34.1188639530001,0.522116510000036],[34.1183352800001,0.522822845000055],[34.117473928,0.523031017000033],[34.124704315,0.537100978000057],[34.126399425,0.53982265400003],[34.1269210580001,0.549692874000073],[34.127373527,0.557831439000031],[34.1275664240001,0.558801150000005],[34.1279824420001,0.559987689000027],[34.1389361780001,0.58502823200005],[34.1396474840001,0.584282473000031],[34.140678189,0.583906760000044],[34.1416576030001,0.583970403000018],[34.1423201000001,0.58350500300002],[34.1430422540001,0.584207705000042],[34.1441078020001,0.584629593000029],[34.145530416,0.585578377000036],[34.146963596,0.586039246000028],[34.1481584700001,0.586391834000029],[34.1482100650001,0.587272840000029],[34.1500887560001,0.587686174000042],[34.1509547540001,0.587894348000016],[34.1521854420001,0.588114693000016],[34.153031663,0.587650288000012],[34.153123013,0.588861473000059],[34.153492391,0.589888142000079],[34.1542696290001,0.590498674000056],[34.1545066050001,0.591474881000075],[34.1551766000001,0.591975627000058],[34.156066427,0.592286857000021],[34.1568640610001,0.592887507000051],[34.157116106,0.593649375000033],[34.1581778990001,0.594578106000037],[34.1590147140001,0.595211013000042],[34.1598526590001,0.596158906000033],[34.1605346490001,0.596942606000035],[34.1613165110001,0.597872369000075],[34.1624195210001,0.598465201000051],[34.16333646,0.598877260000041],[34.164190929,0.599618062000033],[34.1652852990001,0.600235259000037],[34.165565896,0.601108871000045],[34.167210013,0.602934147000046],[34.1695308180001,0.602694064000042],[34.1703899180001,0.60230419600003],[34.170703093,0.603088490000068],[34.1714557330001,0.603702704000049],[34.1722647990001,0.604707962000009],[34.1731972690001,0.605198223000057],[34.173500485,0.60439869000004],[34.1743510330001,0.605145327000054],[34.1742616970001,0.606324723000046],[34.175635986,0.607559973000026],[34.17633024,0.608265907000023],[34.1795962940001,0.608597637000054],[34.1805459720001,0.607932975000021],[34.1819517230001,0.60801067200003],[34.1829614640001,0.607645908000056],[34.1834549500001,0.606921391000066],[34.184303486,0.60721097400005],[34.1852885650001,0.60767849500006],[34.186136151,0.607170518000026],[34.1867083970001,0.60770145400004],[34.187029011,0.608484498000055],[34.1869220190001,0.609425627000063],[34.1866773420001,0.610163902000062],[34.1862809020001,0.610912429000053],[34.185929211,0.611843550000049],[34.185410013,0.612834147000044],[34.1870585090001,0.61363692900005],[34.1879858250001,0.613919539000053],[34.1891368620001,0.614267315000051],[34.1907778830001,0.615881316000051],[34.191617728,0.615292227000065],[34.191662353,0.616281075000064],[34.191333634,0.617359156000013],[34.1915331980001,0.618692625000043],[34.192226949,0.619246038000016],[34.192007362,0.620285883000063],[34.1924910160001,0.621716869000059],[34.193532217,0.621329581000053],[34.1946292380001,0.620830650000061],[34.1956462860001,0.620935709000033],[34.196406516,0.621015672000066],[34.1966333010001,0.62192525100004],[34.195705865,0.622576715000035],[34.196069079,0.623597122000033],[34.1957963310001,0.624384707000049],[34.1969946680001,0.626113431000016],[34.198207408,0.627032217000028],[34.200434912,0.627251600000019],[34.201301635,0.627013888000022],[34.2020893100001,0.626337007000076],[34.2022229180001,0.625541344000055],[34.2030679210001,0.625283147000058],[34.2041689970001,0.625033423000048],[34.205253408,0.624871979000034],[34.205944146,0.625428149000068],[34.2059562150001,0.626241889000028],[34.2089007660001,0.627256361000031],[34.2102757260001,0.626786480000013],[34.2109413150001,0.626311517000034],[34.2117344710001,0.62562130600002],[34.2127878310001,0.625681335000021],[34.213664382,0.626113088000069],[34.214511481,0.626239657000044],[34.2153638200001,0.62586999000006],[34.216056742,0.624947379000042],[34.21704147,0.625459290000032],[34.2165810450001,0.626246489000031],[34.2167570710001,0.627468142000049],[34.2170934800001,0.628232777000036],[34.217298951,0.629209799000017],[34.2179287970001,0.630025462000041],[34.2187132290001,0.630526903000025],[34.2192865270001,0.631268871000027],[34.220010013,0.632034147000073],[34.2225651910001,0.631996644000038],[34.2234120640001,0.63196848900001],[34.225993633,0.630736903000066],[34.2271690590001,0.630004691000061],[34.2282741120001,0.629090586000077],[34.2291617280001,0.628184678000018],[34.230138492,0.628713616000021],[34.2308443320001,0.629191250000014],[34.2320147030001,0.629888129000055],[34.2326583760001,0.630381845000052],[34.2343706400001,0.629250508000036],[34.2350444790001,0.628690928000029],[34.2358107970001,0.628638067000046],[34.2361872120001,0.629396332000053],[34.2369443490001,0.630058300000006],[34.238089626,0.630469860000049],[34.2390005450001,0.630914172000071],[34.239786441,0.631356105000076],[34.240007523,0.632537293000043],[34.2414100130001,0.634834147000038],[34.2450417090001,0.633412408000032],[34.2459224040001,0.633194327000073],[34.2469377420001,0.632830022000081],[34.247478486,0.632062182000025],[34.248796,0.631751387000074],[34.2500290990001,0.631566076000062],[34.2514507660001,0.632177737000058],[34.252293222,0.632983158000059],[34.2534676860001,0.633636615000042],[34.2544234490001,0.634223874000045],[34.2555859890001,0.634860423000012],[34.2562196820001,0.63555004500005],[34.2570341110001,0.635773257000028],[34.2594191430001,0.637865718000071],[34.2604923310001,0.637985945000015],[34.260907635,0.638634334000076],[34.263025097,0.639915031000033],[34.263910013,0.64033414700003],[34.2657926910001,0.640318328000028],[34.2668700180001,0.639762319000053],[34.2676227630001,0.640652772000065],[34.2700210580001,0.641441194000041],[34.2712502000001,0.640720374000059],[34.2709479580001,0.642016029000049],[34.2719500090001,0.642249133000057],[34.2726809380001,0.642004435000045],[34.2736636180001,0.642718752000052],[34.274677597,0.642563641000052],[34.275592739,0.642454605000055],[34.2764980200001,0.642881564000043],[34.276850397,0.643594387000058],[34.2769981020001,0.644365931000039],[34.277332143,0.645416310000028],[34.2777666700001,0.646630221000059],[34.278375872,0.647384455000048],[34.278797615,0.648359845000084],[34.2781677580001,0.649066454000028],[34.2782019430001,0.650221552000055],[34.2787019040001,0.651439745000051],[34.2783969180001,0.652315628000055],[34.2784448960001,0.655223734000065],[34.278825958,0.656064834000055],[34.27838597,0.656911026000039],[34.2785768370001,0.65881346400004],[34.279706698,0.659316622000064],[34.2791988860001,0.660065115000066],[34.278506984,0.660819938000031],[34.278027943,0.661593840000011],[34.2778100130001,0.662534147000025],[34.2790984490001,0.664359220000043],[34.2797085280001,0.665499482000032],[34.27983146,0.666586519000034],[34.2806513250001,0.666423094000034],[34.2807325110001,0.667336024000056],[34.2807792030001,0.668304650000032],[34.2801058540001,0.66879044600007],[34.279585577,0.669685112000025],[34.279310013,0.670434147000042],[34.279260747,0.671326234000047],[34.2789308380001,0.672451432000054],[34.2783388350001,0.673362317000041],[34.278171528,0.674839122000043],[34.2783372230001,0.675730930000036],[34.2776944400001,0.676461839000069],[34.27714165,0.678699365000052],[34.277289481,0.67945615100006],[34.2792463800001,0.682363564000078],[34.2798852540001,0.68294454000004],[34.280954691,0.682887185000028],[34.2817910040001,0.683766862000025],[34.283950589,0.683332941000069],[34.285289859,0.682922820000046],[34.28624152,0.682894757000055],[34.2869655700001,0.683171264000061],[34.2875861700001,0.683802323000064],[34.288277566,0.684231241000013],[34.288869966,0.684714317000043],[34.2894100130001,0.685434147000028],[34.2902901480001,0.685784004000022],[34.291474049,0.686306538000042],[34.2926872630001,0.686674967000043],[34.2936361820001,0.687514996000062],[34.294439954,0.687223954000043],[34.2952945160001,0.687449962000057],[34.295037936,0.688454673000016],[34.294627903,0.689111647000066],[34.295879287,0.690556271000045],[34.2970277810001,0.690640785000023],[34.297320862,0.691673042000034],[34.2982880960001,0.692327191000067],[34.2995532900001,0.693098111000028],[34.3004048450001,0.692845460000047],[34.3013296930001,0.693213193000017],[34.3026098080001,0.693624625000037],[34.303697899,0.694062160000043],[34.304159021,0.694932026000048],[34.304538592,0.695737564000073],[34.304910013,0.696534147000013],[34.306137418,0.696526533000049],[34.307018005,0.696908428000025],[34.3082273220001,0.697052860000045],[34.309426585,0.697444846000055],[34.3103942870001,0.696985513000068],[34.311317746,0.696710598000042],[34.312204152,0.697084254000055],[34.31245419,0.69782144100003],[34.3118536690001,0.698467992000071],[34.312506958,0.700068160000051],[34.313231817,0.700622835000039],[34.3130903800001,0.701699159000033],[34.3127646230001,0.702863958000034],[34.3122062460001,0.704161479000044],[34.311558205,0.705341048000022],[34.310589404,0.706415875000062],[34.309410013,0.707834147000026],[34.3093600710001,0.709470494000074],[34.3091846500001,0.710685307000056],[34.3087786180001,0.713028869000025],[34.3088927740001,0.713804366000025],[34.3090989520001,0.714541615000028],[34.309733312,0.715463081000044],[34.30897237,0.716127398000018],[34.308310013,0.717034147000055],[34.307094627,0.720868693000071],[34.3070663710001,0.722046502000067],[34.3070062570001,0.723077284000045],[34.30727819,0.724974166000036],[34.307748389,0.72612780000003],[34.308145279,0.726897315000024],[34.308366715,0.727686961000071],[34.308965733,0.728352030000051],[34.308985137,0.729477500000039],[34.308174546,0.730473175000027],[34.3075794310001,0.732764324000071],[34.3083192980001,0.736311568000068],[34.308869169,0.737139590000033],[34.3090688300001,0.738412519000061],[34.3090768330001,0.739676139000032],[34.3096958400001,0.740270252000084],[34.309520633,0.741081165000019],[34.3092204010001,0.741917390000024],[34.3096629390001,0.744990854000041],[34.30993404,0.746108953000028],[34.3102871030001,0.746993567000063],[34.310766663,0.747871788000038],[34.311037716,0.748732992000047],[34.310501383,0.749457119000054],[34.3106536810001,0.751468208000052],[34.3108455120001,0.752252944000019],[34.3108673580001,0.753062346000038],[34.311743059,0.755006838000044],[34.3129665180001,0.756384279000018],[34.313331878,0.757334501000054],[34.313247475,0.758288645000042],[34.3133849760001,0.759476988000069],[34.314217593,0.760214082000053],[34.3142032310001,0.761235581000055],[34.3151512520001,0.76449820000005],[34.31710596,0.765463875000009],[34.317976738,0.765456635000019],[34.3185003890001,0.766314152000065],[34.3208285050001,0.767021130000038],[34.3214092260001,0.766399205000019],[34.322185733,0.766256490000041],[34.322781482,0.766819863000036],[34.3227196670001,0.767684347000061],[34.3244159830001,0.768343899000068],[34.325203102,0.768530828000051],[34.327610013,0.76903414700006],[34.32881839,0.768936937000029],[34.3300783240001,0.768813629000009],[34.3312721250001,0.768601239000014],[34.332278079,0.768642149000071],[34.333210271,0.769075281000031],[34.3344132780001,0.768896684000015],[34.3354942710001,0.769810649000022],[34.336896129,0.770291582000028],[34.337572376,0.77097802100006],[34.3402193840001,0.771905585000062],[34.341430917,0.771706236000051],[34.3422791780001,0.77182523200002],[34.343068789,0.77216395700003],[34.3437453770001,0.772931287000064],[34.346678485,0.774650295000065],[34.347792242,0.774610960000063],[34.3495909910001,0.774420960000037],[34.3505402910001,0.774553829000068],[34.3520950220001,0.774782562000036],[34.3531608590001,0.774379284000012],[34.3543203460001,0.774512027000066],[34.3545042430001,0.775520495000015],[34.356774568,0.776976977000056],[34.357793083,0.777584793000082],[34.3601977380001,0.778068243000061],[34.3609695430001,0.777298808000063],[34.361718426,0.776955796000039],[34.3625842820001,0.777159430000029],[34.362081941,0.778241007000026],[34.3633513360001,0.780202866000016],[34.363996586,0.780881914000006],[34.3644100130001,0.781634147000034],[34.366387262,0.782016841000027],[34.3670778800001,0.781291556000034],[34.367847732,0.781604546000042],[34.3680155010001,0.782511054000063],[34.3690137720001,0.783303869000065],[34.3699326890001,0.783536751000041],[34.370758612,0.784138989000033],[34.37138817,0.784941989000041],[34.3717126550001,0.785920663000085],[34.3725175700001,0.786422526000007],[34.3728916000001,0.787275728000039],[34.3728689910001,0.788204233000031],[34.3724303390001,0.789025635000021],[34.3730100130001,0.790734147000012],[34.37406029,0.791513564000082],[34.37475239,0.792118928000024],[34.375303737,0.792846681000072],[34.375929496,0.79369986800001],[34.3763286180001,0.794853760000009],[34.377635571,0.796966518000022],[34.379491455,0.795704287000035],[34.3801536560001,0.794680775000081],[34.3806304930001,0.793777347000055],[34.3814353940001,0.793150008000051],[34.3824973380001,0.792993406000049],[34.3834335670001,0.793373205000012],[34.3837580220001,0.794251503000045],[34.383683944,0.795255292000025],[34.3838368190001,0.796309288000027],[34.3839860350001,0.797890256000064],[34.3839345660001,0.799282113000056],[34.384579129,0.802572995000038],[34.387903619,0.80465885900002],[34.3890981330001,0.804939825000009],[34.3912959790001,0.804930787000042],[34.391622544,0.804116309000051],[34.3925660790001,0.803982265000059],[34.3939538220001,0.80417116500007],[34.394233704,0.803187847000052],[34.3949158290001,0.802786638000045],[34.3956795650001,0.803034100000049],[34.396759049,0.803385355000042],[34.397836655,0.80383698600002],[34.398641497,0.804087881000038],[34.399343447,0.804639968000047],[34.40008978,0.805307724000037],[34.4028968810001,0.806817605000045],[34.4039409280001,0.807423400000057],[34.407639331,0.808754644000032],[34.4090801340001,0.809005949000036],[34.410438071,0.809448892000027],[34.4115238960001,0.81018059600007],[34.4126403020001,0.810719247000064],[34.4134841590001,0.811341258000029],[34.414312259,0.811995007000058],[34.4138545870001,0.812906765000029],[34.413122489,0.813589998000039],[34.412525105,0.814486165000069],[34.4108100130001,0.816834147000072],[34.411598106,0.818244299000056],[34.4125532670001,0.818685390000039],[34.41346522,0.819300094000027],[34.4136247970001,0.820447863000014],[34.413006921,0.821527024000028],[34.411900727,0.822206538000043],[34.411230157,0.822748655000048],[34.410480433,0.823150528000041],[34.4090100130001,0.824534147000061],[34.408756344,0.826711638000055],[34.408535246,0.827954508000052],[34.408177945,0.828698501000023],[34.407710013,0.829734147000076],[34.4083629420001,0.830720675000071],[34.4100373380001,0.833259541000072],[34.4110778720001,0.833690760000027],[34.4123306980001,0.834234213000053],[34.4131325320001,0.834631150000051],[34.4139663730001,0.834925499000069],[34.415097474,0.835709580000065],[34.4152067140001,0.836670139000022],[34.4142636010001,0.836920106000033],[34.4143665240001,0.838878922000045],[34.4145414230001,0.839706235000047],[34.414777945,0.840614920000068],[34.415610013,0.843034147000019],[34.416545252,0.842927651000024],[34.417488679,0.843643160000044],[34.4175466460001,0.84447270200008],[34.4182861580001,0.845190334000046],[34.4192815960001,0.845912269000047],[34.419805051,0.846900146000047],[34.420547652,0.847647934000079],[34.4206895340001,0.848820784000064],[34.421657624,0.850888931000031],[34.4232879410001,0.852245629000025],[34.4246267720001,0.852881207000043],[34.426510013,0.854334147000032],[34.427658756,0.854532359000064],[34.4287285090001,0.85489468500003],[34.429398447,0.855354504000031],[34.4315720980001,0.855624605000045],[34.432421403,0.855410030000013],[34.433483762,0.855777660000061],[34.4344219720001,0.856225992000013],[34.4355986780001,0.856615710000027],[34.439701945,0.858185265000021],[34.440536933,0.858220435000018],[34.441459045,0.858620771000053],[34.442392661,0.859043054000035],[34.4432957830001,0.859522635000073],[34.443497172,0.860480915000036],[34.4447996590001,0.862933153000015],[34.445599529,0.863566605000075],[34.446362462,0.863975611000065],[34.446677574,0.864857004000035],[34.446894269,0.865689502000074],[34.4468902630001,0.866653278000065],[34.446924439,0.867755008000088],[34.4472127270001,0.868856755000022],[34.447393327,0.870159855000057],[34.4473573340001,0.870974276000017],[34.4472317120001,0.871788732000022],[34.44702411,0.872684614000025],[34.4468794160001,0.873499071000021],[34.4467328650001,0.874476370000018],[34.446530222,0.875507754000057],[34.4464969410001,0.877488838000029],[34.4467358970001,0.878277083000063],[34.4469077590001,0.879052311000057],[34.4472608720001,0.880105034000045],[34.4475367630001,0.881204502000061],[34.447984295,0.882331110000045],[34.4483468510001,0.883073148000048],[34.4488687200001,0.884073016000055],[34.449443983,0.885063940000064],[34.44994961,0.885955252000035],[34.4505525180001,0.886923510000026],[34.4509637130001,0.887697196000027],[34.4511003490001,0.888656389000055],[34.451235984,0.889452770000028],[34.4514937320001,0.890461713000031],[34.4519841060001,0.891365131000036],[34.452005313,0.892140338000036],[34.452060886,0.893051346000049],[34.4521146600001,0.894324247000039],[34.451639008,0.895576410000045],[34.4515597000001,0.896423711000059],[34.4513931490001,0.897271330000034],[34.4508606420001,0.898226711000064],[34.4504100130001,0.899534147000044],[34.453392121,0.902852222000019],[34.4548381560001,0.90314651400007],[34.4557546720001,0.903337139000019],[34.4564483340001,0.903804616000058],[34.457049232,0.904419979000061],[34.457467697,0.905062464000027],[34.457922184,0.906062360000021],[34.458154166,0.907241683000048],[34.4590100130001,0.909034147000051],[34.462448151,0.911324286000007],[34.4634294320001,0.911631920000052],[34.4643936100001,0.912220053000057],[34.4648686670001,0.912916845000033],[34.4653619210001,0.913885079000055],[34.4658789170001,0.915212051000021],[34.4669863500001,0.917479416000051],[34.4678338000001,0.918346248000017],[34.4684779620001,0.919091255000068],[34.469096081,0.919905685000056],[34.469985106,0.92108204500005],[34.4705981610001,0.921971851000013],[34.470949321,0.922870742000043],[34.4711853060001,0.923800992000051],[34.4713865570001,0.924644339000055],[34.471586132,0.925626208000033],[34.472160151,0.926709089000032],[34.4728285690001,0.927796454000027],[34.4734692500001,0.928594278000052],[34.4740793140001,0.929578331000062],[34.4747085660001,0.930956092000032],[34.4754024540001,0.932188252000061],[34.4758038780001,0.933240962000052],[34.476191709,0.934358849000027],[34.477070955,0.935888483000044],[34.4777840530001,0.936599631000032],[34.478551329,0.937720206000046],[34.4788935620001,0.938528582000057],[34.479190036,0.939367174000038],[34.4793860660001,0.940184613000041],[34.479588876,0.941353461000065],[34.4796236110001,0.942733459000067],[34.4793871150001,0.944257601000048],[34.479438669,0.946153360000035],[34.479925327,0.947321454000081],[34.4802497650001,0.948144916000035],[34.4804566500001,0.949125235000046],[34.4803298620001,0.950045037000046],[34.480835733,0.952790971000069],[34.481275555,0.953936412000067],[34.481733493,0.954781008000053],[34.4822555420001,0.955746219000034],[34.4824765760001,0.956850231000039],[34.4825543870001,0.957724976000059],[34.482516596,0.958904413000008],[34.4825512100001,0.959872671000012],[34.482504443,0.960797646000044],[34.4827178350001,0.962088919000058],[34.483137529,0.962782042000063],[34.483302743,0.963646208000051],[34.48376174,0.964849735000022],[34.4843850500001,0.966020069000026],[34.484710738,0.966768160000078],[34.4848049290001,0.967742840000019],[34.485374155,0.969371254000061],[34.4861128490001,0.970411324000039],[34.4858540280001,0.971407650000069],[34.4864299910001,0.973410854000064],[34.4871386030001,0.974363404000026],[34.4873639950001,0.975697382000022],[34.4878636070001,0.977206319000053],[34.487905948,0.978509426000069],[34.4880823250001,0.97950637800004],[34.4883041590001,0.980518332000015],[34.488827723,0.981878709000063],[34.489156445,0.983210471000059],[34.4889013110001,0.984590515000042],[34.4887110330001,0.986024826000069],[34.4883776830001,0.987309820000072],[34.4881071410001,0.98817858500007],[34.4879167120001,0.989101645000062],[34.4877816150001,0.990124214000043],[34.487797261,0.991440869000026],[34.4878203800001,0.992232696000041],[34.487845431,0.993110475000037],[34.487820974,0.994241638000049],[34.4877624280001,0.995074759000027],[34.4882384420001,0.997661612000069],[34.488449723,0.998752665000045],[34.487712995,0.999652297000068],[34.487292709,1.00128257700005],[34.4875531110001,1.00200967600006],[34.487863928,1.00276805500004],[34.4881303720001,1.00352283600005],[34.4881122510001,1.00452169200001],[34.4879018030001,1.00530830300003],[34.4879217480001,1.00611563800004],[34.4879862490001,1.00712324500006],[34.487964925,1.00831375100005],[34.4880285680001,1.00942644800005],[34.488184243,1.01027745600003],[34.488445643,1.01138446400007],[34.4887549000001,1.01273265100002],[34.489079035,1.01375979000007],[34.4892582630001,1.01472110400003],[34.4891835450001,1.01549022100004],[34.489059093,1.01641980200002],[34.4897912500001,1.01933730800003],[34.4902637860001,1.02060971900006],[34.4903990170001,1.02169935100005],[34.49052276,1.02269322600006],[34.490358508,1.02401371300003],[34.490590775,1.02610193200008],[34.4908909650001,1.02695253200005],[34.4911613140001,1.02768999200003],[34.491370035,1.02854983900003],[34.491433918,1.02992128700003],[34.491309266,1.03109906700007],[34.4916715040001,1.03280903600006],[34.4919566020001,1.03367653700009],[34.4921923520001,1.03445814500002],[34.4925635180001,1.03565684500005],[34.4927243230001,1.03691491500006],[34.492517262,1.03771669800005],[34.4926929320001,1.03901410900003],[34.4930439840001,1.04000091100006],[34.493159285,1.04113199200002],[34.493380911,1.04251782700004],[34.493719436,1.04368428700007],[34.49417916,1.04465872200005],[34.4945076750001,1.04540131000005],[34.494964865,1.04629617000006],[34.495402493,1.04724866100002],[34.4953835200001,1.04817495600002],[34.4957668110001,1.04909622700005],[34.496481364,1.04982723300002],[34.496799437,1.05115734200008],[34.4968450700001,1.05230801300006],[34.4970004690001,1.05330987300004],[34.498181243,1.05548696100004],[34.498925188,1.05630019600004],[34.4994390350001,1.05688712000004],[34.4999205410001,1.05774407500007],[34.50011915,1.05868164100003],[34.4997537950001,1.05952661100002],[34.499324793,1.06021680000003],[34.4991646010001,1.06180512900004],[34.5004280680001,1.06368525600005],[34.5012081630001,1.06453560600006],[34.501673748,1.06544717600002],[34.50205442,1.06618715700006],[34.5022435070001,1.06717072700007],[34.5024023340001,1.06793103500008],[34.502483877,1.06877051200008],[34.5040342880001,1.07187513100007],[34.5047945430001,1.07275350300005],[34.50565892,1.07334334100005],[34.5060625130001,1.07420694200004],[34.5067245050001,1.07506131900005],[34.507334058,1.07592675800004],[34.5079521280001,1.07681997600004],[34.5104072080001,1.07867805300004],[34.511604461,1.07932188500006],[34.5124966700001,1.08009166400006],[34.5129492290001,1.08080627700001],[34.5136517540001,1.08136368000003],[34.5142298210001,1.08216206400005],[34.5146582350001,1.08312857300007],[34.515135667,1.08411762100007],[34.515577567,1.08489840500005],[34.5160847130001,1.08587370800006],[34.516743751,1.08694824400005],[34.5171533760001,1.08778836100003],[34.517853384,1.08865189800001],[34.5180870240001,1.08938978900004],[34.5181069870001,1.09025996800005],[34.5182572460001,1.09106683900006],[34.5185994820001,1.09188256100003],[34.518727976,1.09325256600005],[34.5187892920001,1.09423200900004],[34.5190772380001,1.09525493200004],[34.5194268550001,1.09631441100004],[34.5197646280001,1.09708249800001],[34.520193948,1.09788652200006],[34.5205126980001,1.09881813800006],[34.5207827580001,1.09954750500002],[34.521262559,1.10016163400007],[34.5219497740001,1.10109320400004],[34.5224083640001,1.10193443600001],[34.5232638270001,1.10267608400006],[34.5240315140001,1.10320004900005],[34.52484595,1.10365357200004],[34.525715629,1.10389878300003],[34.5265393070001,1.10442573800002],[34.530632374,1.10642174600001],[34.5454137090001,1.10492421900004],[34.548704043,1.10460918700004],[34.554795384,1.10399090100003],[34.55880504,1.10358387600006],[34.56394577,1.10306191400002],[34.572662354,1.10217690500001],[34.574392695,1.10202931200006],[34.574928819,1.10506844200005],[34.5780660200001,1.13773778700005],[34.578900047,1.14639197800005],[34.579004872,1.14775034300005],[34.57975852,1.15018471400004],[34.580426877,1.15057276600002],[34.5827498720001,1.15133148500009],[34.5864826660001,1.15167945000007],[34.5877291360001,1.15188423800002],[34.5892120720001,1.15231565200003],[34.590615611,1.15286558500002],[34.5924100130001,1.15353414700007],[34.593152945,1.15372812700002],[34.5942767830001,1.15409638900007],[34.5956029060001,1.15470425700004],[34.5967367700001,1.15514516700005],[34.599358266,1.15589635700007],[34.6003484980001,1.15616804600006],[34.601345586,1.15631091600005],[34.6022319790001,1.15633449000006],[34.6030718490001,1.15654444700004],[34.6039701760001,1.15682235000003],[34.6074642,1.15804306600007],[34.6084677380001,1.15808161100006],[34.6096057890001,1.15848854200005],[34.6105308530001,1.15883624600002],[34.6113344830001,1.15914475900008],[34.612194061,1.15965712100006],[34.6131553650001,1.16038906600004],[34.613803864,1.16085440000006],[34.6146335600001,1.16159683500006],[34.6154047650001,1.16240028500003],[34.616112957,1.16301960500004],[34.619161381,1.16621876700001],[34.6198438050001,1.16679743100003],[34.6248100130001,1.16893414700008],[34.626922662,1.16908507600004],[34.6278581620001,1.16905251100006],[34.6289151510001,1.16937144600007],[34.629827499,1.16963872300005],[34.630758531,1.17010375200005],[34.6338648300001,1.17131287900003],[34.635115624,1.17153078300004],[34.636112213,1.17186409200002],[34.6369686130001,1.17219084500003],[34.6376457210001,1.17255687700004],[34.6382203800001,1.17332939800002],[34.6416874810001,1.17628234200004],[34.6452872290001,1.17799622200004],[34.6461505890001,1.17823618700003],[34.64723587,1.17856293900007],[34.648332596,1.17900741100005],[34.6489410400001,1.17951059300003],[34.6494391680001,1.18017987100006],[34.650710013,1.18143414700005],[34.653143103,1.18289959100003],[34.6544933320001,1.18345150400007],[34.655216217,1.18451678800005],[34.65558815,1.18522912300006],[34.656034188,1.18646026200002],[34.656610013,1.18753414700007],[34.659043807,1.18906505000007],[34.6600189210001,1.18967324500004],[34.660690308,1.19026804000004],[34.662052155,1.19131362400004],[34.6627178190001,1.19182342300007],[34.663261414,1.19241166200003],[34.663658142,1.19306516600004],[34.6640625000001,1.19388866400003],[34.664408818,1.19486967000007],[34.6647033690001,1.19573164000001],[34.6648668240001,1.19661063500008],[34.6653100130001,1.19833414700003],[34.666268361,1.20131979900003],[34.666625977,1.20230639000003],[34.667019947,1.20371121100003],[34.6673100130001,1.20463414700003],[34.6696100130001,1.20783414700002],[34.674710013,1.20923414700007],[34.6756198320001,1.20941170300006],[34.6764933270001,1.20944313200004],[34.677893424,1.20993224900007],[34.6795496600001,1.21030509400003],[34.680654184,1.21059374800006],[34.682210013,1.21093414700004],[34.686958471,1.21154799600002],[34.687866764,1.21171559900006],[34.6887945400001,1.21189676100005],[34.690023422,1.21202135100004],[34.691238404,1.21229910900006],[34.6920623780001,1.21258008500007],[34.692933447,1.21285955000007],[34.694076538,1.21307683000003],[34.6950283050001,1.21333170000004],[34.6957670570001,1.21368915500005],[34.6965682430001,1.21395859500004],[34.6974468230001,1.21413558700005],[34.6982460020001,1.21443617300002],[34.6990604370001,1.21490091000003],[34.701210013,1.21583414700006],[34.7031218920001,1.21563576600004],[34.7044019420001,1.21548077000005],[34.7052230830001,1.21549499000002],[34.706035614,1.21557343000005],[34.7072258000001,1.21562564400005],[34.7081260680001,1.21562564400005],[34.709342957,1.21548187700006],[34.710264206,1.21537733100007],[34.7112566760001,1.21560969100005],[34.7127896040001,1.21586230000003],[34.7137660980001,1.21582830000006],[34.714707274,1.21610250200007],[34.71580177,1.21632446900002],[34.7169005740001,1.21667619600004],[34.7183147700001,1.21714009900006],[34.7191278660001,1.21735631400002],[34.72151302,1.21762571300007],[34.722293854,1.21739679600006],[34.7230911250001,1.21742951900006],[34.7240332150001,1.21777286700005],[34.728969711,1.21843007500008],[34.7302169800001,1.21861020700004],[34.7311248780001,1.21888691200007],[34.7319870000001,1.21876925200007],[34.733201261,1.21892331700008],[34.736380524,1.21941560200002],[34.7371602330001,1.21961588200003],[34.7387721210001,1.21952687000003],[34.7398058570001,1.21942059200006],[34.740450148,1.21993352700001],[34.743110013,1.22093414700003],[34.7448039070001,1.22060514300004],[34.746078491,1.22035741800005],[34.746985088,1.22042274500005],[34.7481706630001,1.22032688200004],[34.749300003,1.22003060600002],[34.750416756,1.22012299300007],[34.751178742,1.22026073900001],[34.752051352,1.22038327800003],[34.7531555370001,1.22070793700003],[34.7544071630001,1.22095406900008],[34.759210013,1.22133414700004],[34.7599721060001,1.22114249500004],[34.760812759,1.22069380700003],[34.7617820200001,1.22057485600004],[34.7629075850001,1.22037025900005],[34.7641082760001,1.21998469800007],[34.7653688550001,1.21968556900003],[34.7668262940001,1.21929013500005],[34.7676193240001,1.21874735300003],[34.768424988,1.21875051700005],[34.7692289350001,1.21931368100007],[34.770207977,1.21990096600006],[34.771213532,1.22041541400006],[34.772085555,1.22113875900003],[34.774464004,1.22284480200005],[34.777395692,1.22220231700004],[34.7786664970001,1.22219055900006],[34.779666901,1.22248798600003],[34.7804094950001,1.22281161900002],[34.781139823,1.22334016900005],[34.782310013,1.22393414700003],[34.7858797100001,1.22279230100003],[34.786776757,1.22267337100003],[34.787787915,1.22254041600007],[34.7886343000001,1.22236904500004],[34.789839935,1.22216436800006],[34.790773045,1.22214440200002],[34.791886214,1.22209686000001],[34.792861938,1.22194071600006],[34.794187546,1.22218580600001],[34.795038859,1.22279572500002],[34.7955284120001,1.22338748000003],[34.7961597440001,1.22406560200005],[34.796844482,1.22466766900004],[34.797408284,1.22530478100003],[34.799928988,1.22753792300005],[34.8009237470001,1.22818941200006],[34.8016052250001,1.22854149300002],[34.8023643490001,1.22909355200005],[34.8031730650001,1.22962780300002],[34.8040033980001,1.23031191000006],[34.8047434490001,1.23100988100003],[34.805486043,1.23152705000006],[34.8058680780001,1.23231744900005],[34.806278229,1.23323826900002],[34.806910013,1.23543414700004],[34.8085227330001,1.23770019500005],[34.8101695510001,1.23924913900003],[34.811044693,1.23977291600004],[34.811454773,1.24047724400003],[34.811380399,1.24154984300002],[34.811720431,1.24455279000006],[34.814044106,1.24771764600007],[34.815031687,1.24828215400004],[34.815645218,1.24884367000006],[34.8159192410001,1.24960614500002],[34.8169038140001,1.25068592800005],[34.8178949360001,1.25103168200007],[34.817826843,1.25209131200006],[34.817481995,1.25278103400007],[34.8176240920001,1.25368130200008],[34.8178082630001,1.25470132500004],[34.818010013,1.25783414700003],[34.818469355,1.25882200900002],[34.8186539170001,1.25962569600005],[34.8193100130001,1.26173414700003],[34.819981833,1.26226765200004],[34.823365096,1.26469505500006],[34.8245412630001,1.26518097600007],[34.826219915,1.26648017600007],[34.827124278,1.26714342900003],[34.8279115,1.26769310200006],[34.8292602240001,1.26885581500005],[34.8303074840001,1.26958617600008],[34.8303249910001,1.27050794900003],[34.830885569,1.27119796500006],[34.830732278,1.27222458200002],[34.829852112,1.27412459800007],[34.8290100130001,1.27583414700006],[34.8289817690001,1.27676277000005],[34.828954697,1.27786290700004],[34.828920365,1.27908369900007],[34.8288471770001,1.28003610800003],[34.828710013,1.28303414700002],[34.8283100130001,1.28733414700002],[34.828254261,1.29092124000004],[34.8282433100001,1.29234444000001],[34.828229632,1.29547305000003],[34.828210013,1.29663414700001],[34.828970484,1.29998871000004],[34.829381943,1.30130091800003],[34.8294305800001,1.30241102000003],[34.8297214510001,1.30353462700003],[34.8297977450001,1.30442407700003],[34.8294564330001,1.30533217800007],[34.8294675170001,1.30651929800007],[34.8287544250001,1.31031912600002],[34.8282127300001,1.31112037200006],[34.8254033910001,1.31462346000007],[34.824752313,1.31552296500008],[34.821410013,1.31913414700006],[34.8195100130001,1.32183414700007],[34.817610013,1.32483414700005],[34.8170626990001,1.32550391700004],[34.8159179690001,1.32693994000005],[34.8151722320001,1.32785573300003],[34.8123100130001,1.33143414700004],[34.809210013,1.33523414700005],[34.806910013,1.33853414700007],[34.803810013,1.34353414700006],[34.801510013,1.34693414700008],[34.7985100130001,1.35173414700005],[34.7960100130001,1.35543414700004],[34.7926100130001,1.36013414700005],[34.7885100130001,1.36473414700003],[34.785210013,1.36853414700004],[34.781534725,1.37516706200007],[34.780699584,1.37854012400005],[34.7803316120001,1.37949428000007],[34.779714584,1.38047415000004],[34.7788292810001,1.38131480400005],[34.7767100130001,1.38423414700002],[34.775910013,1.38793414700006],[34.776857481,1.38996473200007],[34.7771662820001,1.39095111200002],[34.7772842840001,1.39292170500006],[34.7777383590001,1.39373409800004],[34.777515941,1.39468032400002],[34.778662765,1.398222834],[34.7803972880001,1.39911500600003],[34.7809362620001,1.39994691200007],[34.7815894450001,1.40077220700004],[34.7831230100001,1.40291727500005],[34.783987046,1.40330916600004],[34.78471152,1.40422887600005],[34.785023111,1.40529698400007],[34.786310013,1.40693414700006],[34.7892535500001,1.40900785700006],[34.790061951,1.40950679800004],[34.7907829280001,1.40999376800005],[34.7914810180001,1.41069257300006],[34.7921371460001,1.41113722300003],[34.7929306030001,1.41180425900006],[34.7935752870001,1.41272532900008],[34.7940276320001,1.41372577000005],[34.796110013,1.41793414700003],[34.7984100130001,1.42103414700006],[34.8009100130001,1.42343414700003],[34.80424033,1.42562024100004],[34.8075100130001,1.42703414700004],[34.809835799,1.42808450200004],[34.8113212590001,1.42869138700007],[34.8124757520001,1.42912713600003],[34.814468054,1.42990843800004],[34.8162956240001,1.43076658200003],[34.81735611,1.43152892600003],[34.818416595,1.43256640400004],[34.8195800780001,1.43364644100007],[34.82037595,1.43502176000005],[34.8210105900001,1.43613672300005],[34.82175533,1.43780155100008],[34.823510013,1.44113414700005],[34.824218945,1.44217799500006],[34.824729919,1.44288420700002],[34.825369714,1.44379827200002],[34.827610013,1.44613414700006],[34.8304100130001,1.44803414700003],[34.833410013,1.45003414700005],[34.836564067,1.45157047700006],[34.839378649,1.45175488800004],[34.84107399,1.45170694600006],[34.8423767090001,1.45164740100007],[34.8436409340001,1.45163677700002],[34.844478607,1.45162451300006],[34.845493317,1.45181685700004],[34.84651947,1.45202756000003],[34.847614289,1.45240306900007],[34.8484268190001,1.45312750300006],[34.8490104680001,1.45433068300002],[34.849580765,1.45531129900006],[34.8499425320001,1.45612082300005],[34.8509429320001,1.45816225500005],[34.8516958760001,1.45931094600008],[34.8526150390001,1.46041410700002],[34.8528198280001,1.46179537200004],[34.8528667520001,1.46416737500003],[34.85292629,1.46554509200007],[34.853574623,1.46932157500002],[34.85389001,1.47022182600006],[34.8538511250001,1.47111758900006],[34.8539100130001,1.47223414700004],[34.85492708,1.47487195300004],[34.855348742,1.47580112300005],[34.8558074950001,1.47645120600003],[34.8561243520001,1.47750843600004],[34.855794578,1.48116942800004],[34.855470385,1.48212792200007],[34.855149587,1.48315902100006],[34.854809867,1.48439458400003],[34.8545819140001,1.48769969100004],[34.8545207340001,1.48889807800003],[34.854354046,1.489929376],[34.8543891910001,1.49086806800005],[34.854288889,1.49190419200004],[34.854310013,1.49603414700005],[34.855731839,1.50020399000003],[34.8567161560001,1.50329160700005],[34.857993406,1.50816574600003],[34.858410013,1.50973414700008],[34.859910013,1.51533414700003],[34.860810013,1.51873414700001],[34.8621100130001,1.52353414700003],[34.8634100130001,1.52873414700001],[34.889280404,1.55590305200008],[34.893383026,1.55538916600005],[34.9051055910001,1.55347359200005],[34.909660339,1.55599832500008],[34.9165534970001,1.55997955800006],[34.919039818,1.56141848900007],[34.9221100130001,1.56313414700003],[34.9293100130001,1.56813414700001],[34.9313504150001,1.56965444800004],[34.934394836,1.57186162500006],[34.93951416,1.57571935700002],[34.943100282,1.57832281600003],[34.9461100130001,1.58323414700004],[34.9498973870001,1.58954643800008],[34.9540100130001,1.59633414700003],[34.95588873,1.59940841100007],[34.9562928130001,1.60007388100006],[34.9599100130001,1.60633414700003],[34.9619100130001,1.61013414700004],[34.9644100130001,1.61493414700005],[34.966810013,1.61953414700002],[34.968910013,1.62353414700004],[34.9702847180001,1.62636233200003],[34.971342205,1.62845192100001],[34.9724100130001,1.63053414700005],[34.9744100130001,1.63453414700007],[34.9769100130001,1.63923414700002],[34.9789100130001,1.64343414700004],[34.981310013,1.64823414700005],[34.9837100130001,1.65293414700006],[34.986110013,1.65753414700003],[34.9885100130001,1.66233414700002],[34.9892762260001,1.66393954600005],[34.99059557,1.66670588700003],[34.9912198700001,1.67261156400002],[34.991710013,1.67693414700006],[34.992210013,1.68133414700003],[34.992610013,1.68663414700005],[34.9930100130001,1.69113414700007],[34.9934100130001,1.69553414700004],[34.9937100130001,1.69993414700002],[34.9941100130001,1.70433414700004],[34.9946100130001,1.70893414700003],[34.9949997260001,1.71331841600005],[34.9953100130001,1.71763414700006],[34.9957100130001,1.72223414700005],[34.9961100130001,1.72673414700005],[34.996510013,1.73113414700002],[34.9968718590001,1.73439076300002],[34.997016907,1.73556208600006],[34.997407384,1.73854820300004],[34.997610013,1.74003414700007],[34.997814872,1.74157059100004],[34.998218536,1.74448692800007],[34.9988174440001,1.74893605700003],[34.9992887080001,1.77784733400006],[35.000310013,1.83953414700005],[35.008310013,1.86393414700005],[35.0276031760001,1.92281328000008],[35.0113100130001,1.94313414700003],[34.9998100130001,1.95753414700003],[34.9927100130001,1.96663414700004],[34.983610013,1.98143414700007],[34.9833100130001,2.00073414700006],[34.9830100130001,2.00613414700007],[34.9828100130001,2.01023414700006],[34.982510013,2.01683414700005],[34.982313748,2.02017065300002],[34.982010013,2.02573414700002],[34.9817100130001,2.03113414700003],[34.9814100130001,2.03653414700006],[34.981110013,2.04113414700004],[34.9808100130001,2.04643414700006],[34.980610013,2.04993414700004],[34.9805100130001,2.05313414700005],[34.979710013,2.05693414700005],[34.9783100130001,2.06303414700005],[34.9773100130001,2.06743414700003],[34.976110013,2.07263414700003],[34.975683594,2.07449973100005],[34.9752610360001,2.07638908700006],[34.9742100130001,2.08143414700004],[34.9730100130001,2.08663414700003],[34.972010013,2.09093414700003],[34.970910013,2.09633414700006],[34.969510013,2.10273414700003],[34.968610013,2.10673414700005],[34.9676100130001,2.11063414700004],[34.966410013,2.11633414700004],[34.965210013,2.12133414700002],[34.964110013,2.12663414700007],[34.9629100130001,2.13183414700005],[34.9617100130001,2.13703414700006],[34.9604100130001,2.14313414700007],[34.958910013,2.14983414700003],[34.9577100130001,2.15553414700003],[34.9563100130001,2.16163414700002],[34.955110013,2.16683414700003],[34.9540100130001,2.17203414700003],[34.953010013,2.17643414700006],[34.951610013,2.18253414700006],[34.9504100130001,2.18773414700006],[34.949410013,2.19213414700005],[34.9484100130001,2.19643414700005],[34.947410013,2.20073414700004],[34.9465100130001,2.20573414700004],[34.9454100130001,2.21303414700004],[34.9441100130001,2.22043414700005],[34.9439353120001,2.22150730800007],[34.9434100130001,2.22473414700004],[34.942610013,2.22993414700004],[34.9418749750001,2.23401083800008],[34.941580683,2.23575599300005],[34.940810013,2.24053414700005],[34.9398100130001,2.24673414700003],[34.939210013,2.25003414700005],[34.9384100130001,2.25473414700003],[34.9377100130001,2.25913414700004],[34.936910013,2.26343414700005],[34.936210013,2.26793414700006],[34.935610013,2.27193414700002],[34.9348100130001,2.27693414700003],[34.934010013,2.28143414700003],[34.9332100130001,2.28663414700003],[34.9325100130001,2.29113414700004],[34.931710013,2.29553414700007],[34.930810013,2.30103414700005],[34.9302100130001,2.30533414700005],[34.9293100130001,2.31073414700006],[34.9284100130001,2.31603414700003],[34.9273100130001,2.32223414700007],[34.9268973590001,2.32498517600004],[34.926710013,2.32623414700002],[34.9255100130001,2.33363414700005],[34.9246100130001,2.33893414700002],[34.923810013,2.34433414700003],[34.9228100130001,2.35033414700006],[34.9217100130001,2.35643414700009],[34.9207100130001,2.36243414700005],[34.919710013,2.36843414700008],[34.918810013,2.37453414700002],[34.9178100130001,2.38083414700003],[34.9169100130001,2.38713414700003],[34.9172186770001,2.39209563500002],[34.917839051,2.39385652600003],[34.91652298,2.39456355600003],[34.9156303120001,2.39512383300006],[34.9142100130001,2.39703414700005],[34.9136812680001,2.40110248700004],[34.9134784350001,2.40228013900003],[34.9144318260001,2.40696605200002],[34.9147941100001,2.40819907300005],[34.9154861050001,2.41013280500003],[34.9156080400001,2.41104180100006],[34.915617266,2.41280358800003],[34.9158296590001,2.41387005700004],[34.9158174520001,2.41508549200004],[34.9158907890001,2.41876532000003],[34.916035568,2.41961067300001],[34.916110013,2.42413414700007],[34.917431895,2.42443870500006],[34.918622971,2.42508006100007],[34.9196990340001,2.42573146300004],[34.921510013,2.42693414700004],[34.9226617800001,2.42733485300004],[34.923658753,2.42738790500004],[34.924680193,2.42760559200002],[34.927824302,2.42920428000003],[34.9287414550001,2.42950952100005],[34.92945989,2.43026844700005],[34.9302310950001,2.43069410300005],[34.930979156,2.43124556500004],[34.9313842770001,2.43225827200007],[34.930653964,2.43333078700004],[34.9305206880001,2.43486220400007],[34.930610013,2.43873414700004],[34.934172663,2.43861530200006],[34.935035387,2.43927941700003],[34.935901642,2.44046532100003],[34.9363401730001,2.44168320400007],[34.936010013,2.44403414700002],[34.937410013,2.44683414700007],[34.938479139,2.44835844800002],[34.939291715,2.44898835500003],[34.9406733930001,2.44980200100001],[34.941750685,2.44937760700004],[34.9427121480001,2.44970552100005],[34.9426759090001,2.45064886400008],[34.9421536610001,2.45148142500005],[34.9422100130001,2.45393414700004],[34.945224915,2.45465326600003],[34.9463806150001,2.45538330100004],[34.9471130370001,2.45629882800006],[34.947875977,2.45672607400006],[34.9489135740001,2.45660400400004],[34.9497070310001,2.45648193400006],[34.950408936,2.45718383800005],[34.951477051,2.45770263700006],[34.9525756840001,2.45822143600002],[34.9531250000001,2.45892334000008],[34.9528808590001,2.45971679700005],[34.952514648,2.46069335900006],[34.9520874020001,2.46148681600004],[34.9520874020001,2.46258544900007],[34.952270508,2.46392822300003],[34.952697754,2.46490478500004],[34.9533081050001,2.46569824200002],[34.953491211,2.46649169900007],[34.953918457,2.46728515600005],[34.9541015620001,2.46850585900005],[34.9542846680001,2.46942138700007],[34.9541015620001,2.47082519500004],[34.953094482,2.47180175800003],[34.953674316,2.47332763700007],[34.947875977,2.47308349600007],[34.9432983400001,2.48370361300003],[34.9376831050001,2.49731445300005],[34.933898926,2.50872802700006],[34.9323120120001,2.51489257800005],[34.912902832,2.51507568400008],[34.9044799800001,2.54730224600008],[34.898498535,2.58288574200002],[34.897277832,2.58551025400004],[34.8934936520001,2.59088134800004],[34.8798828130001,2.58709716800007],[34.8798828130001,2.58209228500005],[34.878723145,2.57067871100004],[34.8679199220001,2.56872558600003],[34.8527221680001,2.58148193400007],[34.8378906250001,2.60211181600003],[34.82989502,2.61932373000007],[34.798706055,2.65332031300004],[34.7949218750001,2.66589355500002],[34.79309082,2.67169189500003],[34.7894897460001,2.68188476600005],[34.7750854490001,2.69628906200006],[34.7814941410001,2.73071289100005],[34.7838745120001,2.74047851600005],[34.7841186520001,2.74768066400003],[34.7814941410001,2.76647949200003],[34.7802734370001,2.77191162100006],[34.779907227,2.77331543000002],[34.774475098,2.79730224600008],[34.7694702150001,2.81091308600002],[34.7684936520001,2.81427002000003],[34.7672729490001,2.81689453100005],[34.766479492,2.82012939500004],[34.7631225590001,2.82348632800005],[34.760070801,2.82647705100003],[34.7562866210001,2.82489013700005],[34.7496948240001,2.82348632800005],[34.745483398,2.83190918000003],[34.7421264650001,2.84191894500002],[34.737121582,2.85211181600003],[34.732299805,2.85571289100005],[34.726928711,2.85772705100004],[34.721313477,2.85968017600005],[34.7120971680001,2.86267089800002],[34.7086791990001,2.87127685500006],[34.702270508,2.87512207000002],[34.6984863280001,2.86828613300004],[34.6923217770001,2.85992431600005],[34.6853027340001,2.86132812500006],[34.6696777340001,2.86132812500006],[34.6591186520001,2.86291503900003],[34.653686523,2.86468505900007],[34.6403198240001,2.90472412100007],[34.633117676,2.90850830100002],[34.599487305,2.92291259800003],[34.588928223,2.97888183600002],[34.5891113280001,2.99230957000003],[34.588684082,2.99511718800005],[34.588684082,2.99768066400002],[34.588928223,3.00030517600004],[34.5880737300001,3.00329589800004],[34.583129883,3.00830078100005],[34.580871582,3.01208496100002],[34.5795288090001,3.01507568400007],[34.577270508,3.02008056600004],[34.5761108400001,3.02191162100008],[34.57409668,3.05352783200004],[34.5748901370001,3.06408691400002],[34.575500488,3.07031250000005],[34.576477051,3.08007812500004],[34.5734863280001,3.10070800800001],[34.5595092770001,3.11267089800003],[34.5463256840001,3.13690185500007],[34.5371093750001,3.14331054700004],[34.5236816410001,3.14727783200003],[34.5150756840001,3.15008544900008],[34.5114746090001,3.15069580100005],[34.5062866210001,3.14831543000001],[34.4940795900001,3.14270019500003],[34.4896850590001,3.15570068400007],[34.4841308590001,3.16571044900008],[34.4716796870001,3.17388916000003],[34.460510254,3.17590332000004],[34.4550781250001,3.18408203100005],[34.4572753910001,3.20269775400003],[34.452697754,3.22509765600006],[34.4519042970001,3.22888183600003],[34.451293945,3.24011230500002],[34.451293945,3.24267578100007],[34.4489135740001,3.26727294900008],[34.448120117,3.28289794900007],[34.43927002,3.30688476600006],[34.4340820310001,3.32348632800006],[34.427124023,3.34527587900003],[34.4133300780001,3.36248779300007],[34.401672363,3.37152099600007],[34.4000854490001,3.37829589800004],[34.401489258,3.41571044900006],[34.4108886720001,3.41809082000002],[34.411499023,3.42108154300007],[34.413696289,3.42449951200006],[34.4174804690001,3.43109130900005],[34.4187011720001,3.43371582000002],[34.417297363,3.45190429700005],[34.405883789,3.46972656200007],[34.391723633,3.48309326200007],[34.3903198240001,3.48687744100004],[34.389709473,3.49072265600006],[34.3890991210001,3.49328613300004],[34.391479492,3.49487304700005],[34.3964843750001,3.48950195300006],[34.42388916,3.49212646500007],[34.4345092770001,3.49890136700004],[34.4432983400001,3.50872802700008],[34.445922852,3.51190185500008],[34.44732666,3.51428222700003],[34.4498901370001,3.51770019500002],[34.4511108400001,3.52008056600004],[34.4533081050001,3.54571533200004],[34.454711914,3.55932617200006],[34.455688477,3.56970214800003],[34.4564819340001,3.58032226600005],[34.453674316,3.61230468700006],[34.458312988,3.63989257800005],[34.463928223,3.66992187500005],[34.4550781250001,3.67730712900004],[34.434875488,3.68450927700007],[34.422485352,3.68908691400003],[34.419494629,3.68988037100008],[34.4074707030001,3.69311523400006],[34.4044799800001,3.69329834000007],[34.4008789060001,3.70629882800005],[34.395874023,3.71051025400003],[34.378295898,3.73168945300005],[34.370727539,3.73547363300001],[34.3544921870001,3.73651123000007],[34.336730957,3.73248291000005],[34.3248901370001,3.72808837900003],[34.317687988,3.72149658200004],[34.312072754,3.70428466800006],[34.3082885740001,3.69348144500003],[34.306274414,3.68670654300007],[34.3026733400001,3.68670654300007],[34.3051147460001,3.69067382800005],[34.3068847660001,3.70007324200003],[34.3081054690001,3.71307373000007],[34.2946777340001,3.72412109400005],[34.283081055,3.73309326200006],[34.2670898440001,3.74908447300004],[34.2597045900001,3.76629638700008],[34.2460937500001,3.78527832000003],[34.240112305,3.78411865200008],[34.235473633,3.78192138700007],[34.232299805,3.78192138700007],[34.230285645,3.77832031200007],[34.2282714840001,3.77429199200002],[34.2260742190001,3.77471923800004],[34.22668457,3.77947998000009],[34.2272949220001,3.78289794900006],[34.224914551,3.78411865200008],[34.2207031250001,3.78448486300004],[34.214477539,3.78228759800003],[34.2106933590001,3.78027343800005],[34.2064819340001,3.77911377000002],[34.204711914,3.77807617200004],[34.1928710940001,3.77368164100005],[34.190490723,3.77227783200003],[34.1862792970001,3.77172851600004],[34.172485352,3.76788330100004],[34.1652832030001,3.77667236300004],[34.1701049800001,3.77728271500006],[34.181274414,3.78027343800005],[34.184875488,3.78088378900003],[34.19128418,3.78271484400006],[34.1896972660001,3.78991699200002],[34.1889038090001,3.79187011700005],[34.1896972660001,3.79510498000006],[34.1754760740001,3.80090332000003],[34.170471191,3.80133056600003],[34.162719727,3.79748535200002],[34.1591186520001,3.80212402300004],[34.1530761720001,3.80090332000003],[34.152893066,3.80767822300003],[34.157287598,3.80828857400008],[34.164123535,3.81170654300007],[34.1699218750001,3.82171630900006],[34.180297852,3.83172607400007],[34.2141113280001,3.83227539100006],[34.217102051,3.83227539100006],[34.2255249020001,3.83087158200003],[34.225891113,3.85070800800003],[34.224914551,3.85430908200004],[34.215881348,3.88153076200007],[34.208129883,3.88330078100006],[34.2050781250001,3.88330078100006],[34.201477051,3.88348388700006],[34.19708252,3.88269043000001],[34.176086426,3.88031005900006],[34.1730957030001,3.87829589800004],[34.169311523,3.87628173800006],[34.16809082,3.87109375000006],[34.163696289,3.87072753900004],[34.149475098,3.87011718800004],[34.1276855470001,3.87249755900006],[34.108520508,3.86889648400006],[34.092895508,3.86169433600004],[34.0880737300001,3.86267089800002],[34.088928223,3.86669921900003],[34.088928223,3.87072753900004],[34.090881348,3.88568115200008],[34.0947265630001,3.88830566400003],[34.103881836,3.89227294900008],[34.1146850590001,3.89752197300004],[34.118286133,3.90148925800001],[34.1190795900001,3.90307617200006],[34.1290893550001,3.93511962900004],[34.133911133,3.95751953100005],[34.134887695,3.96112060500006],[34.110900879,3.97491455100003],[34.104309082,3.97869873000007],[34.07989502,4.00451660200002],[34.0607299800001,4.01007080100003],[34.05847168,4.02868652300003],[34.088928223,4.03833007800005],[34.091674805,4.04748535200002],[34.092102051,4.06951904300006],[34.080688477,4.08630371100003],[34.063293457,4.09429931600004],[34.049926758,4.12170410200001],[34.0661010740001,4.14288330100003],[34.047821045,4.17889404300007],[34.038696289,4.18768310500006],[34.0139160160001,4.20672607400008],[33.9921264650001,4.22369384800004],[34.0184936520001,4.24908447300004],[34.085083008,4.31390380900006],[34.1146850590001,4.34228515600005],[34.140930176,4.36767578100006],[34.193908691,4.42010498000006],[34.2233276370001,4.44891357400006],[34.230102539,4.45568847700002],[34.268676758,4.49328613300002],[34.3051147460001,4.52850341800007],[34.360473633,4.58288574200003],[34.3920898440001,4.61370849600007],[34.4729003910001,4.69207763700006],[34.4996948240001,4.71527099600006],[34.5949096680001,4.79412841800008],[34.627075195,4.82250976600006],[34.701721191,4.88751220700004],[34.8214721680001,4.98931884800003],[34.8536987300001,5.01727294900007],[34.8834838870001,5.04248046900007],[34.9387207030001,5.08850097700001],[35.0682983400001,5.19592285200003],[35.125305176,5.24310302700008],[35.265930176,5.41351318400007],[35.292114258,5.41369628900002],[35.424682617,5.41387939500003],[35.604309082,5.41412353500003],[35.6058959960001,5.41412353500003],[35.60748291,5.41247558600002],[35.6088867190001,5.41052246100003],[35.610473633,5.40832519500002],[35.6115112300001,5.40612793000004],[35.612670898,5.40332031200007],[35.6135253910001,5.40130615200008],[35.6145019530001,5.39868164100004],[35.616088867,5.39672851600004],[35.6179199220001,5.39471435500009],[35.6193237300001,5.39312744100004],[35.6210937500001,5.39208984400006],[35.622680664,5.39031982400006],[35.623901367,5.38848877000005],[35.625305176,5.38629150400004],[35.626098633,5.38488769500002],[35.6267089840001,5.38287353500004],[35.6276855470001,5.38110351600006],[35.6289062500001,5.37872314500005],[35.6301269530001,5.37628173800004],[35.6311035160001,5.37512207000003],[35.63269043,5.37451171900004],[35.6345214840001,5.37408447300003],[35.636108398,5.37451171900004],[35.6381225590001,5.37548828100006],[35.639526367,5.37707519500004],[35.64050293,5.37847900400003],[35.6420898440001,5.37969970700004],[35.6433105470001,5.38067627000003],[35.6442871090001,5.38171386700002],[35.645324707,5.38208007800006],[35.6464843750001,5.38232421900004],[35.6477050780001,5.38232421900004],[35.6491088870001,5.38232421900004],[35.6508789060001,5.38250732400006],[35.6522827150001,5.38232421900004],[35.65411377,5.38232421900004],[35.6555175780001,5.38208007800006],[35.6569213870001,5.38232421900004],[35.658081055,5.38269043000002],[35.659484863,5.38348388700005],[35.6608886720001,5.38409423800004],[35.6622924800001,5.38488769500002],[35.6635131840001,5.38549804700005],[35.664672852,5.38629150400004],[35.6657104490001,5.38671875000004],[35.666870117,5.38708496100002],[35.66809082,5.38732910200003],[35.6688842770001,5.38751220700003],[35.6701049800001,5.38732910200003],[35.6713256840001,5.38690185500009],[35.672729492,5.38647460900005],[35.6735229490001,5.38629150400004],[35.6744995120001,5.38647460900005],[35.6754760740001,5.38647460900005],[35.6765136720001,5.38708496100002],[35.6774902340001,5.38751220700003],[35.678527832,5.38787841800008],[35.6796875000001,5.38812255900007],[35.680480957,5.38848877000005],[35.68170166,5.38848877000005],[35.682678223,5.38830566400002],[35.683898926,5.38830566400002],[35.684875488,5.38812255900007],[35.686096191,5.38769531300006],[35.687072754,5.38708496100002],[35.6879272460001,5.38671875000004],[35.689086914,5.38629150400004],[35.690307617,5.38592529300007],[35.6911010740001,5.38592529300007],[35.6920776370001,5.38549804700005],[35.6932983400001,5.38531494100004],[35.6942749020001,5.38568115200007],[35.695129395,5.38592529300007],[35.696105957,5.38568115200007],[35.69708252,5.38568115200007],[35.698303223,5.38568115200007],[35.699523926,5.38531494100004],[35.7011108400001,5.38488769500002],[35.702514648,5.38427734400005],[35.7041015620001,5.38391113300004],[35.705871582,5.38348388700005],[35.707092285,5.38348388700005],[35.708129883,5.38372802700008],[35.7094726560001,5.38409423800004],[35.7106933590001,5.38452148400005],[35.711730957,5.38470459000008],[35.71270752,5.38470459000008],[35.713684082,5.38427734400005],[35.71472168,5.38427734400005],[35.715698242,5.38470459000008],[35.716674805,5.38470459000008],[35.718078613,5.38452148400005],[35.719299316,5.38391113300004],[35.72052002,5.38348388700005],[35.721496582,5.38287353500004],[35.722290039,5.38232421900004],[35.7233276370001,5.38208007800006],[35.7241210940001,5.38128662100006],[35.724914551,5.38049316400002],[35.725891113,5.37951660200001],[35.72668457,5.37847900400003],[35.726928711,5.37768554700004],[35.72668457,5.37652587900005],[35.7263183590001,5.37548828100006],[35.725708008,5.37469482400006],[35.724914551,5.37371826200007],[35.7241210940001,5.37268066400002],[35.7238769530001,5.37188720700003],[35.7238769530001,5.37109375000007],[35.724487305,5.37030029300006],[35.7255249020001,5.36968994100004],[35.72668457,5.36950683600002],[35.727905273,5.36987304700005],[35.729125977,5.37030029300006],[35.730285645,5.37091064500005],[35.731506348,5.37127685500007],[35.73248291,5.37170410200002],[35.733520508,5.37152099600006],[35.734680176,5.37109375000007],[35.735717773,5.37091064500005],[35.736694336,5.37152099600006],[35.737915039,5.37231445300004],[35.7387084960001,5.37268066400002],[35.7396850590001,5.37292480500003],[35.7409057620001,5.37310791000004],[35.7418823240001,5.37329101600004],[35.7431030270001,5.37329101600004],[35.744506836,5.37329101600004],[35.745910645,5.37310791000004],[35.7470703120001,5.37268066400002],[35.7482910160001,5.37249755900008],[35.749328613,5.37188720700003],[35.7506713870001,5.37170410200002],[35.7518920900001,5.37127685500007],[35.7531127930001,5.37091064500005],[35.754272461,5.37030029300006],[35.7553100590001,5.36950683600002],[35.7562866210001,5.36889648400005],[35.7575073240001,5.36853027300003],[35.758911133,5.36791992200006],[35.759887695,5.36730957000003],[35.761291504,5.36669921900007],[35.762329102,5.36590576200006],[35.7628784180001,5.36492919900006],[35.762512207,5.36389160200001],[35.762084961,5.36291503900002],[35.7619018550001,5.36169433600002],[35.7619018550001,5.36047363300002],[35.762084961,5.35968017600004],[35.7631225590001,5.35888671900004],[35.764282227,5.35852050800002],[35.765686035,5.35827636700004],[35.7672729490001,5.35809326200006],[35.769104004,5.35791015600005],[35.7706909180001,5.35809326200006],[35.772521973,5.35809326200006],[35.7741088870001,5.35809326200006],[35.7753295900001,5.35748291000004],[35.776489258,5.35687255900006],[35.777893066,5.35607910200002],[35.77911377,5.35528564500004],[35.780090332,5.35430908200003],[35.780883789,5.35327148400006],[35.7816772460001,5.35229492200005],[35.7828979490001,5.35089111300004],[35.7838745120001,5.34991455100004],[35.7850952150001,5.34912109400006],[35.7860717770001,5.34851074200003],[35.7872924800001,5.34790039100005],[35.7885131840001,5.34771728500006],[35.7894897460001,5.34771728500006],[35.7905273440001,5.34808349600007],[35.791870117,5.34832763700005],[35.79309082,5.34832763700005],[35.7941284180001,5.34808349600007],[35.7951049800001,5.34771728500006],[35.7958984370001,5.34710693400005],[35.796691895,5.34649658200003],[35.797729492,5.34570312500007],[35.7982788090001,5.34490966800008],[35.7993164060001,5.34429931600004],[35.8002929690001,5.34368896500007],[35.8016967770001,5.34368896500007],[35.803100586,5.34387207000003],[35.804321289,5.34411621100002],[35.805480957,5.34368896500007],[35.8068847660001,5.34350585900005],[35.807922363,5.34332275400004],[35.8090820310001,5.34307861300004],[35.8104858400001,5.34252929700005],[35.8117065430001,5.34191894500002],[35.8129272460001,5.34130859400005],[35.814086914,5.34069824200003],[35.8151245120001,5.34051513700006],[35.81628418,5.34069824200003],[35.8173217770001,5.34112548800003],[35.818481445,5.34191894500002],[35.819885254,5.34271240200006],[35.821105957,5.34332275400004],[35.82232666,5.34411621100002],[35.8237304690001,5.34490966800008],[35.825073242,5.34527587900003],[35.826477051,5.34588623000007],[35.827697754,5.34613037100008],[35.828674316,5.34613037100008],[35.8300781250001,5.34570312500007],[35.831115723,5.34509277300003],[35.832092285,5.34509277300003],[35.833312988,5.34448242200005],[35.8344726560001,5.34387207000003],[35.835327148,5.34332275400004],[35.8361206050001,5.34210205100003],[35.8369140620001,5.34088134800003],[35.837280273,5.33972168000004],[35.837280273,5.33850097700001],[35.837280273,5.33691406200006],[35.837280273,5.33551025400004],[35.837280273,5.33428955100004],[35.83770752,5.33270263700006],[35.838500977,5.33172607400006],[35.839904785,5.33050537100006],[35.841125488,5.32928466800007],[35.8422851560001,5.32812500000004],[35.8436889650001,5.32672119100003],[35.8444824220001,5.32507324200004],[35.845092773,5.32391357400007],[35.84552002,5.32250976600004],[35.8457031250001,5.32110595700004],[35.84552002,5.31927490200008],[35.845275879,5.31732177700007],[35.845275879,5.31530761700003],[35.845092773,5.31311035200001],[35.845092773,5.31109619100005],[35.845275879,5.30932617200005],[35.8457031250001,5.30767822300003],[35.8466796870001,5.30609130900007],[35.8480834960001,5.30407714800003],[35.849914551,5.30187988300002],[35.8513183590001,5.30047607400007],[35.852111816,5.29931640600005],[35.852905273,5.29791259800004],[35.8535156250001,5.29650878900002],[35.8535156250001,5.29528808600002],[35.8532714840001,5.29370117200005],[35.852905273,5.29211425800003],[35.8524780270001,5.29052734400005],[35.8515014650001,5.28869628900002],[35.8505249020001,5.28710937500005],[35.8491210940001,5.28527832000004],[35.8479003910001,5.28387451200006],[35.846496582,5.28228759800005],[35.8449096680001,5.28088378900002],[35.843322754,5.27929687500005],[35.8422851560001,5.27770996100002],[35.841918945,5.27612304700005],[35.8414916990001,5.27471923800005],[35.8413085940001,5.27307128900002],[35.840881348,5.27172851600005],[35.8400878910001,5.26989746100003],[35.839904785,5.26812744100004],[35.839477539,5.26568603500005],[35.8391113280001,5.26287841800007],[35.838684082,5.26049804700006],[35.838500977,5.25830078100005],[35.8378906250001,5.25592041000003],[35.837280273,5.25347900400004],[35.836730957,5.25109863300001],[35.8361206050001,5.24932861300004],[35.8358764650001,5.24749755900007],[35.835510254,5.24572753900001],[35.835510254,5.24432373000007],[35.8356933590001,5.24291992200005],[35.8361206050001,5.24151611300004],[35.8369140620001,5.24011230500002],[35.83770752,5.23870849600007],[35.8380737300001,5.23712158200004],[35.838500977,5.23547363300003],[35.838684082,5.23388671900004],[35.839477539,5.23211669900006],[35.8400878910001,5.23028564500004],[35.841125488,5.22888183600003],[35.8422851560001,5.22692871100003],[35.84387207,5.22448730500003],[35.8449096680001,5.22308349600007],[35.846313477,5.22131347700002],[35.847290039,5.21972656200006],[35.8483276370001,5.21789550800003],[35.8488769530001,5.21667480500002],[35.849487305,5.21508789100005],[35.849914551,5.21368408200004],[35.8500976560001,5.21228027300004],[35.8502807620001,5.21069335900004],[35.8502807620001,5.20892334000006],[35.8505249020001,5.20690918000002],[35.850891113,5.20507812500005],[35.8510742190001,5.20367431600005],[35.85168457,5.20251464800003],[35.8522949220001,5.20111084000007],[35.852905273,5.19970703100006],[35.8536071780001,5.19781494100004],[35.854125977,5.19628906300005],[35.8546752930001,5.19451904300007],[35.855102539,5.19250488300003],[35.855285645,5.19091796900006],[35.855102539,5.18890380900006],[35.8544921870001,5.18707275400005],[35.853881836,5.18530273400004],[35.853088379,5.18347168000003],[35.8524780270001,5.18127441400004],[35.852111816,5.17889404300008],[35.8522949220001,5.17669677700007],[35.8524780270001,5.17468261700002],[35.852905273,5.17291259800003],[35.8536987300001,5.17108154300007],[35.854309082,5.16912841800007],[35.8546752930001,5.16748046900006],[35.855285645,5.16571044900007],[35.855529785,5.16412353500005],[35.8557128910001,5.16247558600003],[35.8557128910001,5.16088867200006],[35.855529785,5.15887451200007],[35.855285645,5.15710449200003],[35.855529785,5.15490722700003],[35.855285645,5.15307617200006],[35.8549194340001,5.15148925800001],[35.8544921870001,5.15008544900007],[35.8536987300001,5.14892578100006],[35.8532714840001,5.14770507800006],[35.853088379,5.14630127000002],[35.853088379,5.14428710900005],[35.852905273,5.14251709000008],[35.852905273,5.13952636700003],[35.852905273,5.13708496100002],[35.852905273,5.13470459000008],[35.8527221680001,5.13311767600004],[35.8524780270001,5.13208007800005],[35.852111816,5.13067627000004],[35.852111816,5.12951660200003],[35.85168457,5.12548828100007],[35.8510742190001,5.12109375000007],[35.8502807620001,5.11669921900004],[35.8491210940001,5.11169433600002],[35.848510742,5.10791015600006],[35.847717285,5.10430908200003],[35.8471069340001,5.10150146500007],[35.8466796870001,5.09869384800003],[35.8458862300001,5.09527587900004],[35.845092773,5.09228515600007],[35.8447265620001,5.08929443400005],[35.844116211,5.08587646500006],[35.8436889650001,5.08227539100005],[35.843322754,5.07867431600003],[35.843322754,5.07568359400005],[35.843078613,5.07250976600006],[35.843322754,5.06951904300007],[35.843322754,5.06671142600003],[35.843078613,5.06347656200006],[35.8427124020001,5.06072998000008],[35.8425292970001,5.05810546900004],[35.8422851560001,5.05572509800002],[35.841918945,5.05291748000008],[35.841674805,5.05072021500006],[35.8413085940001,5.04809570300005],[35.8413085940001,5.04388427700007],[35.8414916990001,5.04089355500002],[35.841125488,5.03771972700002],[35.8413085940001,5.03430175800002],[35.8413085940001,5.03167724600007],[35.8413085940001,5.02929687500006],[35.841125488,5.02667236300004],[35.8413085940001,5.02429199200002],[35.8413085940001,5.02032470700003],[35.841674805,5.01629638700006],[35.8413085940001,5.01287841800007],[35.840881348,5.00988769500003],[35.83972168,5.00512695300005],[35.838684082,4.99987793000002],[35.83770752,4.99432373000007],[35.8370971680001,4.98870849600007],[35.836730957,4.98248291000004],[35.8361206050001,4.97631835900006],[35.8358764650001,4.97210693400006],[35.8356933590001,4.96850585900005],[35.8356933590001,4.96270752000002],[35.835510254,4.95727539100005],[35.835327148,4.95227050800003],[35.835083008,4.94567871100003],[35.835083008,4.94329834000007],[35.8347167970001,4.94110107400008],[35.8347167970001,4.93927002000003],[35.835083008,4.93768310500007],[35.8356933590001,4.93688964800003],[35.836303711,4.93609619100005],[35.8380737300001,4.93469238300002],[35.8400878910001,4.93347168000002],[35.8427124020001,4.93212890600006],[35.84552002,4.93151855500002],[35.8483276370001,4.93048095700004],[35.852111816,4.92968750000005],[35.8558959960001,4.92871093700006],[35.8601074220001,4.92767334000007],[35.8637084960001,4.92608642600003],[35.8668823240001,4.92431640600006],[35.8698730470001,4.92230224600007],[35.8734741210001,4.91992187500006],[35.876525879,4.91729736300004],[35.879272461,4.91387939500003],[35.881896973,4.91052246100003],[35.8856811520001,4.90588378900001],[35.8878784180001,4.90252685500007],[35.8903198240001,4.89929199200003],[35.891479492,4.89727783200005],[35.8933105470001,4.89447021500007],[35.894897461,4.89147949200003],[35.89630127,4.88830566400003],[35.897094727,4.88391113300003],[35.8978881840001,4.88049316400003],[35.8986816410001,4.87731933600002],[35.8991088870001,4.87390136700003],[35.899719238,4.87091064500004],[35.9003295900001,4.86669921900005],[35.900695801,4.86431884800004],[35.9011230470001,4.86187744100005],[35.9020996090001,4.85852050800003],[35.9035034180001,4.85388183600003],[35.9044799800001,4.84747314500002],[35.905090332,4.84228515600006],[35.9064941410001,4.83587646500007],[35.9069213870001,4.83068847700003],[35.9074707030001,4.82611084000006],[35.908325195,4.82012939500004],[35.9091186520001,4.81530761700003],[35.9100952150001,4.80987548800004],[35.910522461,4.80432128900004],[35.9108886720001,4.79907226600004],[35.9110717770001,4.79510498000008],[35.911682129,4.79187011700003],[35.911682129,4.79028320300004],[35.91192627,4.78771972700001],[35.9121093750001,4.78430175800002],[35.91192627,4.78167724600006],[35.91192627,4.77868652300003],[35.912475586,4.77471923800003],[35.912902832,4.77008056600004],[35.913696289,4.76287841800008],[35.913696289,4.75848388700005],[35.9143066410001,4.75329589800003],[35.914916992,4.74792480500001],[35.914916992,4.74328613300002],[35.915100098,4.73870849600008],[35.915893555,4.73571777300003],[35.916320801,4.73272705100003],[35.916870117,4.72888183600003],[35.917297363,4.72552490200008],[35.9177246090001,4.72290039100005],[35.91809082,4.72088623000007],[35.91809082,4.71728515600005],[35.9187011720001,4.71447753900003],[35.9191284180001,4.71228027300003],[35.919494629,4.70971679700005],[35.9201049800001,4.70690918000002],[35.920471191,4.70428466800005],[35.9208984370001,4.70092773400007],[35.9213256840001,4.69812011700003],[35.921691895,4.69488525400003],[35.9218750000001,4.69207763700006],[35.9218750000001,4.68908691400002],[35.921691895,4.68572998000007],[35.921691895,4.68310546900004],[35.9218750000001,4.68127441400002],[35.9221191410001,4.67810058600003],[35.9218750000001,4.67608642600004],[35.921508789,4.67211914100005],[35.9210815430001,4.66931152300002],[35.9208984370001,4.66668701200006],[35.9210815430001,4.66430664100005],[35.9210815430001,4.65972900400004],[35.9208984370001,4.65570068400007],[35.9210815430001,4.65051269500003],[35.9210815430001,4.64691162100007],[35.921508789,4.64312744100005],[35.9223022460001,4.64111328100005],[35.9498901370001,4.62847900400004],[35.9475097660001,4.62432861300005],[35.942687988,4.60327148400006],[35.9398803710001,4.59228515600006],[35.93927002,4.58929443400006],[35.9396972660001,4.58447265600005],[35.9420776370001,4.58111572300004],[35.9630737300001,4.57647705100004],[35.963684082,4.56488037100007],[35.9428710940001,4.54730224600008],[35.972290039,4.52130127000004],[35.9738769530001,4.51989746100003],[35.974487305,4.51928710900007],[35.9774780270001,4.51647949200002],[35.9984741210001,4.49792480500003],[36.0504760740001,4.45507812500004],[36.050304409,4.45145559700006],[36.0550443320001,4.45143024100003],[36.171421051,4.45129919100003],[36.233400395,4.45123262700002],[36.2462504150001,4.45732679500003],[36.2551163540001,4.45423123800004],[36.264129639,4.45062589600007],[36.282153093,4.45030691800003],[36.2971100130001,4.45003414700004],[36.302810466,4.44992268600004],[36.332859039,4.44929313700003],[36.357685089,4.44866800300002],[36.377058709,4.44810710600006],[36.37963051,4.44802842400002],[36.384822845,4.44787693000007],[36.3955665300001,4.44793414700007],[36.4004100130001,4.44793414700007],[36.4075645070001,4.44770702100004],[36.4192695620001,4.44729375800006],[36.430128204,4.44700632400002],[36.435810013,4.44683414700005],[36.447589312,4.44652647900004],[36.4626083370001,4.44610643400007],[36.4754600520001,4.44639778100002],[36.498054504,4.44602298700006],[36.516132355,4.44579410600005],[36.5469169620001,4.44429445300005],[36.568081776,4.44702487300003],[36.5768100130001,4.44813414700008],[36.6002597340001,4.45111341600007],[36.6255798340001,4.45431232500005],[36.6447792050001,4.45387458800008],[36.655529057,4.44637163100003],[36.6607948390001,4.44265650900008],[36.6613807680001,4.44196176500004],[36.680351257,4.44129562400002],[36.6991157530001,4.44229507400008],[36.7167587280001,4.44308662400004],[36.7182350160001,4.44317579300002],[36.730232239,4.44389867800005],[36.74016571,4.44439888000004],[36.7608070370001,4.44560670900005],[36.7772947620001,4.44660861600005],[36.781110013,4.44683414700005],[36.814010013,4.44813414700008],[36.818561926,4.44836174400007],[36.8439826970001,4.44957447100006],[36.863185883,4.43997383100002],[36.8797302250001,4.43175172800004],[36.909858704,4.42450046500005],[36.9413833620001,4.41101741800002],[36.95652771,4.40449142500006],[36.9591711740001,4.40332354600002],[36.9592451130001,4.39863451300003],[36.959121704,4.39756774900007],[36.9748981830001,4.39813008000004],[36.9796318080001,4.39585526200004],[36.9862518310001,4.39518308600003],[36.9863967900001,4.39256858800007],[36.9875414700001,4.39229759600004],[36.988297388,4.391426484],[36.991322729,4.38882182200007],[36.9971540220001,4.38361939400004],[36.997234344,4.38242387800005],[36.998421195,4.38254727400004],[37.003685493,4.37842475700006],[37.0098307280001,4.37971624400006],[37.010723114,4.37924432800003],[37.0128364560001,4.37815666200003],[37.015827179,4.37633705100007],[37.0209660950001,4.37175738700007],[37.0276100130001,4.37843414700006],[37.0288356630001,4.37982321800007],[37.0306028890001,4.38181258200007],[37.031213861,4.38477790600006],[37.031410217,4.38572883600006],[37.03894043,4.37794733000004],[37.043708801,4.37457990600007],[37.0472896630001,4.37576456300007],[37.0481069640001,4.37044985900008],[37.050052851,4.36919523600005],[37.054951891,4.36577475700004],[37.054721844,4.36305640400007],[37.054294586,4.36223888400001],[37.0590438840001,4.35723972300001],[37.0639381410001,4.35188484200005],[37.064167023,4.34885168100003],[37.0650166730001,4.34852529500006],[37.065402985,4.34703207000007],[37.071800232,4.34883117700002],[37.0777435300001,4.34837055200006],[37.080627441,4.34742927600006],[37.0893936160001,4.34362268400001],[37.0916328430001,4.34035635000004],[37.0939598080001,4.33642625800006],[37.0958480830001,4.33389091500003],[37.09703641,4.33406455400006],[37.098086804,4.33123909900008],[37.106685638,4.31718683200006],[37.1085777280001,4.31395578400003],[37.1115608220001,4.30908346200004],[37.1132736210001,4.30652332300001],[37.1209564210001,4.30065679600005],[37.1228446960001,4.29911565800006],[37.128261566,4.29489040400005],[37.131843567,4.29300117500002],[37.136291504,4.29516363100003],[37.1429023740001,4.29076385500001],[37.1510053640001,4.28543724700006],[37.1537100130001,4.28363414700005],[37.1555907380001,4.28236753700003],[37.1585655210001,4.28032398200002],[37.1642074580001,4.27671957000006],[37.165738923,4.27571487300004],[37.168110013,4.27413414700003],[37.1736974670001,4.27055244600007],[37.1758880620001,4.26913833600003],[37.1827239990001,4.26473856000006],[37.1998252870001,4.25360250500005],[37.21175766,4.24607086200006],[37.2249832150001,4.23754501300004],[37.239871979,4.22824859600008],[37.2483215330001,4.22277975100008],[37.2553062440001,4.21810674700004],[37.2570343020001,4.21695566200003],[37.2608985900001,4.21437835700004],[37.2652132600001,4.21166777400002],[37.2665100130001,4.21083414700008],[37.275910013,4.20463414700003],[37.281525399,4.20098414600005],[37.28988266,4.19551181800004],[37.2985343930001,4.18974494900004],[37.305221558,4.18551921800002],[37.315361023,4.17900657700004],[37.321926117,4.17463159600003],[37.340518951,4.16277504000004],[37.3550834660001,4.15322971300002],[37.3748703000001,4.14037847500003],[37.393165588,4.12837266900005],[37.402232853,4.12261296000001],[37.4056178810001,4.12035919800008],[37.4079456330001,4.11889553100002],[37.417579651,4.11317253100003],[37.4204673770001,4.11104440700008],[37.4217723680001,4.11161572500003],[37.425989326,4.11034197400006],[37.4262046810001,4.10815620400006],[37.427307129,4.10785198200006],[37.4271163940001,4.10697794000004],[37.429130554,4.10636997200003],[37.438365936,4.10040330900006],[37.454780579,4.08969974500007],[37.492671967,4.06441497800004],[37.5008239750001,4.05912399300006],[37.555118561,4.01929473900003],[37.586601257,3.99687171000006],[37.6018753050001,3.98688006400003],[37.620239258,3.97473168400005],[37.632461548,3.96693253500006],[37.648239136,3.95575475700002],[37.648635864,3.95241212800004],[37.659164429,3.94572711000006],[37.678501129,3.93257260300003],[37.690326691,3.92441391900007],[37.703697205,3.91499710100004],[37.7070045470001,3.91262507400007],[37.7200508120001,3.90536499000006],[37.741939545,3.89034152000005],[37.7545547490001,3.88178730000004],[37.7680664060001,3.87237072000005],[37.7829404170001,3.86282809100003],[37.785710013,3.86103414700005],[37.78954357,3.85875282800002],[37.801959991,3.85130906100005],[37.807495117,3.84739136700005],[37.8185653690001,3.84013128300006],[37.836894989,3.82809090600007],[37.847175598,3.82101059000006],[37.854614258,3.81626629800007],[37.869495392,3.80688548100005],[37.8843040470001,3.79710936500005],[37.9020233150001,3.78557229000007],[37.9101066590001,3.78018117000005],[37.916384108,3.77533025800005],[37.918810013,3.77343414700003],[37.925195687,3.76967272300005],[37.9333610530001,3.76483416600007],[37.948702381,3.75602945000003],[37.9499100130001,3.75533414700004],[37.960414255,3.74946981600004],[37.966175079,3.74625229800006],[37.9668855720001,3.74587706700004],[37.9804154720001,3.73872754200005],[37.9907150270001,3.73324048500007],[37.9932785030001,3.73187589600007],[37.9986686710001,3.73306202900005],[37.9994453,3.73329328800002],[38.003159972,3.72893018200004],[38.0081214900001,3.72896456700004],[38.0127220150001,3.71530699700001],[38.0156669620001,3.71588206300003],[38.017250061,3.70941257500004],[38.0187225340001,3.70592618000005],[38.0244026180001,3.70111012500007],[38.0267028810001,3.69629383100006],[38.0309791560001,3.69431710200007],[38.0320587160001,3.69050741200004],[38.035255432,3.68802738200002],[38.0376625060001,3.68518805500003],[38.0419044490001,3.68529582000001],[38.0431988810001,3.68105612700003],[38.0440066290001,3.67981606100005],[38.04417038,3.67868256600002],[38.0474960280001,3.67554527100004],[38.048768871,3.67499956400007],[38.054737091,3.67242884600006],[38.0598030090001,3.66890645000005],[38.07195282,3.65916633600005],[38.0840644840001,3.64928245500005],[38.0928198940001,3.64234611300002],[38.1047668460001,3.63267755500005],[38.1131782530001,3.62595653500005],[38.1179536430001,3.62021746500006],[38.121010013,3.61653414700003],[38.122157164,3.61540115800006],[38.12931716,3.60826129700008],[38.1355361930001,3.61387282000002],[38.1429453110001,3.61444003000003],[38.1443513940001,3.61453014300003],[38.1473884580001,3.61416220700005],[38.1521797180001,3.61500930800002],[38.164390564,3.61801791200002],[38.174198151,3.62040257500008],[38.183849335,3.62231922100004],[38.1906013490001,3.62229681000003],[38.211128235,3.62098193200007],[38.229602814,3.61962246900002],[38.23513031,3.61917686500004],[38.260623932,3.61777281800004],[38.282150269,3.61632037200007],[38.304553986,3.61480855900004],[38.321178436,3.61380577100005],[38.3589782710001,3.61106443400007],[38.376960754,3.60976624500004],[38.3821334840001,3.60939288100008],[38.411529541,3.60767698300002],[38.4477653500001,3.60427808800006],[38.4806633000001,3.61571121200005],[38.4888053660001,3.61875730800004],[38.504773449,3.62472049300004],[38.5148925780001,3.62598538400004],[38.5223763590001,3.62961291800002],[38.521410013,3.63253414700006],[38.52131408,3.63794727500005],[38.5219034130001,3.63916270800006],[38.522810013,3.64073414700004],[38.5226100130001,3.64403414700006],[38.518910013,3.64653414700006],[38.5163100130001,3.65013414700007],[38.521110822,3.65461184100006],[38.5243435510001,3.65503257900002],[38.5253919840001,3.65513243000004],[38.5304464380001,3.65574003300004],[38.538696289,3.65669632000002],[38.5422859190001,3.64980983700002],[38.5502166750001,3.64417123800005],[38.5511550900001,3.63741850900004],[38.5578613280001,3.62500476800005],[38.558307648,3.61760282500006],[38.5600624080001,3.61559701000004],[38.5653305050001,3.61537408800006],[38.569061279,3.61069393200006],[38.5716247560001,3.61236548400006],[38.5752754210001,3.60866022100003],[38.576639033,3.60870624300003],[38.579316222,3.60634102200004],[38.5817108150001,3.60846519500005],[38.588977814,3.60840702100005],[38.6046905520001,3.60828113600007],[38.606056213,3.60827016800004],[38.607055485,3.61012920800005],[38.6086351340001,3.61185246100008],[38.609485626,3.61208677300005],[38.610065724,3.61309618600007],[38.61148919,3.61416526400006],[38.6148157750001,3.61460034500003],[38.615280151,3.61152958900005],[38.617450714,3.60696101200004],[38.6204032900001,3.60459303900006],[38.6248054500001,3.60657095900008],[38.639349657,3.60255109900003],[38.6430099880001,3.60177815300005],[38.6593208310001,3.59832477600001],[38.6643753050001,3.59579801600007],[38.6656188960001,3.59517693500004],[38.669147923,3.60284766300004],[38.6766093200001,3.61118238500007],[38.6731111280001,3.62303463300003],[38.681553346,3.62670948100004],[38.68693161,3.62609958600007],[38.6887397770001,3.62345314000003],[38.693199158,3.61239337900002],[38.7069320680001,3.59239101400003],[38.712978363,3.58364343600004],[38.7123641970001,3.58043980600006],[38.7149848940001,3.57423543900005],[38.7207815790001,3.57204395200007],[38.7217796570001,3.57174553300006],[38.7590637210001,3.56057381600005],[38.770671844,3.55709457400006],[38.8008995060001,3.54798483800004],[38.839622498,3.53617286700005],[38.840753825,3.53692253500004],[38.8489799650001,3.53474211200006],[38.868789673,3.52731394800003],[38.891326904,3.52034950300003],[38.9056739810001,3.51466631900008],[38.9224815370001,3.51539897900005],[38.928684235,3.51566934600003],[38.9596785790001,3.51793021700008],[38.9585100130001,3.52373414700004],[38.95860952,3.52681887000004],[38.963141824,3.53114667800001],[38.964810013,3.53273414700004],[38.9656384790001,3.53292122100004],[38.9678268430001,3.53338718400006],[38.970916748,3.53029489500005],[38.9732575680001,3.53113231600002],[38.975938005,3.53199052400003],[38.9796082330001,3.52893563900005],[38.9793014530001,3.52781534200005],[38.9812812810001,3.52611613300007],[38.984485626,3.52558684300004],[38.9893554510001,3.52415587800003],[38.990410013,3.52383414700005],[38.9933713350001,3.52453816100006],[38.9980249910001,3.52219191700004],[38.9989100130001,3.52173414700007],[39.003310013,3.52503414700004],[39.007081004,3.51740238000002],[39.0074798210001,3.51655599700007],[39.009663555,3.51708398800002],[39.012176514,3.51767492300008],[39.0147399900001,3.51341271400001],[39.016326904,3.51204752900002],[39.0182762150001,3.51137900400005],[39.0199470520001,3.51168561000003],[39.021175385,3.51260471300002],[39.0210701890001,3.52346244200003],[39.0211093550001,3.52441809100003],[39.0316528540001,3.52472976000006],[39.0342886070001,3.52738436900005],[39.0353100130001,3.52843414700005],[39.0429241240001,3.52714926600003],[39.045077613,3.52512997900005],[39.046358221,3.52461968500006],[39.0496848060001,3.52362171000005],[39.051483154,3.52277302700003],[39.0532112120001,3.52179813400005],[39.0541114810001,3.52179813400005],[39.054912567,3.52179813400005],[39.056442261,3.52349734300002],[39.0569008090001,3.52412658700007],[39.0604015970001,3.52715275700006],[39.0615635440001,3.52760152100005],[39.062904358,3.52795481700001],[39.064369486,3.52868757000005],[39.066010013,3.52943414700007],[39.069039097,3.52937695500003],[39.070011139,3.52913868500002],[39.0712080000001,3.52917349400007],[39.0719871520001,3.52984905200003],[39.0723270130001,3.53068190200002],[39.0731100130001,3.53153414700007],[39.0745854520001,3.53190300700003],[39.07567978,3.53184092100002],[39.0767784120001,3.53182697300002],[39.0778102880001,3.53207779000005],[39.0780601500001,3.53302502600008],[39.0780620580001,3.53422284100003],[39.078044729,3.53803287600005],[39.0784100130001,3.54153414700004],[39.0817546060001,3.54148612600005],[39.0831604,3.54129886600003],[39.084495544,3.54138255100002],[39.0860519980001,3.54182708300004],[39.087310013,3.54193414700006],[39.0899326740001,3.53951643000004],[39.090457916,3.53801155100006],[39.0910148620001,3.53686952600003],[39.091461182,3.53608942000006],[39.0926322940001,3.53491926200007],[39.093883514,3.53380489300002],[39.095417023,3.53238415700001],[39.096669637,3.53112975400005],[39.097530959,3.53019952500006],[39.0985984800001,3.52903771400002],[39.103393555,3.52439904200003],[39.1066436770001,3.52227830900007],[39.113006592,3.51959204700006],[39.1171356880001,3.51775666100003],[39.1187891170001,3.51698769300002],[39.12059021,3.51608061800004],[39.12538147,3.51392984400007],[39.129077911,3.51242065400004],[39.130393982,3.51193738000006],[39.132476807,3.51189231900001],[39.1344549840001,3.51279789200003],[39.1355346450001,3.51299662800005],[39.1379661890001,3.51227409100004],[39.1393928530001,3.51161193800003],[39.141793104,3.51134482900005],[39.1452100130001,3.51223414700006],[39.147356915,3.51164862900004],[39.1482086180001,3.51125049600006],[39.1496104620001,3.51102494300006],[39.149793797,3.50695829600004],[39.1491088870001,3.50465011600005],[39.149303436,3.50267648700003],[39.1502380370001,3.50154852900003],[39.151386261,3.50133180600004],[39.1522872370001,3.50176464800007],[39.157156924,3.49985496700003],[39.1599036530001,3.497938587],[39.1625499730001,3.49614608300004],[39.1637916560001,3.49543237700003],[39.165420532,3.49460840200003],[39.1715583800001,3.49157190300001],[39.176673889,3.49001050000004],[39.178176755,3.49024368200002],[39.1802100130001,3.49053414700006],[39.182735602,3.49134594400004],[39.1858457970001,3.49230750600003],[39.188638301,3.49213909300004],[39.1887832620001,3.49092553800005],[39.1889266970001,3.48693275500004],[39.1892127990001,3.48410511000003],[39.1896591190001,3.48069334000007],[39.191078186,3.47942161600002],[39.194786072,3.47896194500003],[39.1981089070001,3.47919909200004],[39.199155509,3.47929337600004],[39.2022781370001,3.47976279300001],[39.2056846620001,3.48013472600006],[39.2073629930001,3.48037783800004],[39.212940922,3.48094702400005],[39.217628479,3.48127746600004],[39.2191718950001,3.48154986000002],[39.2239100130001,3.48183414700003],[39.2275781450001,3.48087344600003],[39.2282333370001,3.48014640800006],[39.2299308780001,3.47943949700005],[39.233768464,3.47837996500004],[39.2394027710001,3.47760152800003],[39.2446327210001,3.47632908800005],[39.2498626710001,3.47590494200004],[39.252020359,3.47646173400005],[39.2542611210001,3.47702192500003],[39.255943298,3.47548079500006],[39.257640839,3.47449111900004],[39.25976181,3.47449111900004],[39.264709473,3.47265315100003],[39.265838623,3.47208762200006],[39.26808536,3.47312798400002],[39.2708100130001,3.47463414700008],[39.2742100130001,3.47633414700003],[39.2773478710001,3.47804154200002],[39.282472016,3.47927685200004],[39.2839355470001,3.47943949700005],[39.2873757690001,3.48001280300001],[39.288210013,3.48013414700005],[39.289697667,3.47997755200003],[39.2919960020001,3.47972226100006],[39.2968025210001,3.47746014600005],[39.2982234830001,3.47745148000006],[39.2994880680001,3.47746014600005],[39.303354084,3.47868175900004],[39.308997666,3.48721551900008],[39.309951782,3.48721551900008],[39.3120904950001,3.48921647500003],[39.313167359,3.49094604100003],[39.314193726,3.49258804300007],[39.3146184470001,3.49333088800006],[39.3159100130001,3.49553414700006],[39.318977665,3.49906800200005],[39.320553585,3.50057074600004],[39.323453585,3.50167074600005],[39.325953585,3.50217074600006],[39.328453585,3.50267074600003],[39.3310535850001,3.50197074600003],[39.3328535850001,3.50027074600006],[39.333153585,3.49667074600005],[39.333653585,3.48987074600006],[39.334953585,3.48537074600004],[39.334953585,3.48057074600008],[39.3326535850001,3.47157074600004],[39.330253585,3.46607074600006],[39.3376535850001,3.46617074600005],[39.357853585,3.46727074600006],[39.366453585,3.46737074600004],[39.3732535850001,3.46727074600006],[39.3803535850001,3.46687074600003],[39.3874535850001,3.46617074600005],[39.3948535850001,3.46487074600002],[39.400953585,3.46327074600003],[39.4032535850001,3.46387074600005],[39.4050535850001,3.46497074600005],[39.408853585,3.46487074600002],[39.411953585,3.46537074600008],[39.4134535850001,3.46367074600005],[39.414953585,3.46207074600005],[39.4170535850001,3.46087074600007],[39.419453585,3.46077074600003],[39.422153585,3.46227074600006],[39.423953585,3.46407074600006],[39.426253585,3.46537074600008],[39.428753585,3.45927074600007],[39.4291535850001,3.45457074600005],[39.435753585,3.45677074600007],[39.440753585,3.45627074600003],[39.4422535850001,3.45857074600001],[39.4431535850001,3.46027074600005],[39.453453585,3.45627074600003],[39.4555535850001,3.45637074600005],[39.4582535850001,3.45737074600005],[39.4607535850001,3.45717074600004],[39.462453585,3.45677074600007],[39.463653585,3.45817074600006],[39.465453585,3.45987074600003],[39.4689535850001,3.45937074600006],[39.471353585,3.46157074600006],[39.4741535850001,3.46047074600006],[39.4766535850001,3.45997074600006],[39.4804535850001,3.45987074600003],[39.4830535850001,3.45967074600002],[39.485353585,3.46087074600007],[39.4915535850001,3.46677074600006],[39.494853585,3.46647074600002],[39.4972535850001,3.46467074600002],[39.5013535850001,3.45107074600001],[39.5126535850001,3.41487074600007],[39.514153585,3.40947074600006],[39.519153585,3.40737074600003],[39.5230535850001,3.40557074600002],[39.527253585,3.40377074600002],[39.5314535850001,3.40207074600005],[39.5350535850001,3.40147074600005],[39.538553585,3.40117074600004],[39.5430535850001,3.40007074600003],[39.548353585,3.40017074600007],[39.553253585,3.39977074600005],[39.5559535850001,3.40557074600002],[39.562553585,3.42257074600007],[39.570953585,3.44417074600006],[39.5760535850001,3.45697074600002],[39.578853585,3.46377074600003],[39.5853535850001,3.48007074600001],[39.5889535850001,3.48807074600006],[39.602853585,3.49707074600002],[39.6078535850001,3.50137074600001],[39.6347535850001,3.52907074600006],[39.637553585,3.53237074600002],[39.6428535850001,3.53717074600007],[39.6503535850001,3.54497074600005],[39.6702535850001,3.56537074600004],[39.696653585,3.59277074600003],[39.723753585,3.62057074600005],[39.745553585,3.64307074600003],[39.7565535850001,3.65427074600006],[39.763653585,3.66107074600005],[39.766853585,3.65987074600003],[39.7733535850001,3.66847074600004],[39.7851381780001,3.69531382300005],[39.79082277,3.70695690000002],[39.8000227700001,3.72705690000004],[39.8163227700001,3.76175690000002],[39.83862277,3.80955690000006],[39.86532277,3.86785690000004],[39.8724227700001,3.87135690000003],[39.8901227700001,3.88055690000004],[39.9902136680001,3.93288531100006],[39.9965045660001,3.93641372100005],[40.1176045660001,3.99911372100006],[40.1475045660001,4.01301372100004],[40.153004566,4.01311372100003],[40.156904566,4.01591372100006],[40.1624045660001,4.02151372100009],[40.1677045660001,4.02501372100005],[40.1736045660001,4.02791372100005],[40.1792045660001,4.03011372100002],[40.1840045660001,4.03491372100006],[40.187004566,4.04001372100005],[40.1894045660001,4.04501372100002],[40.191304566,4.04651372100006],[40.195904566,4.04651372100006],[40.199204566,4.04441372100007],[40.2041045660001,4.04131372100005],[40.2070045660001,4.04211372100002],[40.2105045660001,4.04361372100004],[40.258804566,4.06351372100004],[40.295504566,4.07821372100005],[40.3434045660001,4.09741372100005],[40.3635045660001,4.10571372100004],[40.3848045660001,4.11531372100006],[40.3941045660001,4.11381372100004],[40.4016045660001,4.12081372100005],[40.424504566,4.13141372100005],[40.440604566,4.13791372100008],[40.5026045660001,4.16281372100002],[40.5800045660001,4.19421372100003],[40.655104566,4.22511372100007],[40.689704566,4.23841372100002],[40.6971045660001,4.24151372100004],[40.698304566,4.24471372100004],[40.7009045660001,4.24791372100004],[40.7046045660001,4.24951372100003],[40.7091045660001,4.25101372100006],[40.712804566,4.25101372100006],[40.7162045660001,4.25031372100006],[40.720104566,4.24991372100004],[40.724404566,4.25041372100002],[40.727304566,4.25101372100006],[40.7292045660001,4.25431372100006],[40.733004566,4.25741372100003],[40.7361045660001,4.26011372100003],[40.7404045660001,4.26161372100005],[40.7435045660001,4.26301372100004],[40.746104566,4.26571372100005],[40.7492045660001,4.26991372100002],[40.7515045660001,4.27381372100005],[40.755004566,4.27821372100004],[40.758604566,4.28181372100005],[40.7634045660001,4.28211372100003],[40.7668045660001,4.28211372100003],[40.7711045660001,4.28031372100001],[40.774904566,4.27991372100007],[40.778504566,4.28061372100006],[40.7825045660001,4.28051372100002],[40.7852045660001,4.27621372100004],[40.786704566,4.27291372100005],[40.7882045660001,4.27011372100002],[40.790704566,4.26761372100003],[40.795004566,4.26631372100008],[40.798904566,4.26581372100001],[40.8019045660001,4.26571372100005],[40.804804566,4.26401372100004],[40.805404566,4.26181372100006],[40.8090045660001,4.26001372100006],[40.814104566,4.25831372100003],[40.8180045660001,4.25541372100001],[40.822404566,4.25271372100002],[40.825404566,4.25151372100002],[40.828504566,4.25151372100002],[40.830604566,4.24941372100005],[40.833804566,4.24741372100005],[40.8357045660001,4.25081372100004],[40.839004566,4.25071372100007],[40.842604566,4.24971372100003],[40.848404566,4.24701372100003],[40.8504045660001,4.24321372100007],[40.8508045660001,4.23921372100004],[40.8502045660001,4.23631372100005],[40.851904566,4.23241372100005],[40.8538045660001,4.22841372100003],[40.8565045660001,4.22741372100006],[40.860004566,4.22741372100006],[40.8629045660001,4.22741372100006],[40.865904566,4.22741372100006],[40.8687045660001,4.22681372100003],[40.870904566,4.22491372100006],[40.8733045660001,4.22301372100003],[40.876104566,4.22151372100006],[40.878604566,4.21971372100006],[40.8844045660001,4.21421372100003],[40.886104566,4.21101372100005],[40.885804566,4.20731372100005],[40.8853045660001,4.20491372100002],[40.8859045660001,4.20161372100007],[40.8864045660001,4.19841372100007],[40.886104566,4.19581372100003],[40.8866045660001,4.19271372100008],[40.8884045660001,4.19021372100001],[40.892904566,4.18681372100002],[40.8982045660001,4.18341372100002],[40.9004045660001,4.17931372100003],[40.901004566,4.17581372100005],[40.901204566,4.17381372100005],[40.901904566,4.17181372100004],[40.9027045660001,4.16871372100008],[40.903104566,4.16391372100001],[40.9045045660001,4.15961372100002],[40.9068045660001,4.15621372100003],[40.9116045660001,4.15541372100006],[40.9154045660001,4.15461372100002],[40.9186045660001,4.15401372100007],[40.9222045660001,4.15071372100003],[40.9256045660001,4.14901372100005],[40.9292045660001,4.14861372100005],[40.9326045660001,4.14771372100007],[40.935704566,4.14721372100007],[40.9442045660001,4.14801372100004],[40.9464045660001,4.14601372100004],[40.950604566,4.14471372100006],[40.9532045660001,4.14241372100003],[40.9570045660001,4.14241372100003],[40.9596045660001,4.14181372100006],[40.960504566,4.13861372100006],[40.9611045660001,4.13551372100004],[40.9641045660001,4.13331372100002],[40.9673045660001,4.13201372100002],[40.9698045660001,4.13021372100007],[40.972104566,4.12851372100005],[40.9750045660001,4.12671372100005],[40.977104566,4.12451372100001],[40.979404566,4.12201372100002],[40.9795045660001,4.11841372100001],[40.9795450060001,4.11594203300007],[40.9799461360001,4.11526536900003],[40.9807510380001,4.11327886600002],[40.984375,4.11207199100006],[40.9888000490001,4.11247396500004],[40.9942321780001,4.11307764100007],[40.9976501460001,4.11187076600002],[41.0008621220001,4.11017131800003],[41.0028800960001,4.10643911400006],[41.0042915340001,4.10281801200005],[41.006099701,4.10100746200003],[41.0093193050001,4.09778833400003],[41.0123367310001,4.09537458400007],[41.0153541560001,4.09436845800008],[41.0173645020001,4.09195470800006],[41.0177688600001,4.08873558000005],[41.0177688600001,4.08551693000005],[41.0193786620001,4.08310270300006],[41.020988464,4.08169460300007],[41.024810791,4.08169460300007],[41.026618958,4.08169460300007],[41.0300407410001,4.08089017900005],[41.031448364,4.07726860000002],[41.0328559880001,4.07445240000004],[41.034866333,4.07445240000004],[41.03868866,4.07706785200001],[41.041908264,4.07646417600005],[41.043117523,4.07384872400007],[41.0449256900001,4.06821584700002],[41.0469398500001,4.06258297000004],[41.048950195,4.05976676900001],[41.05116272,4.05674934400003],[41.0543823240001,4.05393266700002],[41.059410095,4.05091524100005],[41.063434601,4.04769659000006],[41.068061829,4.04286813700002],[41.070678711,4.03844261200004],[41.071681976,4.03341293300001],[41.071681976,4.03019428300008],[41.0720863340001,4.02737808200003],[41.0749015810001,4.02476263000005],[41.0789260860001,4.02395772900007],[41.0825462340001,4.02375650400007],[41.0859680180001,4.02053785300006],[41.0865478520001,4.01674819000003],[41.0899887080001,4.01349687600004],[41.0931091310001,4.01187276800004],[41.094467163,4.01105785400005],[41.0962333680001,4.01010704000004],[41.098064423,4.00922393800004],[41.1009864810001,4.00861263300004],[41.1031608580001,4.00800132800003],[41.1049957280001,4.00711870200007],[41.105335236,4.00548839600004],[41.1038398740001,4.00460529300005],[41.102481842,4.00365448000001],[41.1008491520001,4.00290727600004],[41.100170135,4.00161695500002],[41.100376129,3.99998688700004],[41.1007843020001,3.99815297100003],[41.1020050050001,3.99333047900006],[41.1045188900001,3.99007034300007],[41.106826782,3.98810052900006],[41.1086616520001,3.98687791800005],[41.1106987000001,3.98687791800005],[41.1118545530001,3.98782897000006],[41.112941742,3.98918724100003],[41.1140289310001,3.98979854600002],[41.1154556270001,3.98986649500004],[41.117015839,3.98939108800005],[41.1183738710001,3.98776102100003],[41.1198005680001,3.98545169800002],[41.12204361,3.98300647700007],[41.12469101,3.98151230800005],[41.126255035,3.98062920600006],[41.127204895,3.97994995100003],[41.1267967220001,3.97886323900001],[41.125301361,3.97791242600004],[41.124828339,3.97662186600007],[41.1252326970001,3.97567105300004],[41.126457214,3.97526359600004],[41.1289024350001,3.97533130600003],[41.1308059690001,3.97533130600003],[41.132705688,3.97533130600003],[41.1344718930001,3.97465229000004],[41.135967255,3.97383713700003],[41.1361694340001,3.97295427300003],[41.1356925960001,3.97227501900006],[41.134269714,3.97213912000006],[41.1326370240001,3.97213912000006],[41.1311454770001,3.97200322200007],[41.130123138,3.97159576400003],[41.130123138,3.97044110300005],[41.1309394840001,3.96887898400007],[41.1320953370001,3.96819973000003],[41.1339950560001,3.96779227300004],[41.1365432740001,3.96762239900004],[41.1390228270001,3.96426034000006],[41.1401100160001,3.96344518700004],[41.141944885,3.96337723700001],[41.1445236210001,3.96317362800004],[41.1466293330001,3.96310567900001],[41.149414063,3.96195101700005],[41.1521301270001,3.96086430500002],[41.155052185,3.95943784700005],[41.156078339,3.95861053500004],[41.159263611,3.95604181300007],[41.161437988,3.95475125300002],[41.1632041930001,3.95393633800005],[41.1648330690001,3.95352864300003],[41.166667938,3.95264577900002],[41.1670722960001,3.95128727000001],[41.167411804,3.94999671000005],[41.168094635,3.94904589700007],[41.1698570250001,3.94789123500003],[41.1714897160001,3.94673657400005],[41.172370911,3.94531035400006],[41.173389435,3.94422340400006],[41.1744766240001,3.94456315000001],[41.175292969,3.94578576100002],[41.1765136720001,3.94619321800008],[41.177871704,3.94619321800008],[41.1794319150001,3.94606137300003],[41.180522919,3.94585371000004],[41.18113327,3.94510650600005],[41.1829681400001,3.94361233700005],[41.184463501,3.94279718400002],[41.185684204,3.94293308300006],[41.1873130800001,3.94286513300004],[41.189487457,3.94272923500005],[41.1910514830001,3.94191432000002],[41.194717407,3.93845033600008],[41.196144104,3.93756723400003],[41.1977081300001,3.93709182700006],[41.20728302,3.93688798000003],[41.207962036,3.93756723400003],[41.207962036,3.94585371000004],[41.20816803,3.94789123500003],[41.209388733,3.94890999800004],[41.211292267,3.94931769400005],[41.215637207,3.94999671000005],[41.2171325680001,3.95040440600007],[41.217472076,3.95135521900004],[41.217266083,3.95237398100005],[41.2161827090001,3.95305323600006],[41.2162475590001,3.95475125300002],[41.2174034120001,3.95522666000006],[41.218875885,3.95529460900002],[41.220798492,3.95529460900002],[41.2267074580001,3.95536255800004],[41.2285423280001,3.95515871000003],[41.2294273380001,3.95434379600005],[41.2299690250001,3.95325708400003],[41.230579376,3.95217037200006],[41.231683731,3.95213633800006],[41.2323455810001,3.95427584600003],[41.232685089,3.95556640600006],[41.236557007,3.95916628800007],[41.238391876,3.96133971200004],[41.2401580810001,3.96188306800003],[41.241786957,3.96147561100003],[41.242736816,3.95991325400007],[41.242736816,3.95807933800006],[41.2428054810001,3.95610976200003],[41.2432823180001,3.95407199900006],[41.2438240050001,3.95264577900002],[41.245727539,3.95176267600004],[41.247425079,3.95223832100003],[41.247901917,3.95318913500007],[41.24817276,3.95461535500004],[41.248374939,3.95597386400005],[41.2492599490001,3.95644927000005],[41.2506179810001,3.95631337200006],[41.251976013,3.95556640600006],[41.2530632020001,3.95461535500004],[41.255508423,3.95434379600005],[41.257205963,3.95536255800004],[41.2587661740001,3.95604181300007],[41.2603302,3.95685696600002],[41.2613487240001,3.95733237300004],[41.2629776000001,3.95773983000003],[41.2639961240001,3.95733237300004],[41.2660369870001,3.95631337200006],[41.2682762150001,3.95522666000006],[41.2703819270001,3.95454764400006],[41.272418976,3.95352864300003],[41.2748641970001,3.95284962700002],[41.2766304020001,3.95203447300002],[41.2777862550001,3.95284962700002],[41.2783966060001,3.95481920200006],[41.279346466,3.95563435600007],[41.2809705140001,3.95553790200005],[41.283115626,3.95361188800007],[41.2819156260001,3.951311888],[41.282715626,3.94901188800002],[41.285215626,3.95001188800005],[41.287615626,3.95071188800005],[41.2903156260001,3.95071188800005],[41.292415626,3.95011188800004],[41.295615626,3.94931188800007],[41.296715626,3.951311888],[41.2955156260001,3.95321188800005],[41.294215626,3.95551188800003],[41.2963156260001,3.95711188800002],[41.298715626,3.95691188800004],[41.3007156260001,3.95321188800005],[41.303915626,3.94971188800001],[41.3081156260001,3.94791188800001],[41.3117156260001,3.94881188800002],[41.3154156260001,3.94701188800002],[41.3179156260001,3.94601188800004],[41.318215626,3.94801188800005],[41.325915626,3.94291188800002],[41.329115626,3.94301188800005],[41.3326156260001,3.94621188800004],[41.335615626,3.94641188800006],[41.3392156260001,3.94671188800003],[41.3419156260001,3.94851188800005],[41.3453156260001,3.95151188800002],[41.348815626,3.951311888],[41.352015626,3.95101188800004],[41.354015626,3.95301188800003],[41.3554156260001,3.95601188800003],[41.354915626,3.95881188800007],[41.3555156260001,3.96201188800005],[41.362615626,3.96211188800001],[41.363515626,3.96001188800004],[41.3607185430001,3.95581418400007],[41.3638214590001,3.95881648000006],[41.3713214590001,3.95791648000004],[41.3747214590001,3.95581648000005],[41.377521459,3.95421648000006],[41.3806214590001,3.95491648000007],[41.382021459,3.95731648000002],[41.382021459,3.95981648000003],[41.382521459,3.96241648000006],[41.3851214590001,3.96221648000004],[41.3889214590001,3.96181648000004],[41.3907214590001,3.96461648000005],[41.3926214590001,3.96671648000005],[41.3953214590001,3.96711648000008],[41.398321459,3.96661648000004],[41.400821459,3.96431648000004],[41.4034214590001,3.96271648000003],[41.405421459,3.96161648000002],[41.4093214590001,3.95791648000004],[41.412121459,3.95651648000007],[41.4154214590001,3.95591648000004],[41.418321459,3.95261648000007],[41.4207214590001,3.95161648000004],[41.4242214590001,3.95171648000006],[41.429121459,3.95191648000003],[41.433721459,3.95221648000006],[41.4392214590001,3.95241648000007],[41.4396214590001,3.95471648000007],[41.438421459,3.95761648000007],[41.4397214590001,3.95981648000003],[41.4421214590001,3.95971648000004],[41.445021459,3.95851648000007],[41.4494214590001,3.95781648000007],[41.4532214590001,3.95861648000004],[41.457721459,3.96131648000003],[41.4618214590001,3.96181648000004],[41.465121459,3.96101648000007],[41.466921459,3.95901648000006],[41.4691214590001,3.95741648000006],[41.471921459,3.95801648000003],[41.475521459,3.96031648000007],[41.4781214590001,3.95911648000004],[41.4800214590001,3.95671648000008],[41.4825214590001,3.95741648000006],[41.4831214590001,3.96341648000002],[41.486621459,3.96441648000006],[41.4917214590001,3.96441648000006],[41.496421459,3.96501648000002],[41.498621459,3.96781648000006],[41.5004214590001,3.97091648000002],[41.5037214590001,3.96931648000003],[41.507321459,3.96481648000002],[41.5074214590001,3.96201648000004],[41.5063214590001,3.95861648000004],[41.5080214590001,3.95701648000004],[41.5115214590001,3.95651648000007],[41.5151214590001,3.95691648000008],[41.5167214590001,3.95881648000006],[41.5192214590001,3.96131648000003],[41.522021459,3.96321648000003],[41.522921459,3.96621648000007],[41.5237214590001,3.97011648000006],[41.525821459,3.97361648000003],[41.527021459,3.97511648000006],[41.529921459,3.97641648000007],[41.5334214590001,3.97731648000007],[41.536221459,3.97811648000004],[41.537821459,3.98031648000006],[41.5395214590001,3.98261648000003],[41.5425214590001,3.98451648000001],[41.5458214590001,3.98591648000007],[41.5495214590001,3.98661648000007],[41.553421459,3.98541648000002],[41.560921459,3.97961648000005],[41.5633214590001,3.97641648000007],[41.5656214590001,3.97261648000006],[41.569121459,3.97201648000003],[41.5715214590001,3.97281648000006],[41.5737214590001,3.97291648000004],[41.576121459,3.97381648000005],[41.5803214590001,3.97531648000005],[41.5871214590001,3.97461648000005],[41.590621459,3.97351648000007],[41.594221459,3.97301648000008],[41.596921459,3.97371648000006],[41.599221459,3.97641648000007],[41.6031214590001,3.97741648000004],[41.606021459,3.97681648000001],[41.608721459,3.97631648000003],[41.6113214590001,3.97631648000003],[41.6149214590001,3.97621648000006],[41.6184214590001,3.97631648000003],[41.6217214590001,3.97871648000007],[41.6247214590001,3.98361648000002],[41.6272214590001,3.98571648000005],[41.629121459,3.98471648000003],[41.629821459,3.98111648000002],[41.6320214590001,3.98071648000005],[41.6330214590001,3.98421648000005],[41.6344214590001,3.98731648000007],[41.6372214590001,3.98701648000003],[41.637521459,3.98301648000005],[41.635921459,3.98011648000005],[41.637921459,3.97951648000003],[41.6392214590001,3.98121648000006],[41.6417214590001,3.98131648000003],[41.6437214590001,3.97931648000002],[41.6448214590001,3.97581648000004],[41.6482214590001,3.97481648000007],[41.652221459,3.97361648000003],[41.6537214590001,3.97101648000006],[41.6543214590001,3.96911648000002],[41.6561214590001,3.96791648000004],[41.659821459,3.96901648000006],[41.6629214590001,3.97001648000003],[41.664921459,3.96861648000002],[41.667421459,3.96791648000004],[41.6695214590001,3.96981648],[41.6720214590001,3.96871648000007],[41.6748214590001,3.96341648000002],[41.6772214590001,3.96151648000005],[41.6785214590001,3.96331648000007],[41.6792214590001,3.96611648000003],[41.6801214590001,3.96891648000007],[41.681121459,3.97141648000006],[41.682521459,3.97331648000005],[41.6820214590001,3.97521648000002],[41.681621459,3.97731648000007],[41.6826214590001,3.97931648000002],[41.685221459,3.97711648000007],[41.686821459,3.97451648000003],[41.6892214590001,3.97491648000006],[41.690921459,3.97741648000004],[41.691421459,3.97981648000006],[41.6921214590001,3.98201648000001],[41.6951214590001,3.98301648000005],[41.6973214590001,3.98331648000003],[41.7003214590001,3.98511648000003],[41.7030214590001,3.98731648000007],[41.705221459,3.98851648000004],[41.7084214590001,3.98841648000007],[41.711121459,3.98761648000003],[41.7134214590001,3.98821648000006],[41.7144214590001,3.99061648000004],[41.715821459,3.99381648000002],[41.7177214590001,3.99591648000007],[41.7209214590001,3.99571648000005],[41.7216214590001,3.99171648000004],[41.7248214590001,3.99051648000005],[41.7279214590001,3.98961648000005],[41.7316214590001,3.98921648000004],[41.730521459,3.99211648000005],[41.7300214590001,3.99481648000005],[41.733521459,3.99531648000003],[41.7354214590001,3.99291648000009],[41.7352214590001,3.99031648000003],[41.7336214590001,3.98871648000004],[41.7338214590001,3.98611648000002],[41.7359214590001,3.98701648000003],[41.738521459,3.98941648000005],[41.7422214590001,3.98891648000007],[41.7485214590001,3.98651648000003],[41.7515214590001,3.98621648000006],[41.7544214590001,3.98471648000003],[41.7537214590001,3.98071648000005],[41.7538214590001,3.97641648000007],[41.756321459,3.97631648000003],[41.759121459,3.97651648000005],[41.7626214590001,3.97751648000001],[41.765421459,3.97781648000006],[41.7680214590001,3.97681648000001],[41.771321459,3.97561648000004],[41.775421459,3.97611648000002],[41.7782214590001,3.97781648000006],[41.7793214590001,3.98011648000005],[41.779921459,3.98351648000004],[41.781721459,3.98451648000001],[41.7839214590001,3.98411648000006],[41.7857214590001,3.98131648000003],[41.7881214590001,3.97951648000003],[41.7904214590001,3.98061648000002],[41.791921459,3.98281648000005],[41.794221459,3.98341648000007],[41.7941214590001,3.98031648000006],[41.7938214590001,3.97771648000002],[41.794421459,3.97561648000004],[41.797321459,3.97511648000006],[41.798921459,3.97291648000004],[41.796721459,3.97181648000001],[41.794621459,3.97111648000002],[41.7968214590001,3.96831648000005],[41.7983214590001,3.96231648000002],[41.800121459,3.95961648000002],[41.803421459,3.95911648000004],[41.805521459,3.96011648000006],[41.807721459,3.96191648000008],[41.809821459,3.95971648000004],[41.812121459,3.95951648000004],[41.814321459,3.96011648000006],[41.8169214590001,3.96001648000002],[41.819721459,3.95991648000006],[41.821621459,3.95861648000004],[41.8206214590001,3.95681648000004],[41.8194214590001,3.95491648000007],[41.8205214590001,3.95201648000005],[41.823121459,3.95001648000003],[41.825621459,3.94941648000001],[41.8266214590001,3.95181648000004],[41.8285214590001,3.95381648000005],[41.832221459,3.95131648000006],[41.833621459,3.94881648000005],[41.835621459,3.94631648000006],[41.8369214590001,3.94761648000002],[41.8369214590001,3.95041648000006],[41.8357214590001,3.95371648000002],[41.8375214590001,3.95521648000006],[41.839721459,3.95511648000006],[41.842621459,3.95541648000005],[41.8446214590001,3.95301648000003],[41.846721459,3.95021648000005],[41.849921459,3.94901648000007],[41.8531214590001,3.95021648000005],[41.854821459,3.95221648000006],[41.8547214590001,3.95441648000003],[41.853921459,3.95811648000004],[41.854421459,3.96121648000006],[41.8563214590001,3.96251648000003],[41.859421459,3.96241648000006],[41.861921459,3.96181648000004],[41.864621459,3.96111648000004],[41.8670214590001,3.96191648000008],[41.8685214590001,3.96761648000006],[41.870921459,3.96541648000005],[41.873021459,3.96441648000006],[41.875521459,3.96511648000006],[41.876621459,3.96761648000006],[41.8790214590001,3.96781648000006],[41.881121459,3.96781648000006],[41.8828214590001,3.96861648000002],[41.883421459,3.97321648000008],[41.885421459,3.97481648000007],[41.8874214590001,3.97541648000004],[41.889321459,3.97721648000004],[41.892021459,3.97831648000004],[41.895221459,3.98021648000002],[41.8980214590001,3.98191648000005],[41.901521459,3.98151648000003],[41.9041214590001,3.97901648000003],[41.906021459,3.97571648000006],[41.888621459,3.95021648000005],[41.8862214590001,3.94681648000005],[41.858721459,3.90921648000005],[41.848721459,3.89401648000007],[41.8407214590001,3.88181648000004],[41.8300214590001,3.86561648000003],[41.825921459,3.85931648000007],[41.7956214590001,3.81911648000005],[41.7881214590001,3.80841648000006],[41.750721459,3.75461648000004],[41.740721459,3.74151648000002],[41.727621459,3.72201648000003],[41.7234214590001,3.71551648000008],[41.711521459,3.69831648000006],[41.6944214590001,3.67411648000007],[41.679121459,3.65211648000007],[41.6613214590001,3.62721648000008],[41.6552214590001,3.61861648000008],[41.6432214590001,3.60161648000007],[41.6288214590001,3.58061648000005],[41.613721459,3.55931648000006],[41.5961214590001,3.53461648000006],[41.5821214590001,3.51461648000003],[41.5649214590001,3.48941648000003],[41.550721459,3.46941648000006],[41.533721459,3.44501648000004],[41.518821459,3.42421648000002],[41.5024214590001,3.40101648000007],[41.4865214590001,3.37771648000006],[41.483818543,3.37501418400005],[41.4698156260001,3.35341188800005],[41.453215626,3.32981188800005],[41.435115626,3.30421188800005],[41.4177156260001,3.27871188800003],[41.3992156260001,3.25281188800004],[41.3962156260001,3.24851188800006],[41.3811156260001,3.22681188800005],[41.3632156260001,3.20141188800005],[41.3455156260001,3.17631188800004],[41.344015626,3.17421188800006],[41.3346156260001,3.16091188800005],[41.3271156260001,3.15131188800005],[41.299915626,3.12451188800002],[41.2816156260001,3.10741188800006],[41.2730156260001,3.09851188800008],[41.2468156260001,3.07221188800003],[41.222415626,3.04851188800006],[41.199115626,3.02571188800004],[41.182891193,3.01049934900004],[41.1779667600001,3.00588681100004],[41.1679667600001,2.99618681100002],[41.12666676,2.95588681100003],[41.0866667600001,2.91608681100007],[41.0438667600001,2.87508681100007],[41.0026667600001,2.83448681100002],[40.9938667600001,2.82528681100006],[40.9933667600001,2.79668681100002],[40.99416676,2.79348681100003],[40.99376676,2.75238681100006],[40.9936667600001,2.74448681100006],[40.99346676,2.71108681100002],[40.9933667600001,2.66788681100006],[40.99236676,2.66008681100004],[40.99326676,2.62698681100004],[40.99326676,2.58468681100004],[40.99286676,2.56728681100003],[40.99306676,2.54188681100003],[40.9936667600001,2.49848681100001],[40.9931667600001,2.45518681100003],[40.99326676,2.41058681100001],[40.9933667600001,2.39428681100003],[40.99326676,2.37738681100006],[40.9931667600001,2.35988681100003],[40.9931667600001,2.34258681100005],[40.99286676,2.32598681100006],[40.99286676,2.30848681100002],[40.9927667600001,2.29218681100002],[40.9929667600001,2.27608681100004],[40.9927667600001,2.25938681100006],[40.99286676,2.24238681100007],[40.99236676,2.22378681100003],[40.99216676,2.20548681100007],[40.9920667600001,2.19038681100005],[40.990910172,2.17857877800001],[40.992153585,2.17527074600001],[40.991053585,2.00057074600006],[40.9909535850001,1.94647074600003],[40.9909535850001,1.94357074600003],[40.9925535850001,1.69677074600001],[40.9927535850001,1.68047074600001],[40.9916535850001,1.49067074600003],[40.9916535850001,1.31367074600007],[40.9916535850001,1.30547074600001],[40.9918535850001,1.02197074600002],[40.988053585,1.01957074600006],[40.990853585,0.710570746000025],[40.9916535850001,0.692970746000063],[40.9924471740001,0.463301085000053],[40.9931407620001,0.303131423000028],[40.9931407620001,0.00253142300005328],[40.993100774,-0.330769746999975],[40.9930502560001,-0.828945484999972],[41.108439726,-0.984720052999926],[41.219639726,-1.13642005299995],[41.5598397260001,-1.59412005299993],[41.561339726,-1.59582005299995],[41.562239726,-1.59722005299995],[41.5626397260001,-1.59902005299996],[41.562439726,-1.65742005299995],[41.533039726,-1.65972005299995],[41.5097036550001,-1.66191628899997],[41.531311035,-1.66131591799996],[41.528930664,-1.66497802699996],[41.5270996090001,-1.66870117199995],[41.524291992,-1.67169189499999],[41.5219116210001,-1.67352294899997],[41.518676758,-1.67620849599996],[41.5161132810001,-1.67907714799999],[41.5139160160001,-1.68139648399995],[41.510070801,-1.68481445299997],[41.506896973,-1.68798828099995],[41.503295898,-1.69079589799998],[41.5004882810001,-1.69317626999998],[41.497924805,-1.69531249999995],[41.4948730470001,-1.69799804699995],[41.4921264650001,-1.70068359399995],[41.49029541,-1.70397949199997],[41.4887084960001,-1.70672607399996],[41.4865112300001,-1.70892333999996],[41.4841308590001,-1.71209716799997],[41.48248291,-1.71582031299994],[41.480102539,-1.71862792999996],[41.4774780270001,-1.72198486299994],[41.4755249020001,-1.72442626999999],[41.4730834960001,-1.72760009799993],[41.4707031250001,-1.73150634799993],[41.469299316,-1.73492431599994],[41.4672851560001,-1.73718261699997],[41.465698242,-1.74090576199996],[41.4628906250001,-1.74420165999994],[41.460083008,-1.74652099599996],[41.4575195310001,-1.74810790999994],[41.454711914,-1.74969482399996],[41.451477051,-1.75268554699994],[41.4489135740001,-1.75689697299993],[41.446899414,-1.76000976599994],[41.443725586,-1.76287841799996],[41.44128418,-1.76580810499996],[41.4389038090001,-1.76849365199996],[41.4354858400001,-1.77178955099992],[41.432495117,-1.77581787099997],[41.429077148,-1.77929687499995],[41.426879883,-1.78198242199994],[41.4244995120001,-1.78521728499992],[41.421508789,-1.78790283199993],[41.419311523,-1.79022216799995],[41.416320801,-1.79388427699996],[41.413696289,-1.79718017599993],[41.409729004,-1.79998779299997],[41.40612793,-1.80157470699993],[41.403686523,-1.80358886699997],[41.4003295900001,-1.80712890599994],[41.3977050780001,-1.81170654299996],[41.3978881840001,-1.81671142599994],[41.3986816410001,-1.81951904299996],[41.396118164,-1.82141113299997],[41.393676758,-1.82348632799995],[41.392700195,-1.82769775399993],[41.388671875,-1.83068847699997],[41.3856811520001,-1.83319091799995],[41.382873535,-1.83612060499997],[41.3803100590001,-1.83947753899997],[41.3776855470001,-1.84210205099994],[41.3745117190001,-1.84442138699996],[41.3720703130001,-1.84661865199996],[41.3703002930001,-1.84899902299998],[41.368713379,-1.85198974599995],[41.370910645,-1.85382080099994],[41.3693237300001,-1.85699462899992],[41.36730957,-1.85919189499998],[41.3649291990001,-1.86260986299994],[41.3631962760001,-1.86513899499994],[41.359924316,-1.86407470699994],[41.3579101560001,-1.86041259799993],[41.356506348,-1.85772705099993],[41.3527221680001,-1.85699462899992],[41.3488769530001,-1.85858154299997],[41.347290039,-1.86151122999995],[41.3510742190001,-1.86242675799998],[41.3527221680001,-1.86480712899993],[41.355285645,-1.86688232399996],[41.3593139650001,-1.86749267599993],[41.362670898,-1.86590576199995],[41.36529541,-1.86730956999998],[41.3635253910001,-1.87200927699997],[41.35949707,-1.87432861299993],[41.356506348,-1.87609863299997],[41.3536987300001,-1.87811279299995],[41.3513183590001,-1.88079833999996],[41.3488769530001,-1.88330078099995],[41.3458862300001,-1.88598632799996],[41.342895508,-1.88830566399997],[41.3405151370001,-1.89038085899996],[41.3380737300001,-1.89300537099996],[41.3358764650001,-1.89581298799994],[41.3334960940001,-1.89868164099994],[41.332092285,-1.90289306599994],[41.330078125,-1.90521240199997],[41.3281250000001,-1.90899658199993],[41.326721191,-1.91198730499997],[41.3228759770001,-1.91217040999994],[41.3190917970001,-1.91302490199997],[41.3161010740001,-1.91571044899995],[41.3132934570001,-1.91882324199997],[41.3117065430001,-1.92150878899999],[41.310913086,-1.92498779299996],[41.3090820310001,-1.92761230499998],[41.30670166,-1.93011474599995],[41.3038940430001,-1.93328857399995],[41.3015136720001,-1.93670654299997],[41.3001098630001,-1.93988037099995],[41.301330566,-1.94342040999993],[41.2994995120001,-1.94671630899996],[41.295471191,-1.94860839799998],[41.2924804690001,-1.95031738299998],[41.2902832030001,-1.95471191399998],[41.286682129,-1.95489501999999],[41.283081055,-1.95471191399998],[41.2794799800001,-1.95690917999996],[41.276672363,-1.95959472699997],[41.275512695,-1.96258544899997],[41.274475098,-1.96600341799995],[41.272521973,-1.96917724599997],[41.268676758,-1.97161865199996],[41.2661132810001,-1.97308349599995],[41.2631225590001,-1.97717285199997],[41.260070801,-1.97979736299993],[41.2562866210001,-1.98138427699997],[41.25592041,-1.97698974599996],[41.2561035160001,-1.97277831999998],[41.2561035160001,-1.96942138699996],[41.2551269530001,-1.96661376999998],[41.2548828130001,-1.96368408199993],[41.2575073240001,-1.96038818399996],[41.260498047,-1.95648193399997],[41.260314941,-1.95312499999995],[41.2565307620001,-1.95599365199996],[41.253723145,-1.95300292999997],[41.2539062500001,-1.95001220699993],[41.256896973,-1.94799804699995],[41.260314941,-1.94958496099998],[41.260498047,-1.94592285199998],[41.2584838870001,-1.94281005899996],[41.259094238,-1.93981933599998],[41.2562866210001,-1.93920898399995],[41.253295898,-1.93988037099995],[41.249328613,-1.93878173799992],[41.2462768550001,-1.93749999999996],[41.243713379,-1.93939208999996],[41.241516113,-1.93701171899995],[41.240478516,-1.93481445299995],[41.237915039,-1.93579101599995],[41.236694336,-1.93908691399997],[41.232299805,-1.94067382799994],[41.231506348,-1.94470214799999],[41.2277221680001,-1.94848632799995],[41.228088379,-1.95251464799997],[41.2229003910001,-1.95092773399994],[41.218078613,-1.94940185499998],[41.22052002,-1.94549560499996],[41.2172851560001,-1.94390869099995],[41.2164916990001,-1.94018554699995],[41.2199096680001,-1.93749999999996],[41.2233276370001,-1.93768310499997],[41.224914551,-1.93298339799998],[41.2286987300001,-1.93109130899995],[41.2308959960001,-1.92907714799997],[41.232299805,-1.92620849599996],[41.2310791020001,-1.92352294899998],[41.2308959960001,-1.91918945299995],[41.2308959960001,-1.91528320299994],[41.228881836,-1.91302490199997],[41.2241210940001,-1.91387939499998],[41.2250976560001,-1.91729736299994],[41.221496582,-1.91851806599993],[41.217895508,-1.91790771499997],[41.219116211,-1.91448974599995],[41.2197265630001,-1.91027831999998],[41.217102051,-1.91168212899993],[41.2164916990001,-1.90850830099993],[41.2163085940001,-1.90557861299992],[41.215698242,-1.90209960899995],[41.2119140620001,-1.90301513699997],[41.207885742,-1.90319824199998],[41.205078125,-1.90557861299992],[41.2028808590001,-1.90808105499997],[41.200317383,-1.90930175799996],[41.200317383,-1.90570068399995],[41.203491211,-1.90252685499996],[41.205078125,-1.89880371099998],[41.2019042970001,-1.89721679699995],[41.201721191,-1.89392089799999],[41.1978759770001,-1.89428710899995],[41.1940917970001,-1.89697265599994],[41.1901245120001,-1.89929199199997],[41.186096191,-1.89959716799997],[41.1832885740001,-1.90032958999995],[41.18170166,-1.90319824199998],[41.1802978520001,-1.90667724599996],[41.178527832,-1.90991210899994],[41.174682617,-1.91052246099998],[41.172729492,-1.91290283199993],[41.170288086,-1.91601562499995],[41.166870117,-1.91839599599996],[41.162109375,-1.92022705099993],[41.1599121090001,-1.92492675799996],[41.1557006840001,-1.92388915999994],[41.1547241210001,-1.92718505899996],[41.151672363,-1.92999267599993],[41.148071289,-1.93078613299998],[41.1447143550001,-1.93188476599994],[41.143676758,-1.93542480499997],[41.1467285160001,-1.93762206999997],[41.1442871090001,-1.94110107399996],[41.1411132810001,-1.94409179699994],[41.1376953120001,-1.94708251999999],[41.1354980470001,-1.94958496099998],[41.1325073240001,-1.95037841799996],[41.1290893550001,-1.95159912099996],[41.127929688,-1.94897460899995],[41.126525879,-1.95361328099995],[41.1232910160001,-1.95739746099997],[41.118530273,-1.96112060499997],[41.114074707,-1.96099853499994],[41.110473633,-1.96508789099995],[41.10748291,-1.96197509799993],[41.1046752930001,-1.96417236299994],[41.103881836,-1.96899414099994],[41.102111816,-1.97161865199996],[41.09967041,-1.96911621099996],[41.0983276370001,-1.96582031299994],[41.0979003910001,-1.96252441399998],[41.094299316,-1.96392822299993],[41.089477539,-1.96392822299993],[41.0880737300001,-1.96728515599995],[41.0848999020001,-1.96789550799998],[41.080871582,-1.96832275399994],[41.077697754,-1.96728515599995],[41.0742797850001,-1.96899414099994],[41.071899414,-1.97131347699997],[41.068725586,-1.97442626999998],[41.0646972660001,-1.97631835899993],[41.0617065430001,-1.97729492199993],[41.0590820310001,-1.97979736299993],[41.054504395,-1.98187255899995],[41.052124023,-1.98632812499995],[41.053527832,-1.99151611299994],[41.053283691,-1.99719238299997],[41.056518555,-1.99932861299994],[41.0607299800001,-1.99951171899993],[41.0637207030001,-2.00189208999996],[41.061279297,-2.00421142599993],[41.05847168,-2.00640869099994],[41.0546875000001,-2.00567626999999],[41.051879883,-2.00720214799998],[41.052124023,-2.01037597699997],[41.0494995120001,-2.01379394499997],[41.045471191,-2.01489257799994],[41.0424804690001,-2.01721191399998],[41.0424804690001,-2.02069091799996],[41.0441284180001,-2.02380371099999],[41.0396728520001,-2.02551269499998],[41.036682129,-2.02770996099997],[41.036499023,-2.03192138699997],[41.034484863,-2.03491210899996],[41.032104492,-2.03790283199994],[41.0297241210001,-2.04241943399997],[41.0261230470001,-2.04089355499997],[41.0228881840001,-2.03790283199994],[41.021484375,-2.04052734399994],[41.020324707,-2.04339599599995],[41.017700195,-2.04541015599994],[41.014526367,-2.04779052699996],[41.0109252930001,-2.04681396499997],[41.006896973,-2.04229736299994],[41.0084838870001,-2.03851318399995],[41.0097045900001,-2.03472900399993],[41.007324219,-2.03100585899994],[41.003479004,-2.03222656199995],[40.9996948240001,-2.03350830099993],[40.9962768550001,-2.03369140599995],[40.992492676,-2.03540039099994],[40.9904785160001,-2.03149414099995],[40.9888916020001,-2.02758789099994],[40.9888916020001,-2.02380371099999],[40.985473633,-2.02148437499995],[40.9830932620001,-2.01861572299992],[40.983703613,-2.01428222699998],[40.988098145,-2.01312255899996],[40.989074707,-2.01007080099992],[40.984680176,-2.00640869099994],[40.981323242,-2.00421142599993],[40.9782714840001,-2.00262451199995],[40.97467041,-2.00030517599992],[40.9716796870001,-1.99639892599993],[40.9714965820001,-1.99340820299994],[40.9730834960001,-1.99029540999993],[40.9743041990001,-1.98718261699997],[40.9752807620001,-1.98431396499996],[40.9774780270001,-1.98229980499998],[40.978088379,-1.97839355499997],[40.9774780270001,-1.97308349599995],[40.978088379,-1.96789550799998],[40.977905273,-1.96301269499998],[40.9794921880001,-1.95922851599994],[40.977111816,-1.95770263699995],[40.974914551,-1.95532226599995],[40.972473145,-1.95220947299993],[40.9714965820001,-1.94732665999993],[40.9750976560001,-1.94561767599993],[40.9758911130001,-1.94171142599992],[40.978088379,-1.93988037099995],[40.980102539,-1.93780517599993],[40.981506348,-1.93511962899994],[40.9838867190001,-1.93188476599994],[40.9860839840001,-1.92999267599993],[40.987915039,-1.92651367199994],[40.9896850590001,-1.92199706999999],[40.993286133,-1.91998290999992],[40.9951171880001,-1.91821289099994],[40.997680664,-1.91650390599995],[40.99810791,-1.91259765599995],[41.0006713870001,-1.90808105499997],[41.004272461,-1.90649414099994],[41.007324219,-1.90582275399993],[41.0109252930001,-1.90600585899996],[41.0131225590001,-1.90307617199994],[41.016479492,-1.90081787099997],[41.0197143550001,-1.89892578099994],[41.022521973,-1.89587402299998],[41.0263061520001,-1.89312744099994],[41.0285034180001,-1.89129638699995],[41.0328979490001,-1.88970947299993],[41.0349121090001,-1.88488769499997],[41.037475586,-1.88061523399995],[41.0363159180001,-1.87658691399996],[41.0336914060001,-1.87377929699995],[41.0324707030001,-1.86889648399995],[41.0294799800001,-1.86700439499999],[41.026672363,-1.86791992199994],[41.0249023440001,-1.87042236299994],[41.0249023440001,-1.87390136699997],[41.023498535,-1.87841796899995],[41.0206909180001,-1.88061523399995],[41.017883301,-1.88238525399992],[41.0148925780001,-1.88421630899995],[41.0126953120001,-1.88610839799998],[41.0114746090001,-1.88928222699997],[41.0092773440001,-1.89172363299998],[41.006896973,-1.89318847699997],[41.0031127930001,-1.89428710899995],[40.999084473,-1.89349365199995],[40.996887207,-1.89660644499999],[40.993286133,-1.89331054699996],[40.991088867,-1.89599609399995],[40.989074707,-1.89868164099994],[40.987121582,-1.90289306599994],[40.9865112300001,-1.90618896499996],[40.983703613,-1.90911865199998],[40.9796752930001,-1.91070556599994],[40.9755249020001,-1.91320800799997],[40.9716796870001,-1.91119384799993],[40.973510742,-1.91552734399995],[40.9760742190001,-1.91772460899995],[40.9782714840001,-1.92059326199995],[40.9763183590001,-1.92541503899998],[40.9730834960001,-1.92797851599995],[40.970275879,-1.92742919899996],[40.9675292970001,-1.92492675799996],[40.966918945,-1.92797851599995],[40.962280273,-1.93041992199994],[40.9586791990001,-1.93292236299993],[40.9564819340001,-1.93640136699999],[40.954711914,-1.94012451199996],[40.951721191,-1.94311523399996],[40.952514648,-1.94628906199995],[40.953491211,-1.95019531199995],[40.953491211,-1.95379638699996],[40.953491211,-1.95770263699995],[40.958312988,-1.95849609399994],[40.9608764650001,-1.96179199199998],[40.959289551,-1.96539306599994],[40.9567260740001,-1.96820068399995],[40.954711914,-1.97119140599995],[40.9542846680001,-1.97430419899995],[40.95489502,-1.97778320299995],[40.95690918,-1.98059081999998],[40.9586791990001,-1.98431396499996],[40.9558715820001,-1.98718261699997],[40.9533081050001,-1.98992919899997],[40.951293945,-1.99310302699997],[40.9478759770001,-1.99517822299993],[40.9462890630001,-1.99871826199996],[40.943725586,-1.99987792999996],[40.9401245120001,-2.00018310499997],[40.935913086,-2.00091552699997],[40.9331054690001,-2.00262451199995],[40.929321289,-2.00579833999996],[40.928710938,-2.01116943399995],[40.9254760740001,-2.01220703099996],[40.9213256840001,-2.01049804699993],[40.918518066,-2.00610351599994],[40.914916992,-2.00268554699995],[40.9110717770001,-2.00048828099994],[40.9088745120001,-1.99700927699996],[40.9052734380001,-1.99328613299996],[40.901672363,-1.99121093699995],[40.8978881840001,-1.99017333999996],[40.892883301,-1.99029540999993],[40.8900756840001,-1.98931884799993],[40.8925170900001,-1.98480224599996],[40.8876953130001,-1.98608398399995],[40.8864746090001,-1.98980712899993],[40.88269043,-1.98999023399995],[40.878723145,-1.99011230499997],[40.8756713870001,-1.99121093699995],[40.8720703130001,-1.99072265599995],[40.8688964840001,-1.98907470699993],[40.8671264650001,-1.98571777299999],[40.8657226560001,-1.98162841799995],[40.865112305,-1.97790527299999],[40.8666992190001,-1.97460937499995],[40.869689941,-1.97088622999996],[40.866088867,-1.97131347699997],[40.86529541,-1.96820068399995],[40.8659057620001,-1.96472167999998],[40.8645019530001,-1.96221923799994],[40.8624877930001,-1.95910644499997],[40.85949707,-1.95922851599994],[40.858520508,-1.96331787099997],[40.8591308590001,-1.96679687499995],[40.8566894530001,-1.96832275399994],[40.856506348,-1.97119140599995],[40.8524780270001,-1.97088622999996],[40.8479003910001,-1.96960449199997],[40.845275879,-1.96728515599995],[40.847290039,-1.96258544899997],[40.8463134770001,-1.95782470699993],[40.842895508,-1.95330810499996],[40.842102051,-1.94787597699996],[40.839477539,-1.94610595699993],[40.8361206050001,-1.94500732399997],[40.8344726560001,-1.94171142599992],[40.8312988280001,-1.94171142599992],[40.8325195310001,-1.94549560499996],[40.8347167970001,-1.94812011699998],[40.8348999020001,-1.95129394499999],[40.836730957,-1.95501708999995],[40.8369140630001,-1.95861816399998],[40.833129883,-1.96002197299993],[40.8295288090001,-1.95977783199993],[40.8269042970001,-1.95849609399994],[40.824523926,-1.95617675799997],[40.819885254,-1.95648193399997],[40.81451416,-1.95642089799998],[40.810913086,-1.95428466799997],[40.80670166,-1.95159912099996],[40.8024902340001,-1.95318603499994],[40.799682617,-1.95202636699998],[40.7971191410001,-1.94989013699995],[40.7973022460001,-1.94641113299997],[40.7938842770001,-1.94519042999997],[40.790100098,-1.94488525399992],[40.7871093750001,-1.94531249999996],[40.7836914060001,-1.94500732399997],[40.780090332,-1.94372558599998],[40.7797241210001,-1.94061279299996],[40.775512695,-1.94317626999999],[40.7714843750001,-1.94152831999999],[40.768127441,-1.94110107399996],[40.7662963870001,-1.93859863299997],[40.764526367,-1.94152831999999],[40.761108398,-1.94186401399997],[40.7642822270001,-1.94342040999993],[40.768127441,-1.94439697299993],[40.7717285160001,-1.94622802699997],[40.7753295900001,-1.94738769499998],[40.7785034180001,-1.94818115199997],[40.780883789,-1.95092773399994],[40.784484863,-1.95239257799995],[40.784729004,-1.95581054699995],[40.7877197270001,-1.95629882799993],[40.789123535,-1.95971679699995],[40.792114258,-1.96191406199996],[40.794494629,-1.96380615199996],[40.7974853520001,-1.96520996099997],[40.8002929690001,-1.96649169899997],[40.8038940430001,-1.96752929699995],[40.8079223630001,-1.96838378899997],[40.8112792970001,-1.96929931599995],[40.8093261720001,-1.97222900399993],[40.806274414,-1.97460937499995],[40.8090820310001,-1.97540283199994],[40.8139038090001,-1.97528076199995],[40.817687988,-1.97711181599995],[40.820678711,-1.97857665999994],[40.8234863280001,-1.98022460899996],[40.826721191,-1.98059081999998],[40.8300781250001,-1.97857665999994],[40.8356933590001,-1.97930908199992],[40.8392944340001,-1.98162841799995],[40.8422851560001,-1.98339843699996],[40.84552002,-1.98522949199998],[40.8483276370001,-1.98809814499998],[40.8466796880001,-1.99060058599997],[40.8500976560001,-1.99047851599993],[40.854309082,-1.99237060499997],[40.858276367,-1.99499511699997],[40.860717773,-1.99719238299997],[40.863098145,-1.99932861299994],[40.8666992190001,-2.00030517599992],[40.870483398,-2.00048828099994],[40.872924805,-2.00268554699995],[40.873291016,-2.00561523399995],[40.869689941,-2.00732421899995],[40.8659057620001,-2.00598144499998],[40.862670898,-2.00781249999995],[40.8588867190001,-2.01098632799995],[40.8549194340001,-2.01080322299992],[40.8505249020001,-2.01110839799999],[40.8461303710001,-2.01159667999996],[40.843322754,-2.01391601599994],[40.838928223,-2.01538085899995],[40.8334960940001,-2.01531982399996],[40.82989502,-2.01861572299992],[40.834289551,-2.01922607399996],[40.838684082,-2.01849365199995],[40.841674805,-2.02008056599993],[40.844299316,-2.01849365199995],[40.848510742,-2.01672363299997],[40.8524780270001,-2.01800537099996],[40.8568725590001,-2.01959228499994],[40.85949707,-2.02239990199996],[40.862915039,-2.02081298799993],[40.8646850590001,-2.01861572299992],[40.8657226560001,-2.01531982399996],[40.8701171870001,-2.01361083999996],[40.8745117190001,-2.01501464799998],[40.8781127930001,-2.01831054699995],[40.88269043,-2.01782226599996],[40.8864746090001,-2.01531982399996],[40.889526367,-2.01562499999994],[40.8922729490001,-2.01129150399994],[40.8977050780001,-2.01062011699997],[40.9011230470001,-2.01391601599994],[40.902893066,-2.01678466799996],[40.9022827150001,-2.02020263699995],[40.901489258,-2.02478027299998],[40.9003295900001,-2.02880859399995],[40.9003295900001,-2.03289794899997],[40.9003295900001,-2.03588867199993],[40.8999023440001,-2.03942871099997],[40.9008789060001,-2.04412841799996],[40.8991088870001,-2.04687499999995],[40.896118164,-2.04498290999994],[40.892700195,-2.04278564499998],[40.888916016,-2.03887939499999],[40.8856811520001,-2.03601074199999],[40.881896973,-2.03521728499993],[40.88269043,-2.03851318399995],[40.88269043,-2.04199218699995],[40.879272461,-2.04180908199994],[40.876098633,-2.04382324199999],[40.874328613,-2.04669189499998],[40.8781127930001,-2.04699706999997],[40.8811035160001,-2.04791259799993],[40.884094238,-2.05059814499998],[40.8892822270001,-2.05151367199995],[40.8906860350001,-2.05572509799993],[40.8934936520001,-2.05902099599996],[40.891906738,-2.06262206999997],[40.8878784180001,-2.05938720699993],[40.885070801,-2.05621337899993],[40.880493164,-2.05621337899993],[40.878479004,-2.05987548799994],[40.87512207,-2.06231689499998],[40.8737182620001,-2.06512451199996],[40.8703002930001,-2.06622314499997],[40.86529541,-2.06872558599998],[40.859680176,-2.06970214799998],[40.854309082,-2.07110595699994],[40.8560791020001,-2.07342529299995],[40.8601074220001,-2.07312011699998],[40.8637084960001,-2.07318115199996],[40.867492676,-2.07299804699994],[40.869689941,-2.07672119099994],[40.872680664,-2.07257080099993],[40.8754882810001,-2.07012939499999],[40.8781127930001,-2.06890869099994],[40.88067627,-2.06689453099995],[40.8833007810001,-2.06420898399995],[40.885070801,-2.06597900399993],[40.8834838870001,-2.07067871099997],[40.88092041,-2.07299804699994],[40.877075195,-2.07440185499998],[40.8795166020001,-2.07708740199996],[40.883117676,-2.07690429699995],[40.886108398,-2.07458496099997],[40.8886718750001,-2.07238769499998],[40.893310547,-2.07318115199996],[40.8969116210001,-2.07189941399998],[40.899475098,-2.07348632799995],[40.899475098,-2.07751464799998],[40.89831543,-2.08221435499998],[40.9008789060001,-2.08032226599995],[40.9042968750001,-2.07922363299996],[40.9064941410001,-2.08190917999997],[40.9074707030001,-2.08459472699998],[40.9088745120001,-2.08752441399997],[40.911682129,-2.09118652299998],[40.912475586,-2.09619140599997],[40.911682129,-2.09960937499994],[40.9121093750001,-2.10351562499994],[40.9122924800001,-2.10888671899995],[40.9121093750001,-2.11260986299993],[40.911682129,-2.11578369099994],[40.9110717770001,-2.11962890599994],[40.910705566,-2.12402343799994],[40.9108886720001,-2.12951660199997],[40.91192627,-2.13348388699996],[40.912475586,-2.13629150399992],[40.9121093750001,-2.13970947299994],[40.9127197270001,-2.14349365199996],[40.914123535,-2.14678955099992],[40.916870117,-2.14990234399994],[40.9166870120001,-2.15362548799995],[40.91607666,-2.15722656199994],[40.91809082,-2.16040039099995],[40.9179077150001,-2.16461181599995],[40.9174804690001,-2.16772460899995],[40.9174804690001,-2.17059326199996],[40.916320801,-2.17401122999997],[40.9157104490001,-2.17687988299997],[40.9157104490001,-2.18090820299994],[40.915893555,-2.18450927699995],[40.9165039060001,-2.18762206999998],[40.9177246090001,-2.19110107399996],[40.918273926,-2.19519042999997],[40.9187011720001,-2.19921874999995],[40.919494629,-2.20281982399996],[40.9199218750001,-2.20629882799995],[40.9196777340001,-2.20971679699994],[40.920288086,-2.21337890599994],[40.922119141,-2.21679687499995],[40.92388916,-2.21899414099995],[40.9263305660001,-2.22131347699996],[40.9230957030001,-2.22241210899995],[40.9188842770001,-2.22100830099993],[40.9155273440001,-2.21911621099997],[40.911499023,-2.21710205099993],[40.9078979490001,-2.21539306599994],[40.9044799800001,-2.21331787099996],[40.901489258,-2.21051025399992],[40.9025268550001,-2.20739746099998],[40.9022827150001,-2.20318603499995],[40.8989257810001,-2.20050048799994],[40.895324707,-2.20269775399993],[40.8912963870001,-2.20092773399995],[40.8876953130001,-2.20361328099993],[40.8856811520001,-2.20037841799996],[40.8878784180001,-2.19812011699997],[40.8886718750001,-2.19439697299993],[40.88848877,-2.18988037099995],[40.886291504,-2.18762206999998],[40.88269043,-2.18847656199995],[40.8834838870001,-2.19158935499995],[40.8825073240001,-2.19512939499999],[40.879272461,-2.19750976599996],[40.8759155270001,-2.19842529299996],[40.8720703130001,-2.19989013699995],[40.869689941,-2.20239257799996],[40.874084473,-2.20428466799996],[40.878295898,-2.20391845699993],[40.8789062500001,-2.20690917999999],[40.8790893550001,-2.21008300799997],[40.8795166020001,-2.21331787099996],[40.875305176,-2.21307372999997],[40.8701171870001,-2.21221923799994],[40.864318848,-2.21228027299998],[40.8601074220001,-2.21301269499999],[40.864074707,-2.21569824199997],[40.868530273,-2.21722412099996],[40.870727539,-2.21929931599993],[40.8734741210001,-2.21990966799998],[40.8781127930001,-2.22229003899997],[40.874328613,-2.22430419899996],[40.870910645,-2.22589111299994],[40.8676757810001,-2.22497558599997],[40.8666992190001,-2.22802734399994],[40.864318848,-2.23059081999999],[40.8610839840001,-2.23291015599994],[40.8646850590001,-2.23339843699996],[40.8681030270001,-2.23431396499995],[40.8624877930001,-2.23571777299997],[40.858703613,-2.23718261699998],[40.8557128910001,-2.23468017599993],[40.852111816,-2.23400878899995],[40.8491210940001,-2.23492431599993],[40.8457031250001,-2.23620605499996],[40.8414916990001,-2.23797607399997],[40.8380737300001,-2.24041747999997],[40.8347167970001,-2.24230956999999],[40.831115723,-2.24340820299995],[40.833129883,-2.23950195299995],[40.8361206050001,-2.23712158199993],[40.8392944340001,-2.23498535199997],[40.8402709960001,-2.23229980499998],[40.836303711,-2.23022460899995],[40.8322753910001,-2.22930908199992],[40.828918457,-2.22821044899997],[40.8248901370001,-2.22998046899995],[40.8204956050001,-2.22967529299996],[40.816711426,-2.23028564499997],[40.8139038090001,-2.23229980499998],[40.811096191,-2.23382568399996],[40.8081054690001,-2.23590087899993],[40.804077148,-2.23760986299994],[40.801330566,-2.23760986299994],[40.800109863,-2.23352050799996],[40.796508789,-2.23352050799996],[40.79309082,-2.23577880899995],[40.791320801,-2.24011230499998],[40.795715332,-2.24011230499998],[40.797912598,-2.24340820299995],[40.799682617,-2.24621581999998],[40.796691895,-2.24877929699994],[40.7938842770001,-2.25262451199996],[40.789916992,-2.25592040999993],[40.7863159180001,-2.25830078099994],[40.7838745120001,-2.26141357399996],[40.7807006840001,-2.26031494099995],[40.7807006840001,-2.25659179699994],[40.7805175780001,-2.25219726599995],[40.7783203120001,-2.24761962899992],[40.775695801,-2.24749755899997],[40.775695801,-2.25140380899995],[40.772521973,-2.25079345699993],[40.7719116210001,-2.24591064499999],[40.770080566,-2.24218749999995],[40.767883301,-2.24591064499999],[40.764709473,-2.24768066399999],[40.7650756840001,-2.25189208999995],[40.762084961,-2.25531005899995],[40.759094238,-2.25469970699992],[40.756713867,-2.25311279299997],[40.753295898,-2.25207519499998],[40.752319336,-2.24847412099996],[40.7496948240001,-2.24890136699997],[40.7496948240001,-2.24517822299991],[40.749328613,-2.24060058599998],[40.747924805,-2.23608398399995],[40.7474975590001,-2.23187255899996],[40.745727539,-2.23461914099994],[40.745483398,-2.23968505899994],[40.7462768550001,-2.24511718799993],[40.7429199220001,-2.24511718799993],[40.7399291990001,-2.24340820299995],[40.7360839840001,-2.23968505899994],[40.7318725590001,-2.23919677699996],[40.730285645,-2.23620605499996],[40.729309082,-2.23248290999993],[40.730529785,-2.22967529299996],[40.730285645,-2.22668456999997],[40.728088379,-2.22570800799997],[40.7265014650001,-2.22912597699996],[40.7241210940001,-2.22747802699997],[40.722473145,-2.22491455099992],[40.7207031250001,-2.22180175799999],[40.719116211,-2.21917724599997],[40.7152709960001,-2.21801757799995],[40.7163085940001,-2.22192382799994],[40.7185058590001,-2.22491455099992],[40.720275879,-2.22790527299997],[40.722473145,-2.23052978499993],[40.72467041,-2.23400878899995],[40.7265014650001,-2.23840331999997],[40.7274780270001,-2.24298095699994],[40.726928711,-2.24707031199995],[40.7263183590001,-2.25170898399994],[40.7233276370001,-2.25109863299998],[40.721496582,-2.25360107399997],[40.7211303710001,-2.25592040999993],[40.717102051,-2.25909423799993],[40.71270752,-2.25897216799996],[40.7075195310001,-2.25927734399996],[40.7041015630001,-2.25842285199997],[40.7055053710001,-2.26208496099997],[40.7084960940001,-2.26409912099995],[40.7120971680001,-2.26348876999999],[40.7152709960001,-2.26239013699995],[40.718078613,-2.26300048799994],[40.7213134770001,-2.26330566399996],[40.7238769530001,-2.26721191399997],[40.728088379,-2.26672363299996],[40.7308959960001,-2.26409912099995],[40.7329101560001,-2.26110839799999],[40.7352905270001,-2.25891113299998],[40.738098145,-2.26470947299992],[40.7395019530001,-2.26788330099992],[40.737915039,-2.27062988299997],[40.7360839840001,-2.27319335899995],[40.733276367,-2.27569580099994],[40.7307128910001,-2.27722167999997],[40.727111816,-2.27520751999998],[40.722290039,-2.27838134799994],[40.716918945,-2.27770996099998],[40.7155151370001,-2.27502441399997],[40.7133178710001,-2.27252197299992],[40.7106933590001,-2.27410888699995],[40.7077026370001,-2.27471923799993],[40.709289551,-2.27880859399995],[40.711486816,-2.28228759799992],[40.712280273,-2.28558349599996],[40.7084960940001,-2.28472900399992],[40.7055053710001,-2.28228759799992],[40.7019042970001,-2.28332519499998],[40.6998901370001,-2.28558349599996],[40.6959228520001,-2.28918456999998],[40.69128418,-2.29022216799996],[40.694702148,-2.29302978499994],[40.698120117,-2.29382324199998],[40.7019042970001,-2.29437255899996],[40.7050781250001,-2.29571533199992],[40.7062988280001,-2.29901122999996],[40.704711914,-2.30291747999997],[40.7031250000001,-2.30682372999996],[40.70690918,-2.30999755899995],[40.711730957,-2.30749511699998],[40.7133178710001,-2.30987548799993],[40.717102051,-2.31091308599998],[40.7207031250001,-2.31158447299993],[40.7243041990001,-2.31219482399997],[40.727905273,-2.31182861299994],[40.725891113,-2.30871581999998],[40.728088379,-2.30627441399997],[40.7310791020001,-2.30841064499998],[40.734924316,-2.31011962899994],[40.7388916020001,-2.31201171899994],[40.7429199220001,-2.31329345699994],[40.7473144530001,-2.31530761699996],[40.7517089840001,-2.31561279299996],[40.75567627,-2.31732177699997],[40.7595214840001,-2.31890869099995],[40.760070801,-2.32281494099994],[40.759887695,-2.32672119099994],[40.760070801,-2.33007812499994],[40.7609252930001,-2.33312988299997],[40.7623291020001,-2.33660888699995],[40.7642822270001,-2.34002685499997],[40.7661132810001,-2.34472656199995],[40.764709473,-2.34808349599995],[40.7661132810001,-2.35150146499997],[40.768920898,-2.35070800799998],[40.7719116210001,-2.35119628899997],[40.774291992,-2.35430908199994],[40.7722778320001,-2.35882568399995],[40.774475098,-2.36187744099992],[40.7775268550001,-2.35968017599992],[40.7772827150001,-2.36230468699996],[40.778930664,-2.36602783199993],[40.7753295900001,-2.36981201199995],[40.7714843750001,-2.37030029299996],[40.7684936520001,-2.37200927699996],[40.769897461,-2.37609863299995],[40.774291992,-2.37542724599997],[40.7785034180001,-2.37591552699997],[40.774291992,-2.37841796899994],[40.7706909180001,-2.38018798799994],[40.7692871090001,-2.38269042999998],[40.770874023,-2.38592529299995],[40.772521973,-2.38269042999998],[40.7758789060001,-2.38482665999993],[40.780090332,-2.38360595699992],[40.783081055,-2.37872314499998],[40.7863159180001,-2.37481689499999],[40.7885131840001,-2.37121581999997],[40.7896728520001,-2.36608886699998],[40.7894897460001,-2.36260986299994],[40.7916870120001,-2.36077880899995],[40.7905273440001,-2.35791015599995],[40.7907104490001,-2.35388183599998],[40.789916992,-2.35040283199993],[40.7894897460001,-2.34698486299994],[40.79107666,-2.34442138699995],[40.794311523,-2.34411621099998],[40.7973022460001,-2.34582519499998],[40.7994995120001,-2.34948730499997],[40.803283691,-2.35302734399994],[40.806518555,-2.35528564499999],[40.8104858400001,-2.35632324199998],[40.814086914,-2.35668945299995],[40.8173217770001,-2.35742187499995],[40.8195190430001,-2.35931396499996],[40.8212890620001,-2.36151122999996],[40.8226928710001,-2.36499023399995],[40.823730469,-2.36840820299994],[40.8248901370001,-2.37158203099994],[40.825317383,-2.37451171899995],[40.825500488,-2.37792968699995],[40.8248901370001,-2.38079833999995],[40.8247070310001,-2.38427734399995],[40.824523926,-2.38861083999995],[40.8211059570001,-2.39300537099996],[40.817871094,-2.39520263699995],[40.8146972660001,-2.39678955099993],[40.811889648,-2.39862060499996],[40.8090820310001,-2.40130615199997],[40.8048706050001,-2.40521240199996],[40.8015136720001,-2.40789794899997],[40.79888916,-2.40991210899996],[40.795288086,-2.41247558599998],[40.79107666,-2.41528320299995],[40.7883300780001,-2.41741943399997],[40.785522461,-2.41967773399995],[40.7828979490001,-2.42272949199998],[40.7805175780001,-2.42468261699997],[40.7770996090001,-2.42852783199994],[40.7741088870001,-2.43261718699996],[40.7714843750001,-2.43749999999995],[40.7706909180001,-2.44171142599993],[40.770324707,-2.44500732399997],[40.770324707,-2.44891357399996],[40.7675170900001,-2.45147705099993],[40.7636718750001,-2.45080566399998],[40.759887695,-2.45001220699992],[40.7553100590001,-2.44989013699996],[40.7506713870001,-2.45019531199995],[40.7470703120001,-2.45269775399993],[40.7438964840001,-2.45349121099997],[40.7399291990001,-2.45379638699995],[40.7363131990001,-2.45583125999997],[40.735198623,-2.45674032799997],[40.7341531800001,-2.45734941299999],[40.7330486450001,-2.45796304299997],[40.7320014970001,-2.45854087799995],[40.730953212,-2.45910053099994],[40.7302373110001,-2.45962893499995],[40.729521409,-2.46005506699992],[40.728283908,-2.46072080499994],[40.7271663540001,-2.46130778599996],[40.726371697,-2.46178726299997],[40.72560051,-2.46221309199996],[40.7246314970001,-2.46275962899996],[40.7236222490001,-2.46335981299996],[40.7225928820001,-2.46403376399996],[40.7205341490001,-2.46529448599996],[40.7187905960001,-2.46635402999993],[40.7176036400001,-2.46703133299996],[40.716416683,-2.46770863599995],[40.7155851420001,-2.46823170099998],[40.7144685980001,-2.46893918099995],[40.713405702,-2.46963660199998],[40.7125540430001,-2.47020996299995],[40.7118029750001,-2.47067267499994],[40.7107937260001,-2.47116221099998],[40.709375413,-2.471899868],[40.7079638060001,-2.47266434799997],[40.707149031,-2.47312705999997],[40.7058748960001,-2.47393177699998],[40.704600762,-2.47473649299997],[40.7033199210001,-2.47562168199995],[40.7020390810001,-2.47650686999998],[40.700382706,-2.47764688499995],[40.698726331,-2.47878689999994],[40.696104296,-2.48083222099997],[40.693482262,-2.48287754199993],[40.692747958,-2.48353137399994],[40.691792357,-2.48444003399992],[40.691081524,-2.48513074899996],[40.6902835130001,-2.48566051999995],[40.6894855030001,-2.48619029199995],[40.6884661950001,-2.48680053499994],[40.6874468880001,-2.48741077899996],[40.6866757010001,-2.48774607699993],[40.685637952,-2.48830267299996],[40.683939665,-2.48984504599998],[40.6826856480001,-2.49101859099995],[40.680740916,-2.49268167199996],[40.6787961850001,-2.49434475299996],[40.675879087,-2.49732220399994],[40.67296199,-2.50029965499994],[40.6699375970001,-2.50351181499996],[40.666913204,-2.50672397499994],[40.663969283,-2.51009707899994],[40.6606565330001,-2.51390607099996],[40.6588056850001,-2.51617268899997],[40.6571761340001,-2.51817777399998],[40.656022707,-2.51978050099996],[40.654704984,-2.52159446599996],[40.654212095,-2.52222818099995],[40.6524216010001,-2.52466244799996],[40.650631106,-2.52709671599996],[40.6499202730001,-2.52804225799997],[40.648981437,-2.52927950899994],[40.648297428,-2.53015463799994],[40.647070236,-2.53153606799998],[40.6458430430001,-2.53291749899995],[40.644669498,-2.53396362999996],[40.6434959530001,-2.53500976199997],[40.642731472,-2.53570718299995],[40.6419669920001,-2.53640460399993],[40.6410818030001,-2.53707520099994],[40.640196615,-2.53774579799994],[40.639432135,-2.53831580499998],[40.6386676540001,-2.53888581299999],[40.637232576,-2.53985147299996],[40.635797498,-2.54081713199997],[40.6351403130001,-2.54124631499997],[40.634221595,-2.54184985199993],[40.6334369960001,-2.54237291799997],[40.631995213,-2.54338551899997],[40.630553429,-2.54439812099997],[40.6294804730001,-2.54511565999997],[40.6284075180001,-2.54583319899997],[40.6274083280001,-2.54656414999993],[40.626409139,-2.54729510099997],[40.625262418,-2.54808640499993],[40.624115697,-2.54887770999995],[40.622365438,-2.55005125499997],[40.6202785400001,-2.55143670799993],[40.6193946930001,-2.55168080599998],[40.61833962,-2.55203286899995],[40.6171884280001,-2.55219716499994],[40.6156460550001,-2.55344447599993],[40.614351803,-2.55453754899998],[40.6132319060001,-2.55528861799997],[40.612112008,-2.55603968699996],[40.611401175,-2.55654934099994],[40.6102705490001,-2.55723200799999],[40.609268677,-2.55782347499996],[40.608360018,-2.55838509999997],[40.6071160600001,-2.55869525099996],[40.6063046370001,-2.55853430799995],[40.60552898,-2.55797994799997],[40.604504084,-2.55755523599994],[40.6030936510001,-2.55754165699994],[40.6019558150001,-2.55745799999994],[40.6007663440001,-2.55701959699996],[40.599739492,-2.55661025299998],[40.598367163,-2.55644899099997],[40.5971493100001,-2.55588377299996],[40.596420036,-2.55525508799997],[40.5958793670001,-2.55466202899992],[40.5950023520001,-2.55404906099995],[40.594022651,-2.55355344799994],[40.5931341100001,-2.55342771099993],[40.5922455690001,-2.55332292999999],[40.59133188,-2.55326425299996],[40.590250543,-2.55319300199996],[40.5893871490001,-2.55313851599993],[40.5885991970001,-2.55298763199994],[40.5874026010001,-2.55259365599994],[40.586503581,-2.55229607799992],[40.583796045,-2.55164224599999],[40.58108851,-2.55098841399997],[40.5801915860001,-2.55072855799995],[40.5789761290001,-2.55038068499994],[40.578020528,-2.55011663799996],[40.5772283850001,-2.54996575399998],[40.576172195,-2.54975200099993],[40.574889678,-2.54960949899995],[40.5739717980001,-2.54956758599997],[40.572986858,-2.54937688499997],[40.5715073530001,-2.54877544399995],[40.5701242470001,-2.54807969899997],[40.5690932040001,-2.54711571599995],[40.568246575,-2.54622717499997],[40.567525683,-2.54546436999993],[40.5666036120001,-2.54499495199997],[40.565453119,-2.54431178199997],[40.5645666730001,-2.54337713699995],[40.564084682,-2.54263528899999],[40.5635272480001,-2.54198774399993],[40.5627954380001,-2.54149052599996],[40.5619180090001,-2.54133978099997],[40.5607526520001,-2.54109710699993],[40.5597048440001,-2.54033430299995],[40.558724096,-2.53940489699995],[40.557709818,-2.53883384199997],[40.5563350940001,-2.53876678199993],[40.5552202260001,-2.53875001699994],[40.554180801,-2.53872486899998],[40.552927622,-2.53867038299996],[40.551833711,-2.53845872599994],[40.550565863,-2.53797882999993],[40.549574637,-2.53771478299996],[40.548495395,-2.53727889399994],[40.5475125510001,-2.53686396299998],[40.54647061,-2.53657895899996],[40.545412743,-2.53621851299994],[40.544608027,-2.53601733399994],[40.5436943380001,-2.53579938999997],[40.542797415,-2.53548644399996],[40.5418082840001,-2.53473062499996],[40.5409197430001,-2.53427378099997],[40.5398530740001,-2.53409565399995],[40.53854541,-2.53390285699993],[40.537461976,-2.53343553499996],[40.536491706,-2.53283409299997],[40.5353789340001,-2.53210272299997],[40.5339287680001,-2.53122256399997],[40.532788753,-2.53053520199997],[40.531346969,-2.52977239799998],[40.5299051850001,-2.52900959399995],[40.529087895,-2.52849407199994],[40.5278095690001,-2.52786957899997],[40.5258313080001,-2.52700618499994],[40.5240248870001,-2.52625176299995],[40.523299836,-2.52546398599999],[40.522981445,-2.52404531099995],[40.5222147920001,-2.52456866199999],[40.5213016710001,-2.52470520399994],[40.5205945810001,-2.52435165899994],[40.5197991050001,-2.52390972799998],[40.5186912290001,-2.52330016799994],[40.5175041110001,-2.52274241999993],[40.516711683,-2.52243763999997],[40.51577296,-2.52209628599997],[40.514842365,-2.52151517199998],[40.5137796980001,-2.52095945699994],[40.512677598,-2.52166273299997],[40.512871454,-2.52298624399998],[40.5136882640001,-2.52381524599997],[40.5143222070001,-2.52435165899994],[40.516589771,-2.52561954399995],[40.5188573350001,-2.52688742899995],[40.5200033080001,-2.52743603299996],[40.521350436,-2.52809435799998],[40.5217527450001,-2.52899955499993],[40.520868883,-2.52976455299997],[40.5198813960001,-2.53016686299998],[40.5188573350001,-2.53042287799998],[40.5179551860001,-2.53049602499995],[40.517053036,-2.53056917299996],[40.516041167,-2.53056917299996],[40.5150292970001,-2.53056917299996],[40.5141393390001,-2.53050821699999],[40.513249381,-2.53044726099995],[40.5093847700001,-2.53053259899997],[40.505520158,-2.53061793699994],[40.503667095,-2.53071546699995],[40.501442201,-2.53081299699994],[40.500021925,-2.53081299699994],[40.498875952,-2.53093490899996],[40.4980347590001,-2.53105682099995],[40.496937551,-2.53121530599997],[40.4958403430001,-2.53137379199995],[40.49505401,-2.53142865199994],[40.4939872800001,-2.53148351299995],[40.4930424610001,-2.53156885099997],[40.4922134600001,-2.53173952799997],[40.491262546,-2.53187972699994],[40.4902445800001,-2.53191020499997],[40.489293666,-2.53201992599997],[40.488129406,-2.53223936699994],[40.4870504850001,-2.53250757399997],[40.4859106070001,-2.53278797199994],[40.484795112,-2.53300741299995],[40.483819816,-2.53320247299997],[40.4828445200001,-2.53339753199999],[40.4819301800001,-2.53359259099996],[40.4806775330001,-2.53382422399994],[40.4792724970001,-2.53406804799994],[40.478431304,-2.53425091599997],[40.477248757,-2.53453131399994],[40.4760662110001,-2.53481171099998],[40.4746276490001,-2.53507991799996],[40.473189087,-2.53534812399995],[40.472030922,-2.53557975699995],[40.470531404,-2.53591501499995],[40.469153798,-2.53631732499998],[40.468093164,-2.53659162699996],[40.4662157180001,-2.53705489299995],[40.4643382730001,-2.53751815899995],[40.462802181,-2.53794485099996],[40.46126609,-2.53837154299992],[40.460315176,-2.53860317599999],[40.4593642620001,-2.53883480899998],[40.4584499220001,-2.53909082399997],[40.4575355810001,-2.53934683899996],[40.4563530350001,-2.53967600199998],[40.4551704880001,-2.54000516399997],[40.4544024420001,-2.54016364999996],[40.453634396,-2.54032213499995],[40.452585953,-2.54063910699996],[40.451537509,-2.54095607799997],[40.450354963,-2.54126085799993],[40.4491724160001,-2.54156563799996],[40.447368118,-2.54215081599995],[40.4455638200001,-2.54273599399995],[40.4441740230001,-2.54321145099995],[40.442418489,-2.54377834099996],[40.441095744,-2.54424160699995],[40.440321602,-2.54460124799994],[40.4394438360001,-2.54501574899997],[40.4386818850001,-2.54532052899997],[40.437535912,-2.54569845599997],[40.436176593,-2.54619219999996],[40.4351769140001,-2.54667375199995],[40.434271718,-2.54717359199998],[40.4329824980001,-2.54778315199997],[40.431958437,-2.54810621899998],[40.430891682,-2.54854509199993],[40.4300687510001,-2.54891691399996],[40.429172158,-2.54932558399996],[40.428276693,-2.54973374399998],[40.4273013970001,-2.55017262799992],[40.426326101,-2.55061151099994],[40.425594629,-2.55095286499994],[40.4245992370001,-2.55139216099999],[40.4235496060001,-2.55180283999994],[40.422775981,-2.55215338799996],[40.421986239,-2.55248379099993],[40.421196497,-2.55281419299997],[40.4203261690001,-2.55313653699996],[40.4194558410001,-2.55345887999993],[40.418303462,-2.55391821999996],[40.4171510840001,-2.55437755999998],[40.4148624440001,-2.55531235599994],[40.412573803,-2.55624715299996],[40.4102287530001,-2.55719806699994],[40.407883703,-2.55814898099994],[40.4070617260001,-2.55851967599995],[40.405931509,-2.55902333799997],[40.404765028,-2.55956729299993],[40.4038906710001,-2.56002663299995],[40.40298005,-2.56049805999993],[40.4019324330001,-2.56080428699995],[40.4010016650001,-2.56117901099999],[40.4000104580001,-2.56163029299996],[40.3990192520001,-2.56208157399992],[40.3982617440001,-2.56235556599995],[40.397504236,-2.56262955799998],[40.3965372050001,-2.56306472199998],[40.3955701740001,-2.56349988599994],[40.394288858,-2.56411233899996],[40.3927355640001,-2.56482753899997],[40.391116045,-2.56553033399996],[40.3899498210001,-2.56606188399997],[40.3879505510001,-2.56698897899996],[40.385952672,-2.56791543999998],[40.3848321140001,-2.56855373299993],[40.383711556,-2.56919202499997],[40.3820236270001,-2.56992960699995],[40.3803356980001,-2.57066718999995],[40.3785484790001,-2.57148987799997],[40.3767612600001,-2.57231256599995],[40.37324356,-2.57409978499993],[40.369725859,-2.57588700399998],[40.3655982340001,-2.578440174],[40.36147061,-2.58099334399999],[40.3591302040001,-2.58249687699993],[40.3567897980001,-2.58400040999993],[40.3548039990001,-2.58517770499999],[40.3528182000001,-2.58635499999998],[40.3516692740001,-2.58676634399997],[40.350520348,-2.58717768799996],[40.3495274480001,-2.58748974299994],[40.3481657580001,-2.58787980999995],[40.3468608040001,-2.58805711399999],[40.3459813790001,-2.58764576999994],[40.3448253600001,-2.58736208399996],[40.343704802,-2.58768832199996],[40.3428182850001,-2.58841172099996],[40.3422083610001,-2.58902164399996],[40.3419317680001,-2.59002163599996],[40.3414707790001,-2.59113510199996],[40.3411019870001,-2.59191523699997],[40.3405204320001,-2.59251097699997],[40.3399388770001,-2.59310671599998],[40.3387332130001,-2.59394358899993],[40.3375275500001,-2.59478046099998],[40.3357119620001,-2.59575917599994],[40.3338963750001,-2.59673789099998],[40.3322426930001,-2.59766179299994],[40.3305890120001,-2.59858569399995],[40.3284815870001,-2.60005486999995],[40.326374162,-2.60152404699995],[40.3228336880001,-2.60377598099995],[40.319293213,-2.60602791499998],[40.317318255,-2.60735258299996],[40.315343296,-2.60867724999997],[40.3140547560001,-2.60965268699994],[40.3124771980001,-2.61080273899995],[40.3113452100001,-2.61150722099997],[40.310550409,-2.61204912999994],[40.309719482,-2.61265125199998],[40.3088885540001,-2.61325337299996],[40.308057627,-2.61386753699997],[40.3066968320001,-2.61487910099995],[40.3052878680001,-2.61588464399996],[40.304023413,-2.61664331699995],[40.302957658,-2.61740801099996],[40.30187986,-2.61816969499995],[40.300868296,-2.61886514499998],[40.2979660710001,-2.62100869799997],[40.2955214570001,-2.62288731699995],[40.2930888870001,-2.62492248699993],[40.290656316,-2.62695765799999],[40.288332127,-2.62888444599998],[40.2860079380001,-2.63081123499995],[40.2817208330001,-2.63432762499997],[40.2774337280001,-2.63784401399994],[40.274001636,-2.64066194199996],[40.2705695440001,-2.64347987099997],[40.2697867860001,-2.64413016199996],[40.268745116,-2.64489485599995],[40.2673662570001,-2.64537354299996],[40.2660300050001,-2.64565535599996],[40.264575424,-2.64585222999995],[40.263332043,-2.64649047799998],[40.2628985160001,-2.64745387299998],[40.2626937950001,-2.64822458799995],[40.262513158,-2.64913981299997],[40.2623325220001,-2.65005503699997],[40.2618508250001,-2.65087392299996],[40.2613691270001,-2.65169280799995],[40.258563241,-2.65449869399992],[40.2557573550001,-2.65730457999996],[40.254697622,-2.65838839899994],[40.2536378880001,-2.65947221699998],[40.251939905,-2.66123041199996],[40.2500372010001,-2.66310903099998],[40.2492122950001,-2.66364491899999],[40.248580067,-2.66416876499996],[40.2460872840001,-2.66685422699993],[40.2435945020001,-2.66953968799994],[40.241547289,-2.67158690099997],[40.2395000760001,-2.67363411399998],[40.2359114320001,-2.67754790399993],[40.232322788,-2.68146169399996],[40.231275096,-2.68266593699997],[40.230227405,-2.68387017899995],[40.2287461860001,-2.68564041699995],[40.2272649670001,-2.68741065399998],[40.2246035900001,-2.69090295799999],[40.221942213,-2.69439526299994],[40.220689801,-2.69617754199993],[40.2194373880001,-2.69795982199997],[40.217718421,-2.70054875399994],[40.215679465,-2.70361962099998],[40.2135486400001,-2.70669058299996],[40.211609809,-2.70947238499997],[40.211188324,-2.71019492999995],[40.210766839,-2.71091747599997],[40.209863657,-2.71232643999998],[40.208960474,-2.71373540499997],[40.2071661520001,-2.71630044199998],[40.20537183,-2.71886547999999],[40.2041194180001,-2.72091269299994],[40.202867005,-2.72295990599997],[40.2018674830001,-2.72452542099996],[40.2008679620001,-2.72609093699999],[40.2003983070001,-2.72694594999996],[40.199928652,-2.72780096199994],[40.199555337,-2.72869210199997],[40.1991820220001,-2.72958324199993],[40.1989532160001,-2.73032987199997],[40.1986160270001,-2.73138358499995],[40.197893482,-2.73243729799999],[40.196881918,-2.73326822499997],[40.1958221840001,-2.73404496199993],[40.194900938,-2.73441827699999],[40.193895395,-2.73437612899995],[40.1928374340001,-2.73423126499996],[40.191701142,-2.73358854599997],[40.1906168580001,-2.73324653999992],[40.189711217,-2.73275657399996],[40.1888398520001,-2.73227338499994],[40.1879165920001,-2.73177597199999],[40.187240285,-2.73127588299997],[40.1868497230001,-2.73042751399993],[40.186661685,-2.72950915499997],[40.1865567990001,-2.72869324399995],[40.1864477460001,-2.72785391499998],[40.1864569140001,-2.72676510899993],[40.186015405,-2.72607249299994],[40.185314648,-2.72500339599999],[40.184578936,-2.72382331999996],[40.1841017470001,-2.72306371199995],[40.1836406240001,-2.72240280699998],[40.183186213,-2.72176246399994],[40.1825600290001,-2.72095673599997],[40.1817123380001,-2.72070339099998],[40.1819373500001,-2.72145142899995],[40.1825727460001,-2.72258431199998],[40.1830183800001,-2.72365134499996],[40.1833651960001,-2.72447857399992],[40.1839371780001,-2.72541527699997],[40.1848216270001,-2.72614448099996],[40.185150204,-2.72716600599994],[40.185180331,-2.72815711399995],[40.1851844650001,-2.72899880399995],[40.185176051,-2.72978768999997],[40.185166157,-2.73060593299995],[40.18528381,-2.73145586899994],[40.1859630650001,-2.73221255099998],[40.186487078,-2.73310328499996],[40.186403742,-2.73422579099998],[40.1863377710001,-2.73506826799996],[40.1864278460001,-2.73590979699998],[40.1865994840001,-2.73720307999997],[40.1872192490001,-2.73619355999995],[40.187255179,-2.73540875899995],[40.187466511,-2.73441458599995],[40.1885788540001,-2.73482812299995],[40.1893425960001,-2.73539372799997],[40.190077386,-2.73639126299998],[40.1907717450001,-2.73734983199996],[40.1917875890001,-2.73791466299997],[40.1929774070001,-2.73795931899997],[40.193725613,-2.73814643699995],[40.194197547,-2.73889433799997],[40.1945390880001,-2.73980925799998],[40.1947128680001,-2.74067317099998],[40.194794196,-2.74178982999996],[40.1945097350001,-2.74265742799997],[40.1939760320001,-2.74346362999996],[40.19340885,-2.74440394399994],[40.192934494,-2.74531830899996],[40.1924392660001,-2.74635416699994],[40.1920944170001,-2.74705504199994],[40.191644528,-2.74808834999993],[40.1911597340001,-2.74913687799994],[40.1905634920001,-2.74999445899994],[40.190341635,-2.75078994899997],[40.1900763020001,-2.75159640299995],[40.189811508,-2.75266556099996],[40.1895637120001,-2.75384548599993],[40.1893577650001,-2.75483560599998],[40.1891152700001,-2.75582806399995],[40.1886810020001,-2.75694464199996],[40.1882157100001,-2.75815448999993],[40.1878221820001,-2.75941725699994],[40.187737708,-2.76051916999995],[40.1870888350001,-2.76142544799996],[40.186816908,-2.76247807999994],[40.1863813530001,-2.76406823199995],[40.185760653,-2.76564463099993],[40.18528818,-2.76685845599997],[40.1845708380001,-2.76807626599998],[40.1838483490001,-2.76922072399997],[40.182974771,-2.77009461499995],[40.18195925,-2.77072673599997],[40.182560589,-2.77164538199998],[40.1834224670001,-2.77132471899996],[40.184386271,-2.77132596099996],[40.1840968120001,-2.77268680299995],[40.1842046190001,-2.77391752099993],[40.1851397660001,-2.77367101199996],[40.1861981600001,-2.77383167099992],[40.1868340030001,-2.77479885599997],[40.186985405,-2.77590786199994],[40.186959562,-2.77686576099996],[40.1868739720001,-2.77767295799994],[40.186743827,-2.77861886799997],[40.186554341,-2.77979713399998],[40.186331512,-2.78095168199997],[40.186164235,-2.78177132599996],[40.185981348,-2.78266282899995],[40.185836753,-2.78344417299997],[40.185670814,-2.78470653399997],[40.185516635,-2.78574756299998],[40.18535165,-2.78671108099995],[40.1851536620001,-2.78784933599998],[40.1849945160001,-2.78911645599994],[40.1848335340001,-2.79056037699997],[40.1846992810001,-2.79174338699995],[40.1846050030001,-2.79254698899996],[40.184506507,-2.79335205499996],[40.1843629960001,-2.79442660299997],[40.184170861,-2.79583839699996],[40.184047251,-2.79698053799996],[40.183862844,-2.79814820399997],[40.183622455,-2.79918973899994],[40.183623954,-2.80016660999997],[40.184585643,-2.80078012699994],[40.1851874110001,-2.80155080499998],[40.185739068,-2.80247984799997],[40.1860190310001,-2.80323091299994],[40.1859209850001,-2.80418465199995],[40.185820005,-2.80499502599997],[40.18567389,-2.80602658099998],[40.185609114,-2.80758376199998],[40.1855594190001,-2.80902465099996],[40.185544431,-2.81072025699996],[40.1854167880001,-2.81211821399996],[40.185304634,-2.81311762899997],[40.1851893910001,-2.81415174699992],[40.1850791910001,-2.81516468199993],[40.1850234780001,-2.81593252099997],[40.1849817230001,-2.81676523899995],[40.18488124,-2.81778077899998],[40.184650961,-2.81919221199995],[40.1843668500001,-2.82037549099993],[40.184223622,-2.82119388299998],[40.1841118340001,-2.82224352599996],[40.1837755810001,-2.82346701099993],[40.1835315490001,-2.82431019999997],[40.1832980020001,-2.82510867499997],[40.1829959450001,-2.82609177099994],[40.1827180930001,-2.82729609199993],[40.182385524,-2.82863189399996],[40.182052952,-2.82993957899993],[40.1817188270001,-2.83126388099993],[40.1814486060001,-2.83236256699995],[40.1811041500001,-2.83337160199994],[40.18069197,-2.83481262199994],[40.180378912,-2.83581440499994],[40.1800557390001,-2.83678826999993],[40.179742322,-2.83770459199997],[40.1794855100001,-2.83844684699996],[40.1790688410001,-2.83961424399997],[40.1786544830001,-2.84067789199998],[40.1781639540001,-2.84178050699997],[40.1773250730001,-2.84290032899998],[40.176775874,-2.84378730899993],[40.17644468,-2.84480935399996],[40.176068737,-2.84581097599994],[40.1754675920001,-2.84690498399993],[40.174563934,-2.84857702899996],[40.1739767930001,-2.84955701299999],[40.1735613750001,-2.85039496599996],[40.173161672,-2.85130022299996],[40.1726728470001,-2.85235036699992],[40.172122598,-2.85340346199996],[40.171710687,-2.85471027199997],[40.171445793,-2.85561013599994],[40.1711893820001,-2.85689599399996],[40.1711725480001,-2.85787000999993],[40.1714724280001,-2.85904255699995],[40.171882097,-2.86015241499996],[40.1720282680001,-2.86111818099995],[40.172373867,-2.86228742899994],[40.1723278740001,-2.86348767399994],[40.1717679590001,-2.86484227999995],[40.1712398110001,-2.86581654499997],[40.1703587650001,-2.86644347099996],[40.169836914,-2.86710925699992],[40.1703641,-2.86787385799994],[40.170948707,-2.86838723399996],[40.1716239510001,-2.86936999099994],[40.172007249,-2.87054254699997],[40.1721859630001,-2.87174514799995],[40.171772355,-2.87294749799997],[40.1709466550001,-2.87375649299999],[40.170567136,-2.87512115099997],[40.1703639040001,-2.87617622399995],[40.170048566,-2.87723137899996],[40.1702186900001,-2.87828525799995],[40.1713227010001,-2.87796544499997],[40.172054238,-2.87877303099998],[40.172406423,-2.87994714999998],[40.1728795070001,-2.88072033599998],[40.1731196370001,-2.88146014799998],[40.1734109340001,-2.88243638699993],[40.173591958,-2.88357535299997],[40.173615876,-2.88490109799995],[40.173434571,-2.88591823599997],[40.1732521000001,-2.88678676399997],[40.172994655,-2.88767012599995],[40.172807569,-2.88859337399992],[40.1727093220001,-2.88952074999998],[40.1726144020001,-2.89029179899996],[40.1724776460001,-2.89108000999995],[40.172301647,-2.89201202899994],[40.172011114,-2.89315150099998],[40.1716198010001,-2.89383836399999],[40.170925723,-2.89489153799997],[40.17081733,-2.89622550299992],[40.1713131010001,-2.89731065999995],[40.1714783740001,-2.89839783399998],[40.1709201370001,-2.89975866399994],[40.17022819,-2.90073132299996],[40.169697348,-2.90155142799995],[40.1692833910001,-2.90270787899994],[40.1688270710001,-2.90381075399996],[40.1685047200001,-2.90469146499993],[40.168193821,-2.90570603499998],[40.167980212,-2.90646092599997],[40.167732227,-2.90729075399998],[40.167518602,-2.90807242599994],[40.1672725710001,-2.90881131699997],[40.166965001,-2.90972409799996],[40.1665887660001,-2.91084572299998],[40.1663951960001,-2.91184153499996],[40.166255946,-2.91264450399996],[40.1660093990001,-2.91379025399995],[40.165725227,-2.91528565999993],[40.165460571,-2.91651309799994],[40.1652145400001,-2.91739969199995],[40.164909368,-2.91849512899995],[40.1647469420001,-2.91978334799995],[40.164627061,-2.92078200399993],[40.1643691020001,-2.92165569199994],[40.164159759,-2.92255281699993],[40.1639828450001,-2.92364644199995],[40.163859368,-2.92489255099997],[40.163877477,-2.92568422299996],[40.1639136960001,-2.92656384799994],[40.1639136960001,-2.92743745699993],[40.16389654,-2.92832283199994],[40.1638660400001,-2.92910859799997],[40.163841259,-2.92998825399996],[40.163789743,-2.93106426999999],[40.1637782980001,-2.93225178499994],[40.16385604,-2.93356810599994],[40.163971915,-2.93459731699995],[40.164154055,-2.93542998799996],[40.1644296800001,-2.93630951999996],[40.1646518840001,-2.93707175399993],[40.164967206,-2.93783407699994],[40.1652507590001,-2.93860819199995],[40.1653985790001,-2.93949362099993],[40.165244079,-2.94027930899995],[40.1648767,-2.94140966799995],[40.1647424700001,-2.94244608999998],[40.164714769,-2.94335404599998],[40.1647109460001,-2.94420231699996],[40.1647109460001,-2.94515694199993],[40.164722415,-2.94603178499995],[40.164713813,-2.94687918399996],[40.1647920550001,-2.94792597299994],[40.165277485,-2.94924233199994],[40.1659660400001,-2.95030069199992],[40.166663365,-2.95124609199997],[40.167424334,-2.95183337899994],[40.168217084,-2.95143362899995],[40.1689827020001,-2.95134590399993],[40.169664868,-2.95169900399999],[40.170468639,-2.95269934799995],[40.171113962,-2.95374858199995],[40.1718387510001,-2.95426337099998],[40.1724638910001,-2.95523786299997],[40.1728401020001,-2.95619880099997],[40.173097613,-2.95696986899999],[40.1734600240001,-2.95787456699999],[40.173952587,-2.95885169899999],[40.174455634,-2.95977522299996],[40.1749811340001,-2.96041776999994],[40.1754789300001,-2.96113511399995],[40.176078782,-2.96206401999995],[40.176813134,-2.96322312899998],[40.177474977,-2.96415467599998],[40.17792704,-2.96486662899996],[40.1785087900001,-2.96556805599994],[40.1789445870001,-2.96629080099997],[40.179526321,-2.96719022299994],[40.180057048,-2.96826898899998],[40.180688837,-2.96918714499998],[40.1813573840001,-2.96996875399998],[40.18208029,-2.97078264499993],[40.182712571,-2.97155356699995],[40.183313368,-2.97231055099997],[40.1839179770001,-2.97308184799995],[40.184577946,-2.97396006699995],[40.1850834150001,-2.97468626999996],[40.1854877430001,-2.97539559799998],[40.1859436180001,-2.97618934799993],[40.186460024,-2.97733797299998],[40.186974993,-2.97865533199995],[40.1873311960001,-2.97956728499997],[40.1876526020001,-2.98037790999996],[40.1879730550001,-2.98115480099996],[40.1882925240001,-2.98189801999996],[40.188495634,-2.98287762899997],[40.188901899,-2.98365445699995],[40.189998141,-2.98428779299997],[40.1914687120001,-2.98452433199999],[40.1927719070001,-2.98462726999998],[40.193984028,-2.98452123499993],[40.1950590480001,-2.98425567599999],[40.1961761960001,-2.98410213999996],[40.197155325,-2.98334039399993],[40.1975341900001,-2.98446545399997],[40.19790363,-2.98548973099998],[40.198218534,-2.98676952899997],[40.198621486,-2.98779184299996],[40.199329978,-2.98848696599992],[40.2007479420001,-2.98873833599992],[40.2017021180001,-2.98938065999994],[40.202411157,-2.98969926199993],[40.2032865950001,-2.98983053499995],[40.2041613210001,-2.99020342099993],[40.204915984,-2.99071600399998],[40.205593118,-2.99106979299996],[40.2063140970001,-2.99135614999996],[40.2073567690001,-2.99114080599998],[40.208182321,-2.99100400399993],[40.2091426960001,-2.99101800399995],[40.210285959,-2.99104320399994],[40.211453234,-2.99106924199998],[40.212551024,-2.99123147299997],[40.213751679,-2.990913075],[40.2146022090001,-2.98985815999994],[40.215781212,-2.98955901999994],[40.2166618210001,-2.98913386699996],[40.217737196,-2.98836572299997],[40.218888743,-2.98765714499998],[40.2200770630001,-2.98707446499998],[40.2209453520001,-2.98653840999999],[40.221589024,-2.98610961399994],[40.2225079310001,-2.98539644199996],[40.2233409770001,-2.98448753499997],[40.223834977,-2.98362053499994],[40.224170665,-2.98285603499994],[40.224681452,-2.98223513499993],[40.2256004770001,-2.98167195699995],[40.2263903080001,-2.98114195999995],[40.227156649,-2.98167667599994],[40.2278144900001,-2.98106790399994],[40.2280240010001,-2.98018278499997],[40.2280738250001,-2.97934955099993],[40.228803638,-2.97881113299996],[40.2294633450001,-2.97765164099998],[40.230594265,-2.97715044199992],[40.2315359150001,-2.97702930099997],[40.2323004360001,-2.97692371199996],[40.2331452430001,-2.97672164499994],[40.2343668950001,-2.97662489499993],[40.235541347,-2.97666413999997],[40.2365582990001,-2.97596350199997],[40.2379214310001,-2.97582364499993],[40.2388473330001,-2.97657286699997],[40.2393932410001,-2.97786564299997],[40.2394409460001,-2.97871205099995],[40.2394285450001,-2.97965369699995],[40.2392521020001,-2.98058684199999],[40.2395229520001,-2.98154894199996],[40.2398979340001,-2.98247936699994],[40.240013602,-2.98342000799994],[40.2400032850001,-2.98456196799997],[40.240001696,-2.98539797299998],[40.239971483,-2.98618260799998],[40.239642587,-2.98711729299993],[40.239347745,-2.98815258499997],[40.239110946,-2.98917442999993],[40.238518852,-2.99036493599995],[40.237883986,-2.99140081699994],[40.237485457,-2.99234023699996],[40.236693707,-2.99337654599997],[40.235803058,-2.99342119199997],[40.23516349,-2.99264099199997],[40.2347648780001,-2.99165659499994],[40.2338436150001,-2.99098354199999],[40.2333758680001,-2.99034362899994],[40.2326477630001,-2.99005173199993],[40.2317301510001,-2.99038665999995],[40.2308864770001,-2.99112524399994],[40.2301402040001,-2.99180455899995],[40.229503634,-2.99258882899996],[40.228925727,-2.99326015999999],[40.228291282,-2.99405248099992],[40.2276802040001,-2.99490313699994],[40.227088184,-2.99568389799993],[40.2264353520001,-2.99638315999993],[40.2255191850001,-2.99703827399999],[40.2245140090001,-2.99789344199996],[40.223626118,-2.99865320699996],[40.2228639150001,-2.99903085599993],[40.22195965,-2.99947093699995],[40.2210073680001,-3.00034994199997],[40.2196032270001,-3.00058535799997],[40.2184276340001,-3.00048509799996],[40.217426306,-3.00045706699995],[40.216447798,-3.00051777799997],[40.215509431,-3.00063426999999],[40.214425095,-3.00086501199997],[40.2133836960001,-3.00122634799994],[40.2126560400001,-3.00146400399996],[40.211679454,-3.00178094199992],[40.210540743,-3.00221439499995],[40.209493173,-3.00265030899994],[40.2085838520001,-3.00306751999995],[40.207742727,-3.00352431699998],[40.2068467120001,-3.00400443399998],[40.206080446,-3.00449851999997],[40.2052960550001,-3.00503453499993],[40.204150563,-3.00587228099994],[40.20323117,-3.00672196299995],[40.2023868420001,-3.00746159799997],[40.201713571,-3.00811572299994],[40.2011146410001,-3.00874959799995],[40.2002734320001,-3.00973392199996],[40.1994266340001,-3.01082861399994],[40.1988315400001,-3.01167237899996],[40.1983012900001,-3.01248347299997],[40.197872149,-3.01317333199994],[40.1973933350001,-3.01410366399994],[40.1968994150001,-3.01541994199994],[40.1964244960001,-3.01659278499995],[40.196136477,-3.01739647299997],[40.1959370440001,-3.01817025399993],[40.1957829770001,-3.01896581699999],[40.195685773,-3.02019785699997],[40.1958173,-3.02126531699997],[40.196056352,-3.02210437899994],[40.196298595,-3.02295035599997],[40.19650555,-3.02404498299995],[40.1962280270001,-3.02475754199999],[40.1957499960001,-3.02587223999995],[40.195701613,-3.02702663999999],[40.195545177,-3.02798314199993],[40.194946284,-3.02864697299999],[40.193942754,-3.02898848199994],[40.192647951,-3.02905742599997],[40.1917819930001,-3.02925718399998],[40.190960391,-3.02945998899999],[40.190046352,-3.02969994199999],[40.189169915,-3.02991198899996],[40.188431759,-3.03010792599998],[40.1875038210001,-3.03040159799998],[40.186520102,-3.03074412099996],[40.185853529,-3.03117120899997],[40.184711942,-3.03166591799993],[40.18355179,-3.03224744199997],[40.182297696,-3.03290931699997],[40.1813209590001,-3.03348537899996],[40.1805582590001,-3.03399544199994],[40.179904967,-3.03448177499996],[40.179128173,-3.03518369199997],[40.178050516,-3.03605765999993],[40.177182196,-3.03678390999994],[40.176580415,-3.03730653499996],[40.175884227,-3.03805481699992],[40.1751622900001,-3.03882972299994],[40.1745872270001,-3.03946744199993],[40.173915864,-3.04020919599998],[40.1732864460001,-3.04110597299998],[40.1728868370001,-3.04181455099997],[40.172513957,-3.04253781699993],[40.1720809770001,-3.04343090999993],[40.17176154,-3.04413933199993],[40.1714076960001,-3.04494978499997],[40.1710405480001,-3.04581780899997],[40.170661454,-3.04698469999994],[40.1703539150001,-3.04797434799998],[40.170034415,-3.04892637899995],[40.169749235,-3.04986757499996],[40.1695880790001,-3.05075752799997],[40.169450436,-3.05194216599995],[40.169421759,-3.05311029199993],[40.1695751870001,-3.05424514199995],[40.169685384,-3.05561622599993],[40.1698727740001,-3.05661847299997],[40.1702194150001,-3.05745540999994],[40.1706142520001,-3.05823308499993],[40.171168075,-3.05898873099995],[40.171826061,-3.05992347299998],[40.17237929,-3.06072709799999],[40.17314529,-3.06155622699992],[40.1736971390001,-3.06241513399994],[40.1736772780001,-3.06344776899993],[40.1735725400001,-3.06467620099995],[40.1739134700001,-3.06554374599994],[40.174235654,-3.06651131699995],[40.1741974340001,-3.06772810999995],[40.173746738,-3.06883928499998],[40.1729002080001,-3.06966549599998],[40.171838144,-3.06997585799997],[40.170937715,-3.07028872299998],[40.1700318520001,-3.07078763999995],[40.1691837270001,-3.07129834799998],[40.168411592,-3.07172647299996],[40.1673326800001,-3.07216411399998],[40.166324634,-3.07261814499998],[40.165461555,-3.07301217599996],[40.1643843680001,-3.07365649599996],[40.163419092,-3.07441903499995],[40.162509438,-3.07511344199998],[40.161321657,-3.07604785599995],[40.1602840400001,-3.07691359799998],[40.1596217000001,-3.07758892599999],[40.1588592270001,-3.07856971799993],[40.1579623210001,-3.07961708199998],[40.157184581,-3.08065101499996],[40.1566839070001,-3.08148808999993],[40.156378751,-3.08251762099996],[40.1561233990001,-3.08392580899995],[40.155836595,-3.08516133999996],[40.1556085760001,-3.08617008499994],[40.155475403,-3.08738585099996],[40.155867576,-3.08868265499996],[40.156299602,-3.08953219199998],[40.156709188,-3.09034032499995],[40.1572008050001,-3.09108868399995],[40.157629962,-3.09180381699999],[40.1579503990001,-3.09251900399994],[40.1583041960001,-3.09362173099994],[40.158706212,-3.09490817599994],[40.158978962,-3.09599745699996],[40.159126282,-3.09723519999994],[40.1592478600001,-3.09859255099997],[40.1592641020001,-3.09986573099997],[40.1592101960001,-3.10101258199996],[40.159269334,-3.10205950399997],[40.159512191,-3.10309837899996],[40.159702313,-3.10407262899997],[40.1598811100001,-3.10502909799992],[40.1601867590001,-3.10598784799993],[40.1603736960001,-3.10689347299996],[40.1605148520001,-3.10772603599997],[40.160634988,-3.10858501499997],[40.1607656800001,-3.10971755899994],[40.1609404370001,-3.11094597699997],[40.1610373840001,-3.11199497299999],[40.1611441960001,-3.11288950399995],[40.1613356340001,-3.11363934799993],[40.1615498520001,-3.11464748899994],[40.161683087,-3.11575008199999],[40.1617422200001,-3.11672886399998],[40.161762259,-3.11786243399996],[40.1618297200001,-3.11914332499992],[40.162085544,-3.12073423199996],[40.1624722510001,-3.12183023899998],[40.162849722,-3.12288566599995],[40.1630865760001,-3.12396324899992],[40.163150472,-3.12541130899995],[40.1633362740001,-3.12660391099997],[40.1633701650001,-3.12766683199993],[40.163271899,-3.12867211399993],[40.163140759,-3.12961973099994],[40.1628486650001,-3.13089872899997],[40.1625136960001,-3.13175198899995],[40.161970376,-3.13253129699996],[40.1613801280001,-3.13335426499999],[40.160583509,-3.13437569199994],[40.159946446,-3.13519944199993],[40.159398079,-3.13595006699996],[40.158802247,-3.13694974999993],[40.1582748340001,-3.13788470399994],[40.157646175,-3.13864762899994],[40.156787878,-3.13944024399996],[40.1559004850001,-3.14024326199995],[40.155173442,-3.14111819199997],[40.154597751,-3.14216301999994],[40.154094919,-3.14316042599995],[40.153577813,-3.14416673899995],[40.1530422820001,-3.14496617599998],[40.1523990790001,-3.14580756699997],[40.1520166340001,-3.14652278599994],[40.1516037060001,-3.14732122299993],[40.151035305,-3.14827306299998],[40.1504411700001,-3.14913836399995],[40.14997537,-3.14986350399994],[40.149607127,-3.15076451099998],[40.14914589,-3.15192257899998],[40.148557657,-3.15295923099995],[40.1480560270001,-3.15376659199996],[40.147784212,-3.15448480099998],[40.147399899,-3.15541699599993],[40.146936415,-3.15644656699994],[40.1466121650001,-3.15716098299993],[40.1462655670001,-3.15808376799994],[40.1459105710001,-3.15898846799996],[40.1452784730001,-3.15991724299993],[40.14483261,-3.16106968799994],[40.1443313,-3.16230611399994],[40.1437349300001,-3.16336074399994],[40.143129527,-3.16425281399995],[40.142349881,-3.16544424699994],[40.1418547740001,-3.16661851999993],[40.1411323630001,-3.16709052099998],[40.1404570460001,-3.16615081299995],[40.1400146340001,-3.16691517899995],[40.1399836570001,-3.16781279299994],[40.1397334930001,-3.16891117399995],[40.138936996,-3.16955541699997],[40.1383519300001,-3.17016606699998],[40.1378178680001,-3.17102980899994],[40.1370337660001,-3.17208237699998],[40.1362037590001,-3.17300089199994],[40.135571462,-3.17377092599997],[40.134900063,-3.17448244199995],[40.1339988760001,-3.17533191799993],[40.133258196,-3.17599339999994],[40.1327285900001,-3.17661953599998],[40.132152563,-3.17747575399995],[40.1312971020001,-3.17862505099993],[40.1304969930001,-3.17963391099995],[40.129507071,-3.18096159799995],[40.128726946,-3.18202756699998],[40.128175727,-3.18277953599994],[40.127347946,-3.18396688699995],[40.126785259,-3.184806817],[40.126255993,-3.18566350399995],[40.1256675870001,-3.18663428599996],[40.125082009,-3.18764796499993],[40.124557509,-3.18862344199995],[40.124103548,-3.18955151999995],[40.123693415,-3.19060797299993],[40.1233501340001,-3.19136466099996],[40.1230354300001,-3.19208803599998],[40.1227111650001,-3.19292559799993],[40.1222848680001,-3.19388215299996],[40.1218910090001,-3.19485966699994],[40.1214084540001,-3.196211653],[40.121046102,-3.19721819199998],[40.1207758730001,-3.19814774399992],[40.1205081840001,-3.19922646699996],[40.1203117430001,-3.20017576199996],[40.1201674810001,-3.20130365299998],[40.120147219,-3.20241245699998],[40.1201758130001,-3.20323819999993],[40.120178196,-3.20428991099992],[40.1202087400001,-3.20528167899995],[40.1203665790001,-3.20608159799997],[40.120531102,-3.20705767299996],[40.120921755,-3.20826797499996],[40.121460923,-3.20944853599997],[40.121997852,-3.21035275399993],[40.1224823050001,-3.21119037899996],[40.1231339980001,-3.21216109799998],[40.1239724380001,-3.21301773899996],[40.1248455210001,-3.21374393599995],[40.1252139360001,-3.21444938999996],[40.125463488,-3.21522272299995],[40.1256923520001,-3.21609043699994],[40.1259179080001,-3.21719475199996],[40.126174946,-3.21837819199994],[40.126208337,-3.21919252799995],[40.1262321340001,-3.22002856699993],[40.126432424,-3.22087809799996],[40.1270284770001,-3.22165522299998],[40.1278605850001,-3.22199726499999],[40.128759862,-3.22170008799998],[40.12890208,-3.22313176599995],[40.128334163,-3.22435292599996],[40.1281325090001,-3.22538781699995],[40.127973555,-3.22646645699994],[40.127724459,-3.22728498599998],[40.1275434690001,-3.22806076999996],[40.1273765710001,-3.22888409799999],[40.127232147,-3.22983989299996],[40.127204884,-3.23076378599996],[40.1272335090001,-3.23173941099999],[40.1272287510001,-3.23305051599994],[40.126974121,-3.23421789199995],[40.126826613,-3.23514513499993],[40.1266629040001,-3.23630470799998],[40.1266117270001,-3.23749387899995],[40.1265659380001,-3.23848518399996],[40.1265063440001,-3.23925601199994],[40.126465798,-3.24021737199996],[40.126316629,-3.24107097299999],[40.1261097510001,-3.24236280799995],[40.1259036100001,-3.24351051199994],[40.125770253,-3.24440761899997],[40.125830955,-3.24563597399993],[40.1264356980001,-3.24673010499993],[40.127613286,-3.24701124099994],[40.1282003250001,-3.24784245199992],[40.128666566,-3.24866840499993],[40.129211705,-3.24950370099998],[40.1299615670001,-3.25047311599997],[40.1306908990001,-3.25144131699994],[40.1316144150001,-3.25222721899997],[40.132170564,-3.25301174699998],[40.1320095090001,-3.25386834799996],[40.1318211650001,-3.25461309799994],[40.1315525150001,-3.25539309199996],[40.1310119670001,-3.25619710899998],[40.130644798,-3.25703535599998],[40.130378568,-3.25805695499998],[40.130050671,-3.25903276099996],[40.12955348,-3.25990022299992],[40.1298708250001,-3.26104733099992],[40.129938656,-3.26190682599999],[40.128964314,-3.26276225399994],[40.1282358070001,-3.26369903199998],[40.1277721750001,-3.26482761499996],[40.127196977,-3.26545635299994],[40.1263599270001,-3.26576182899993],[40.125634317,-3.26656649999996],[40.12503429,-3.26762162899996],[40.124459727,-3.26872803599997],[40.123924894,-3.26982980599997],[40.1233215400001,-3.27085134799995],[40.1230561020001,-3.27173489999997],[40.123131997,-3.27254836399993],[40.1235172140001,-3.27344265999995],[40.124071111,-3.27438467899999],[40.124686243,-3.27506693399994],[40.1251096710001,-3.27588504499994],[40.1248753940001,-3.27686243499994],[40.124072584,-3.27786310599993],[40.1231792720001,-3.27910410899996],[40.122369947,-3.28009017799997],[40.1218963420001,-3.28110201099997],[40.1216723050001,-3.28223790499993],[40.1213321650001,-3.28318869599998],[40.120924131,-3.28407592699994],[40.120910134,-3.28514391799997],[40.120639962,-3.28597919499992],[40.120261498,-3.28698090699993],[40.1196054550001,-3.28780498099997],[40.1192092690001,-3.28871638999994],[40.118702248,-3.28932386399994],[40.1179479950001,-3.28975473699996],[40.1169633800001,-3.28996956699997],[40.116226188,-3.29040739499994],[40.1157722520001,-3.29102788299997],[40.11555479,-3.29190641399993],[40.114998488,-3.29258692099996],[40.1142222940001,-3.29349117599997],[40.1133461090001,-3.29413834799995],[40.1126152790001,-3.29460946799998],[40.112163577,-3.29530519799994],[40.1116285630001,-3.29601803599996],[40.110965719,-3.29644875399992],[40.1102397350001,-3.29678905899995],[40.109612946,-3.29738866899995],[40.1089493260001,-3.29800098899994],[40.1081595160001,-3.29861891899998],[40.107387546,-3.29917718599995],[40.106487085,-3.29994636899994],[40.1056866800001,-3.30030825399997],[40.1049427090001,-3.30066562299993],[40.1042079960001,-3.30115866099994],[40.103479942,-3.30175124999994],[40.1021951180001,-3.30235696799996],[40.101459977,-3.30285659799995],[40.100831342,-3.30331994199997],[40.099956509,-3.30381234199996],[40.099058159,-3.30435470399994],[40.098136884,-3.30491252199994],[40.0973208340001,-3.30558696899993],[40.096394301,-3.30617718399998],[40.0952983920001,-3.30688140099995],[40.0940067780001,-3.30745976199995],[40.0929279360001,-3.30802492099997],[40.09219504,-3.30845081699993],[40.0912764190001,-3.30934836299998],[40.09018625,-3.30995294199994],[40.089089868,-3.31047338699994],[40.087965108,-3.31140881599992],[40.08681202,-3.31231498499995],[40.085742946,-3.31286947299997],[40.0850391340001,-3.31320259799998],[40.084092126,-3.31364514499996],[40.0830497590001,-3.31413531699997],[40.082008844,-3.31461831699996],[40.0810909460001,-3.31502044199994],[40.08017111,-3.31534650399994],[40.0789558170001,-3.31573835699994],[40.077910907,-3.31617686399996],[40.0769381530001,-3.31647315299997],[40.075599669,-3.31667895799996],[40.074518852,-3.31691137899997],[40.073656075,-3.31726789099998],[40.0729475140001,-3.31808473699994],[40.0722827980001,-3.31887996499996],[40.071776696,-3.31957325099995],[40.070971624,-3.32051943499994],[40.0700235240001,-3.32142370799995],[40.0690998910001,-3.32209458299997],[40.0679798210001,-3.32280128599996],[40.0669293290001,-3.32333673899995],[40.0662460240001,-3.32375069999996],[40.065540308,-3.32429659799993],[40.0648159850001,-3.32491193399995],[40.0640697520001,-3.32559369499995],[40.0633996280001,-3.32608974899994],[40.0627577670001,-3.32676274099993],[40.062009839,-3.32749969199995],[40.061448446,-3.32812338999998],[40.0607578400001,-3.32880616099993],[40.0600534980001,-3.32936703599995],[40.05931916,-3.32986670799995],[40.058329487,-3.33067809899995],[40.0571386880001,-3.331668387],[40.0562489670001,-3.33233018199998],[40.0553388600001,-3.33298297299996],[40.0545782740001,-3.33352078599995],[40.0538549300001,-3.33406207099996],[40.0526125640001,-3.33488228299995],[40.0513945710001,-3.33534112899997],[40.0502283320001,-3.33569435899995],[40.0488118860001,-3.33626736599996],[40.047925008,-3.33698048899993],[40.0469581070001,-3.33737246899995],[40.045952669,-3.33774230399997],[40.045016778,-3.33823813299995],[40.04386593,-3.33874928999997],[40.043101639,-3.33926534299996],[40.042038543,-3.33961302899996],[40.0410026650001,-3.33978124199995],[40.040177342,-3.34005413499996],[40.039545918,-3.34070908399998],[40.0385783030001,-3.34137967399995],[40.037843352,-3.34197400399996],[40.0373144070001,-3.34252493399992],[40.036540739,-3.34351672099995],[40.0367492710001,-3.34461452299996],[40.0370717000001,-3.34555811999998],[40.0359729830001,-3.34612000399994],[40.0351280020001,-3.34654831099994],[40.0343220120001,-3.34669022699996],[40.0332994500001,-3.34621237699998],[40.033425967,-3.34730315599995],[40.0324440030001,-3.34784212899995],[40.03157743,-3.34846323899996],[40.030930116,-3.34898509799997],[40.0303218650001,-3.34965137299998],[40.0296585150001,-3.35008402299997],[40.028702008,-3.35064933299998],[40.027657048,-3.35149658299998],[40.026562723,-3.35198715099994],[40.0265585550001,-3.35077249399996],[40.02655888,-3.34990253599994],[40.0255328590001,-3.34950900399998],[40.0245002680001,-3.34992547599995],[40.024658458,-3.35097767299994],[40.0253168630001,-3.35196176499994],[40.0245698210001,-3.35262669199995],[40.0237178900001,-3.35303288599994],[40.023073923,-3.35366353199995],[40.0219624050001,-3.35439286799993],[40.0208449460001,-3.35524555899997],[40.019669391,-3.35599027099994],[40.018758786,-3.35668719199993],[40.0177740290001,-3.35669555699996],[40.017268173,-3.35763069999996],[40.0165686610001,-3.35810579699995],[40.0158216140001,-3.35828388499994],[40.015893379,-3.35714580399998],[40.015928902,-3.35601119999995],[40.01545144,-3.35532005399995],[40.014573571,-3.35522148899998],[40.0138860590001,-3.35580057599997],[40.0142054550001,-3.35708459399996],[40.0147056440001,-3.35800550399995],[40.014840302,-3.35885083299996],[40.0140998960001,-3.35946804799994],[40.0133485790001,-3.35985788699999],[40.012450071,-3.36050793299997],[40.0114469690001,-3.36093392199996],[40.010766335,-3.36039568899998],[40.011328502,-3.35942316999995],[40.01084805,-3.35877106199996],[40.0099483430001,-3.35916263799995],[40.008690372,-3.35976007499995],[40.0074918130001,-3.36024463299998],[40.006383887,-3.36100130899997],[40.005275732,-3.36178058499998],[40.0043437960001,-3.36239339199995],[40.003491637,-3.36300993399994],[40.00238583,-3.36394810699995],[40.0014793870001,-3.36484754699995],[40.0007634070001,-3.36573633299998],[40.0000715240001,-3.36631990299998],[39.999055637,-3.36685396199994],[39.9981931070001,-3.36740846799996],[39.997608727,-3.36797728999995],[39.997075071,-3.36854700499992],[39.9959659460001,-3.36967669199993],[39.9947269460001,-3.37095308599992],[39.9942145470001,-3.37155594199994],[39.9935216960001,-3.37220900499995],[39.9927800610001,-3.37284258799997],[39.991824894,-3.37353852499996],[39.990849493,-3.37420075499995],[39.9901313830001,-3.37472000499997],[39.989239712,-3.37532764499998],[39.9881368580001,-3.37603167499998],[39.9872728730001,-3.37649393199997],[39.9865874930001,-3.37693909799998],[39.9857249880001,-3.37754317499997],[39.984749615,-3.37822340499998],[39.9839916020001,-3.37881831699997],[39.9829522840001,-3.37964825499997],[39.9817966370001,-3.38064978599993],[39.9809064890001,-3.38144028599993],[39.98030327,-3.38212800499998],[39.979681011,-3.38262345599998],[39.97896862,-3.38318103099993],[39.97813152,-3.38377419899996],[39.9772905200001,-3.38450302099994],[39.9765960650001,-3.38516301699998],[39.9759327190001,-3.38570639699998],[39.975092192,-3.38667667699997],[39.9740584960001,-3.38651031499996],[39.9729649390001,-3.38691308399996],[39.9721441230001,-3.38718635899993],[39.9713732440001,-3.38722170899996],[39.9708621290001,-3.38649055799994],[39.969713423,-3.38591952999997],[39.9686465240001,-3.38498650299993],[39.9691605160001,-3.38386691099993],[39.9695706410001,-3.38316062999997],[39.969543206,-3.38197826199995],[39.9695097310001,-3.38087468199996],[39.969818128,-3.38015031699997],[39.9705599260001,-3.37984735499993],[39.970734258,-3.378841515],[39.970669022,-3.37779838599994],[39.9708229020001,-3.37685096699994],[39.970740628,-3.37603301499996],[39.9704895190001,-3.37498547699995],[39.9716140030001,-3.37403195699994],[39.9726662890001,-3.37314918699996],[39.9736814340001,-3.37278826999996],[39.9745143870001,-3.37214408299997],[39.9754833210001,-3.37147572299995],[39.976115141,-3.37067009399993],[39.9769960400001,-3.36948959499996],[39.978391903,-3.36891324099998],[39.979441626,-3.36810683299995],[39.980618631,-3.36729829899997],[39.981435139,-3.36649375999997],[39.9824167560001,-3.36620587799997],[39.9835785440001,-3.36650762999994],[39.9843986930001,-3.36728280099995],[39.9851657510001,-3.36835701199994],[39.9861440550001,-3.36841113499998],[39.987198596,-3.36764665299996],[39.9881780260001,-3.36725011899994],[39.988585175,-3.36658864999992],[39.989330255,-3.36592243799992],[39.990356922,-3.36618695799997],[39.991229758,-3.36679727799997],[39.991619094,-3.36773326199995],[39.992013538,-3.36848404899997],[39.9930690320001,-3.36759891099997],[39.994503497,-3.36664029699996],[39.995330175,-3.36573463499998],[39.996122993,-3.36494566099999],[39.996818659,-3.36410886999995],[39.9958721940001,-3.36337345499994],[39.995260456,-3.36205137599996],[39.9942474370001,-3.36212831399997],[39.9933334690001,-3.36295003999993],[39.9924740220001,-3.36387271899998],[39.991789043,-3.36468783899993],[39.9904019040001,-3.36416309599997],[39.9896008910001,-3.36311914099998],[39.989875779,-3.362201171],[39.9902400710001,-3.36144830099994],[39.990682602,-3.36074281699997],[39.9912005400001,-3.35966715799998],[39.99148368,-3.35892336899996],[39.9916645430001,-3.35799912899995],[39.99153098,-3.35723528299997],[39.990795275,-3.35755702299998],[39.9902165080001,-3.35654991899998],[39.989614674,-3.35594687899994],[39.989092027,-3.35492986799994],[39.99028264,-3.35431628299995],[39.9905569540001,-3.35294071399994],[39.9912842320001,-3.35251682999996],[39.9914706070001,-3.35174766499995],[39.99195604,-3.35104579599994],[39.992251251,-3.35009386099995],[39.991491925,-3.34933785899994],[39.9911723050001,-3.34849623099995],[39.9908291370001,-3.34751771399995],[39.9900736880001,-3.34636196199994],[39.9892992650001,-3.34472562699995],[39.9889721800001,-3.34360580499993],[39.9887852580001,-3.34265407499993],[39.9887666650001,-3.34164807299994],[39.988725684,-3.34055355899993],[39.988019261,-3.33974380099995],[39.9869227070001,-3.33883926899995],[39.9865178740001,-3.33765262299994],[39.9860673700001,-3.33666091999994],[39.9850541270001,-3.33604884499994],[39.9841944350001,-3.33537029999998],[39.9837788250001,-3.33459131299998],[39.983295415,-3.33388978599994],[39.9829381280001,-3.33312078099995],[39.982870738,-3.33221058799995],[39.9828476600001,-3.33115147999997],[39.982837669,-3.33017587899996],[39.9833984300001,-3.32886616099995],[39.9838962580001,-3.32795569199994],[39.9846231180001,-3.32691625699994],[39.98548127,-3.32585591099997],[39.9860731750001,-3.32496570199993],[39.987026864,-3.32368011499996],[39.9878200330001,-3.32276524799995],[39.9884701070001,-3.32224693699994],[39.9893541210001,-3.32139206399995],[39.990545529,-3.32072752899996],[39.9915684490001,-3.32103372699994],[39.992425794,-3.32027412399998],[39.9931990220001,-3.31935386199997],[39.9939594370001,-3.31880663899994],[39.9946434240001,-3.31803346499994],[39.9948635120001,-3.31683483299998],[39.995010607,-3.31553038099997],[39.9956577100001,-3.31450845199993],[39.995827449,-3.31324167599998],[39.994694425,-3.31251710799995],[39.9933294900001,-3.31284318799993],[39.9926591510001,-3.31349822299996],[39.9920215610001,-3.31403017899993],[39.9910408000001,-3.31440586699996],[39.9895661400001,-3.31366668099998],[39.9885370280001,-3.31420310399995],[39.9888599300001,-3.31512279399994],[39.989235052,-3.31588620899992],[39.990208114,-3.31620866299995],[39.989648232,-3.31700479799997],[39.988664294,-3.31764387899995],[39.9872349020001,-3.31776118599993],[39.9861103050001,-3.31821796599996],[39.9850025010001,-3.31864750399997],[39.9841890320001,-3.31862426199996],[39.9828810710001,-3.31845288699998],[39.9818198,-3.31836129599998],[39.981042852,-3.31833506699997],[39.9802116710001,-3.31832504799997],[39.979279508,-3.31834222299994],[39.978189946,-3.31835474699995],[39.977225305,-3.31835651999996],[39.976177212,-3.31847793399994],[39.975236883,-3.31864200399998],[39.974474602,-3.31880618199996],[39.9736972270001,-3.31900614499995],[39.9727111020001,-3.31929527799998],[39.9715678000001,-3.31975558799997],[39.970721815,-3.32018971699995],[39.9697999970001,-3.32055611399995],[39.9685642700001,-3.32113783299997],[39.9674242520001,-3.32185022699998],[39.9663782040001,-3.32236825399998],[39.9653184060001,-3.32290682099995],[39.9645293730001,-3.32340932199997],[39.963452337,-3.32394765299994],[39.9623478300001,-3.32431850999997],[39.960950267,-3.32445343299997],[39.959810627,-3.32500668599994],[39.9586586610001,-3.32549569199996],[39.957771946,-3.32569001499997],[39.95686436,-3.32602140299997],[39.955750962,-3.32644263699996],[39.9547783570001,-3.32678332699992],[39.95375962,-3.32731120099994],[39.9530291720001,-3.32771502799994],[39.952280993,-3.32809867599997],[39.95158006,-3.32859060899996],[39.95069707,-3.32897749799998],[39.95005114,-3.33002636099996],[39.9493548310001,-3.33092847299997],[39.948828722,-3.33200041599997],[39.9488232670001,-3.33308590399998],[39.949071883,-3.33414667599993],[39.9489784190001,-3.33492269599998],[39.948520477,-3.33568644499997],[39.9491342810001,-3.33652061599997],[39.9498701260001,-3.33717689499997],[39.9506303110001,-3.33789342799998],[39.951811094,-3.33808482499996],[39.952641977,-3.33863316899994],[39.95345919,-3.33902499199997],[39.9541130160001,-3.33958249299998],[39.954712633,-3.34009017599995],[39.954467352,-3.34120133999995],[39.9543635900001,-3.34229875099995],[39.9541501910001,-3.34309468199997],[39.953639126,-3.34381442499994],[39.952522297,-3.34413330099995],[39.95142029,-3.34449912199996],[39.950473758,-3.34490891099996],[39.949706646,-3.34551954199999],[39.948981131,-3.346319958],[39.9480297470001,-3.34720453599993],[39.947191767,-3.34797979499995],[39.9461179140001,-3.34830398499998],[39.9460007660001,-3.34735703599995],[39.9461445750001,-3.34649158999997],[39.9451921400001,-3.34602810899996],[39.944319152,-3.34565518599993],[39.943257267,-3.34560952399994],[39.9422178420001,-3.34557511399993],[39.94125824,-3.34553834999998],[39.940177546,-3.34533114199995],[39.9391827580001,-3.34558592599996],[39.9385452110001,-3.34601420799993],[39.9379195920001,-3.34658410899994],[39.937304016,-3.34725813699993],[39.936865665,-3.34810825899995],[39.936652188,-3.34901419199997],[39.936550696,-3.34991539299995],[39.9365005550001,-3.35130017599995],[39.9366154810001,-3.35246019599993],[39.93689183,-3.35322857999996],[39.936879149,-3.35405566099997],[39.936740248,-3.35524300399993],[39.936877693,-3.35654534199995],[39.937267035,-3.35779504499993],[39.9372386960001,-3.35880266099998],[39.9371493300001,-3.359574621],[39.937097119,-3.36064355699995],[39.937240821,-3.36170474799996],[39.937797603,-3.36284721799996],[39.938717577,-3.36378848199997],[39.9393059770001,-3.36467547299999],[39.9395565610001,-3.36559538299998],[39.938465852,-3.36598830099995],[39.937562073,-3.36664168499994],[39.9368218490001,-3.36718148399996],[39.9359545510001,-3.36721167199996],[39.935159265,-3.36771456399994],[39.934350518,-3.36882320899997],[39.933687676,-3.36997393599996],[39.9340929430001,-3.37127890099994],[39.934950794,-3.37214769999998],[39.9358927980001,-3.37336955799998],[39.9370925740001,-3.37384878499995],[39.9378948740001,-3.37311482199993],[39.9388209310001,-3.37240414099994],[39.9397015770001,-3.37225792999993],[39.9403764250001,-3.37181393699996],[39.941147087,-3.37181899899997],[39.9419225560001,-3.37210499199996],[39.942704227,-3.37261370299996],[39.9432540670001,-3.37335905499999],[39.9433948930001,-3.37444246299999],[39.943108538,-3.37536985899994],[39.942899197,-3.37633630499995],[39.9423357690001,-3.37711618599997],[39.9416988240001,-3.37773246199993],[39.940699748,-3.37881749699995],[39.9395290460001,-3.37971052299997],[39.9389781,-3.38095395999994],[39.9386696460001,-3.38184170299997],[39.938178017,-3.38260002699998],[39.9374114670001,-3.38291828899997],[39.9368642850001,-3.38356999499998],[39.9359372160001,-3.38444684699995],[39.9352289830001,-3.38559556599996],[39.9349792670001,-3.38701962099998],[39.934806849,-3.38806963199995],[39.9355139210001,-3.38849577399999],[39.935989099,-3.38774725799994],[39.936891367,-3.38715882299994],[39.937717709,-3.38673290599997],[39.938202377,-3.38559345599999],[39.938727541,-3.38465575699996],[39.939475423,-3.38381011599995],[39.9402638010001,-3.38295498499998],[39.9408261660001,-3.38211674899998],[39.9412255450001,-3.38136177999997],[39.941787407,-3.38047975999996],[39.942558067,-3.37940538999994],[39.9434236370001,-3.37850755099992],[39.944148743,-3.37779952799998],[39.945062906,-3.37721033399994],[39.9458920320001,-3.37713896199995],[39.946888196,-3.37733358999999],[39.9476368360001,-3.37815031199995],[39.9480893630001,-3.37887516399997],[39.9486197690001,-3.37990596699997],[39.9491472810001,-3.38079612199993],[39.949686005,-3.38164903799998],[39.9501090250001,-3.38260319099994],[39.950718131,-3.38379608999998],[39.9515076060001,-3.38465575599998],[39.9523640640001,-3.38492302],[39.9535067680001,-3.38534384499997],[39.954645676,-3.38602371099996],[39.9557243830001,-3.38638580999999],[39.956799297,-3.38661359299994],[39.9578501230001,-3.38663072899993],[39.9590015140001,-3.38669524199999],[39.9597807930001,-3.38632795899998],[39.960674295,-3.38695445299994],[39.961294052,-3.38753719399995],[39.9623819870001,-3.38821852799993],[39.963652811,-3.38833605599997],[39.964662751,-3.38831848499994],[39.9652299270001,-3.38897031799997],[39.9655268000001,-3.38983550899996],[39.965568647,-3.390974585],[39.9654638420001,-3.39223153699993],[39.965202268,-3.39320515599997],[39.9651400810001,-3.39401082999996],[39.9648996450001,-3.39520299099998],[39.9645957770001,-3.39644408499993],[39.964489637,-3.39778812199996],[39.964556073,-3.39889020699997],[39.964930015,-3.39963619199995],[39.965663003,-3.39990836099998],[39.966350543,-3.40098355299995],[39.9677291740001,-3.40116546799994],[39.968096179,-3.40192685599993],[39.967735164,-3.40291407599995],[39.967468663,-3.40396895299995],[39.967259713,-3.40499664999994],[39.9670635700001,-3.40584634499994],[39.9665197400001,-3.40656739399998],[39.9657879910001,-3.40761722399999],[39.965266625,-3.40859813099996],[39.964732086,-3.40971302299993],[39.963898719,-3.41083450299995],[39.9634121030001,-3.41181744399996],[39.9623803790001,-3.41250787499996],[39.961710012,-3.41356676099998],[39.961463812,-3.41500284299997],[39.9610827400001,-3.41610033299998],[39.9601845660001,-3.41669527999995],[39.9601171780001,-3.41750280799994],[39.9596156530001,-3.41833543199993],[39.9594202320001,-3.41909253499996],[39.959756267,-3.41990952799995],[39.9598132830001,-3.42074698799998],[39.9592145940001,-3.42146146299995],[39.958752388,-3.42247414199994],[39.9579890040001,-3.42304960699993],[39.957455404,-3.42379959899996],[39.956936402,-3.42446438399999],[39.9565015530001,-3.42534676599997],[39.9566278500001,-3.42651678999994],[39.9568079740001,-3.42739734199995],[39.956580554,-3.42852522299995],[39.955892213,-3.42993114099995],[39.955303615,-3.43110626099997],[39.954988385,-3.43202880299998],[39.954583475,-3.43297348499994],[39.9540154810001,-3.43422434999995],[39.953685197,-3.43534366599994],[39.953274768,-3.43605213999997],[39.952856506,-3.43681014599998],[39.9522377010001,-3.43750704899997],[39.9519823570001,-3.43849296699995],[39.9515128350001,-3.43923897099995],[39.951286587,-3.44000965699995],[39.9507058140001,-3.44106339699993],[39.9500853000001,-3.44242035199995],[39.949416824,-3.44332976099998],[39.9489255390001,-3.44424233199993],[39.9485055390001,-3.44533107499996],[39.9478726780001,-3.44632557599994],[39.9475806510001,-3.44730802899995],[39.9472246350001,-3.44823718799996],[39.946839325,-3.44916859099994],[39.9464818760001,-3.45034037299997],[39.946015033,-3.45122112799993],[39.9453286510001,-3.45194699099995],[39.944887134,-3.45285735799995],[39.9443980350001,-3.45364699999994],[39.9438484070001,-3.45467159499999],[39.9432603930001,-3.45577169599995],[39.9424960600001,-3.45676697499993],[39.94186561,-3.45723000599998],[39.941350534,-3.45788928599996],[39.941035727,-3.45877174099996],[39.941017694,-3.45959779399994],[39.940401734,-3.46061787599996],[39.939944273,-3.46169085399993],[39.939666276,-3.46258535699997],[39.939062704,-3.46348933399998],[39.9388125790001,-3.46444232899996],[39.9386198620001,-3.46527041899999],[39.9382925850001,-3.46618203799995],[39.938108733,-3.46707092799995],[39.9375977440001,-3.46793232299996],[39.9371137010001,-3.46916133399999],[39.9365614450001,-3.47029132699994],[39.9364893760001,-3.47121044599993],[39.9356696030001,-3.47190984099997],[39.935533535,-3.47309659499997],[39.9350200150001,-3.47408432299994],[39.9348132700001,-3.47509933599998],[39.9341715080001,-3.47606330699995],[39.9337526210001,-3.47723082999994],[39.933227699,-3.47841933199993],[39.932537574,-3.47921105399996],[39.9323885680001,-3.48009054399995],[39.9317080700001,-3.48050687899996],[39.931663273,-3.48135814699998],[39.931512937,-3.48215842199994],[39.930687434,-3.48257204799997],[39.9305013700001,-3.48355743399999],[39.929938968,-3.48451562399992],[39.9293645500001,-3.48536324999998],[39.928614039,-3.48565259099998],[39.9281921670001,-3.48641053499995],[39.9276219240001,-3.48713215999993],[39.9270837880001,-3.48823563499997],[39.9265802740001,-3.48935284799995],[39.9260457990001,-3.48999714299993],[39.925678911,-3.49078570299997],[39.9253221710001,-3.49187507799997],[39.9249190950001,-3.49317537599995],[39.924681009,-3.49413517699998],[39.9244717870001,-3.49487841899998],[39.9242089950001,-3.49569611299995],[39.9244493460001,-3.49680713899994],[39.9250051590001,-3.49793387299997],[39.925099453,-3.49869502599994],[39.9247630840001,-3.49947611199996],[39.9249265060001,-3.50036345499996],[39.924564586,-3.50129257999993],[39.9237761260001,-3.50194487899996],[39.9233598750001,-3.50330127699994],[39.9233989090001,-3.50431270599995],[39.92331685,-3.50524585599993],[39.9228061700001,-3.50624190799993],[39.9222832460001,-3.50714387499995],[39.921844655,-3.50837007099994],[39.9216295940001,-3.50937117299999],[39.9210698900001,-3.51036275199993],[39.920885533,-3.51184603599995],[39.92070791,-3.51331393899994],[39.920273964,-3.51445618199996],[39.9199978180001,-3.51521349599995],[39.919713304,-3.51594151899998],[39.919378581,-3.51671556699995],[39.919002017,-3.51756492799995],[39.9186442810001,-3.51858165199997],[39.918332569,-3.51949795799993],[39.9181233670001,-3.52024690199994],[39.9179141640001,-3.52106697499994],[39.917560312,-3.52217335699992],[39.9169853060001,-3.52331560099998],[39.9165468200001,-3.52410208099997],[39.9162572820001,-3.52497208399996],[39.9159160740001,-3.52619514999997],[39.9153688690001,-3.52761570199995],[39.914893282,-3.52888486299998],[39.9144190920001,-3.52994412299995],[39.913990574,-3.53090575699999],[39.913468616,-3.53220490199994],[39.913043934,-3.53324672899992],[39.9127283380001,-3.53413733399999],[39.912425893,-3.53524789799997],[39.9120302010001,-3.53612415799997],[39.9117740770001,-3.53701864799996],[39.911529312,-3.53802251899999],[39.9110620920001,-3.53899142499994],[39.9107901300001,-3.53977198099995],[39.910558612,-3.54096524899995],[39.9103239570001,-3.54193644199996],[39.91007661,-3.54282791599997],[39.909640215,-3.54390976899994],[39.909311766,-3.54471729099992],[39.909060724,-3.54553945399993],[39.9086946200001,-3.54673609199994],[39.908307597,-3.54797038499993],[39.9078766390001,-3.54901416499995],[39.907439405,-3.55031972699994],[39.907048199,-3.55144732799993],[39.90669674,-3.55255191599997],[39.906370382,-3.55361675499995],[39.9059938190001,-3.55462301599994],[39.905487549,-3.55592425499999],[39.904977095,-3.55721294199998],[39.9045705450001,-3.55820107199998],[39.9042156,-3.55912923399996],[39.903736526,-3.56020453299994],[39.9032054510001,-3.56135514599992],[39.9028097610001,-3.56228609699997],[39.9025262910001,-3.56324110499998],[39.902207258,-3.56421201399997],[39.9017888540001,-3.56514589099993],[39.901412291,-3.56608218899994],[39.9011476490001,-3.56702452799993],[39.900762716,-3.56770025199995],[39.900369068,-3.56842339399998],[39.899797875,-3.56944520699995],[39.899412317,-3.57049310099996],[39.899173825,-3.57126296299999],[39.898790686,-3.57198381599994],[39.8983545890001,-3.57278260899995],[39.8978725860001,-3.57352444199996],[39.8974290790001,-3.57420853399998],[39.896753355,-3.57496689099998],[39.8960808850001,-3.57568224799997],[39.8958397390001,-3.57669624699998],[39.894978226,-3.57771837699994],[39.8947994060001,-3.57905226399993],[39.8944763380001,-3.58007814999998],[39.894164328,-3.58084562499994],[39.893596492,-3.58172559099995],[39.8930609350001,-3.58267285899996],[39.8927931580001,-3.58340785299994],[39.892473076,-3.58434856699995],[39.8921839600001,-3.58528621099992],[39.891967433,-3.58638452299994],[39.891209727,-3.58742360699996],[39.890491233,-3.58851657399992],[39.8899061650001,-3.58937820699993],[39.8896697660001,-3.59025957799999],[39.8899982140001,-3.59116123699993],[39.8896673520001,-3.59219027299997],[39.8889976290001,-3.59314313099999],[39.8883817780001,-3.59424453099996],[39.887830879,-3.59545302499994],[39.887422933,-3.59632748699994],[39.8871028560001,-3.59705760499998],[39.8867162490001,-3.59782160999993],[39.8863190440001,-3.59851922899998],[39.8860704420001,-3.59950422499997],[39.885814167,-3.60055546699994],[39.885385302,-3.60155057199995],[39.8849271510001,-3.60251568999997],[39.884527575,-3.60327718799994],[39.884063145,-3.60407215699998],[39.883527588,-3.60499682899996],[39.883008767,-3.60602819699994],[39.882506382,-3.60715370499999],[39.882010274,-3.60835990599997],[39.881365691,-3.60935451399996],[39.8806725750001,-3.61026902599997],[39.879935167,-3.61131180899998],[39.879523756,-3.61218651399997],[39.878935599,-3.61271262799995],[39.8782086210001,-3.61374776199995],[39.877630176,-3.61461804199996],[39.877022891,-3.61550087499995],[39.876175527,-3.61664203099998],[39.8757874070001,-3.61756805799995],[39.875623224,-3.61849129099994],[39.8752782030001,-3.61940500299994],[39.8747904140001,-3.62046624099998],[39.8743121420001,-3.62157269099993],[39.8739623600001,-3.62248878399993],[39.873521366,-3.62345008499995],[39.87299749,-3.62454344799993],[39.8721594080001,-3.62551273899994],[39.871531503,-3.62644439899999],[39.8712259820001,-3.62719535899992],[39.8710422870001,-3.62799771099997],[39.8709959670001,-3.62914175499997],[39.870758654,-3.63020014199998],[39.8703297170001,-3.63100725599999],[39.8699244150001,-3.63190193199995],[39.869139352,-3.63232579299996],[39.8684967400001,-3.63288464799997],[39.8679566010001,-3.63350092899999],[39.8671983470001,-3.63395143799995],[39.8665289240001,-3.63451616599997],[39.8659521440001,-3.63529409099994],[39.8651551830001,-3.63551871299996],[39.8642201690001,-3.63538682099994],[39.863202437,-3.63542115499997],[39.862264929,-3.63515227399994],[39.861367875,-3.63489529199996],[39.8600234780001,-3.63486079199994],[39.8588512530001,-3.63496731299995],[39.858032662,-3.63513482399999],[39.8571176830001,-3.63517606999996],[39.856344833,-3.63464941399996],[39.855488225,-3.63406247999996],[39.8546125840001,-3.63341526799996],[39.853521205,-3.63270618899997],[39.852366374,-3.63233023499993],[39.8514114160001,-3.63215256599995],[39.850412836,-3.63200900599998],[39.8490636810001,-3.63195903699994],[39.8481309320001,-3.63199710899995],[39.8472148390001,-3.63215177399998],[39.845994176,-3.63245396499998],[39.8450971190001,-3.63245158699995],[39.8441520900001,-3.63185727299998],[39.8433767700001,-3.63083831199998],[39.842743834,-3.63016016399997],[39.842015718,-3.62910368399998],[39.8417420810001,-3.62794488699995],[39.8415279290001,-3.62684319799996],[39.8411305590001,-3.62586523999995],[39.840302507,-3.62507763699995],[39.839564873,-3.62468740499998],[39.838871657,-3.62436379999997],[39.838017544,-3.62406058799997],[39.837015281,-3.62400806899996],[39.835776771,-3.62266962299997],[39.8341939530001,-3.62185013599999],[39.8331546050001,-3.62187329699998],[39.832087927,-3.62172599599997],[39.8309163270001,-3.62178763499999],[39.8298646050001,-3.62145609699997],[39.8293100760001,-3.62048867599999],[39.8295705420001,-3.61938239799997],[39.8293465150001,-3.61824287399998],[39.82845517,-3.61835566199993],[39.82770802,-3.61819147699992],[39.8270698480001,-3.61771653799996],[39.8266991290001,-3.61671145199995],[39.825963873,-3.61575014799997],[39.8254277030001,-3.61477456899996],[39.8254713250001,-3.61342779599994],[39.8251326480001,-3.61256801899998],[39.8246313770001,-3.61174551699997],[39.8239508500001,-3.61059385799996],[39.8233781930001,-3.60964603799995],[39.82280395,-3.60887826699997],[39.82194544,-3.60831671499995],[39.8210107880001,-3.60797216899993],[39.8202198550001,-3.60748865999995],[39.8195155350001,-3.60717695399996],[39.8186922410001,-3.60659609999993],[39.8175976900001,-3.60602608599994],[39.816913992,-3.60556922999994],[39.8158059560001,-3.60488485299994],[39.814678884,-3.60478242399996],[39.8137310650001,-3.60466424099997],[39.8126460330001,-3.60450719799998],[39.8112730820001,-3.60424450599993],[39.809916791,-3.60429225299994],[39.8090506670001,-3.60442391799995],[39.8081845410001,-3.60448340499993],[39.806871078,-3.60468089999995],[39.805757493,-3.60479511399996],[39.8047118900001,-3.60479919099993],[39.8035207980001,-3.60497023899997],[39.8025737730001,-3.60470945199996],[39.8014649450001,-3.60414075999995],[39.800484607,-3.60376480499997],[39.7991305350001,-3.60375354299993],[39.7980908690001,-3.60403844399998],[39.7968930490001,-3.60427710299997],[39.7958314370001,-3.60457091399998],[39.7948087980001,-3.60486649599994],[39.794038648,-3.60502829999996],[39.7930333240001,-3.60541020299997],[39.792047718,-3.60576049399999],[39.7908631240001,-3.60571199699996],[39.7897246840001,-3.60598579399994],[39.789749537,-3.60693979999997],[39.789122681,-3.60753862899998],[39.7885095720001,-3.60820408599995],[39.787410262,-3.60903689799994],[39.7866194860001,-3.60962065899997],[39.7855891800001,-3.61004134799993],[39.7845802900001,-3.61027548499993],[39.7835832960001,-3.61060575599993],[39.7825117450001,-3.61061368699996],[39.7816456210001,-3.61032497899992],[39.7811443460001,-3.60965476399997],[39.7803353310001,-3.60897556099996],[39.7797150850001,-3.60790586099995],[39.779286465,-3.60684715799994],[39.778833891,-3.60583136699996],[39.778565966,-3.60450196199999],[39.7785459790001,-3.60341978499998],[39.778565805,-3.60242675599995],[39.778605462,-3.60111170599992],[39.778717296,-3.59996956599998],[39.7788188210001,-3.59882361699993],[39.7784460390001,-3.59759248499996],[39.778007266,-3.59651839599996],[39.77776234,-3.59565798199999],[39.7777097650001,-3.59476874299998],[39.7783123130001,-3.59373489999995],[39.7790952920001,-3.59332610999997],[39.779356353,-3.59255924399998],[39.7795247280001,-3.59166365999993],[39.779360941,-3.59062304299993],[39.77957866,-3.58964746399994],[39.78003076,-3.58889079399995],[39.7808392330001,-3.58758508299996],[39.781477474,-3.58658271899998],[39.781607551,-3.58578163299996],[39.781816942,-3.58487743599994],[39.782999798,-3.58459242999993],[39.782501591,-3.58387108399995],[39.7816659260001,-3.58329430199997],[39.7813656390001,-3.58233418999994],[39.78165597,-3.58142681899994],[39.780718424,-3.58159298899996],[39.779869929,-3.58143442899997],[39.7788997230001,-3.58178731099997],[39.777640422,-3.58195092699998],[39.7765546310001,-3.58250960899993],[39.7768819400001,-3.58335616999994],[39.77728962,-3.58410173299996],[39.777518048,-3.58494723499996],[39.778125604,-3.58544216199993],[39.778975469,-3.58547983799997],[39.779313114,-3.58631716999997],[39.7793458890001,-3.58737456099994],[39.7792849690001,-3.58850872299996],[39.778424624,-3.58933694299997],[39.7773902380001,-3.58910698699998],[39.7765615050001,-3.58890269199998],[39.775693001,-3.58861001799993],[39.7747261470001,-3.58835144899996],[39.7739893090001,-3.58812698799995],[39.7731758730001,-3.58829736499996],[39.772421244,-3.58854934199997],[39.7717745590001,-3.58747475099994],[39.77079052,-3.58733621299996],[39.770125503,-3.58795537899994],[39.770969774,-3.58834351799994],[39.771259388,-3.58915865399996],[39.771479572,-3.59034999799998],[39.7722851400001,-3.59075819599998],[39.7729304480001,-3.59117031899997],[39.773654069,-3.59162479599997],[39.773377958,-3.59266054199998],[39.773695956,-3.59396108599998],[39.7740095340001,-3.59524811899996],[39.773278174,-3.59619509099997],[39.7732001210001,-3.59711738299996],[39.7735947940001,-3.59785660399996],[39.7740611680001,-3.59862754799996],[39.774604229,-3.59939169499996],[39.7755193030001,-3.59964595699995],[39.7760577400001,-3.60057462799995],[39.775974799,-3.60196287399998],[39.776317611,-3.60326035999997],[39.7765916480001,-3.60419231599998],[39.776906529,-3.60493787799993],[39.7772848610001,-3.60566599499993],[39.7773752800001,-3.60646073399995],[39.7777274420001,-3.60746962399998],[39.778222369,-3.60834050799998],[39.778683985,-3.60914952499996],[39.7792360190001,-3.60996567899997],[39.7801235590001,-3.61089843099996],[39.781291873,-3.61161464499998],[39.782438776,-3.61203819099995],[39.7832636540001,-3.61221585699997],[39.7841329510001,-3.61230469099996],[39.7849356240001,-3.61235545199998],[39.7859698950001,-3.61242651799996],[39.786890747,-3.61269016399995],[39.7877092800001,-3.61302328799996],[39.7886386960001,-3.61308896099995],[39.7896009510001,-3.61321602399994],[39.7906360160001,-3.61317557299998],[39.7918519200001,-3.61290431399994],[39.7927846690001,-3.61264257199998],[39.7938459110001,-3.61228565399996],[39.79486432,-3.61198108499997],[39.7958351390001,-3.61186211199994],[39.7971129110001,-3.61199535999999],[39.798074689,-3.61228565499994],[39.7988649870001,-3.61263464199994],[39.799662266,-3.61265494899995],[39.8006012020001,-3.61249742599995],[39.8017790330001,-3.61223806499993],[39.802883104,-3.61203581199993],[39.8040426950001,-3.61233086499993],[39.8042774670001,-3.61333737599995],[39.80426319,-3.61413211699994],[39.80426319,-3.61520921999994],[39.804639825,-3.61609823099997],[39.805275254,-3.61732614599993],[39.8057225920001,-3.61846061999995],[39.8065191170001,-3.61902547799997],[39.807412963,-3.62006934699996],[39.808606895,-3.62086310099995],[39.809726433,-3.62139264599994],[39.8103089250001,-3.62208713099995],[39.8102099390001,-3.62295135299997],[39.809876339,-3.62369517099996],[39.8098844300001,-3.62454844499995],[39.810284417,-3.62574507499995],[39.810702012,-3.62664570099998],[39.810870955,-3.62762841899996],[39.8108638140001,-3.62879911299997],[39.810310648,-3.62951046099995],[39.809557015,-3.62865824999993],[39.8089935580001,-3.62778070599995],[39.8083039910001,-3.62704069299997],[39.8078038290001,-3.62620391499996],[39.8073398340001,-3.62542503899993],[39.8065855450001,-3.62515377899997],[39.805678969,-3.62518233299995],[39.8045511060001,-3.62534175599995],[39.8033328220001,-3.62554876899999],[39.802421489,-3.62580099099995],[39.8014482880001,-3.62615077399995],[39.800527436,-3.62655290499992],[39.7996470360001,-3.62696217099994],[39.7986857340001,-3.62743806099997],[39.797582854,-3.62787389999994],[39.796511857,-3.62809288999995],[39.7953803230001,-3.62813830399994],[39.794232573,-3.62783067299996],[39.7933188590001,-3.62705377799996],[39.7929782000001,-3.62583906499998],[39.7924290490001,-3.62471163199996],[39.7919827920001,-3.62390218399997],[39.791777139,-3.62290484899996],[39.791997022,-3.62191162599993],[39.7912681610001,-3.62103096899996],[39.790429003,-3.62047004899996],[39.7889807060001,-3.62053762499994],[39.78777638,-3.62061947899998],[39.786786524,-3.62053953099998],[39.7859023170001,-3.62074987399995],[39.7861925550001,-3.62208917799995],[39.7873571220001,-3.62274695499997],[39.787569626,-3.62377808499999],[39.788148291,-3.62453987999994],[39.7884794330001,-3.62531320399994],[39.7895033940001,-3.62526085499997],[39.790081602,-3.62586603099994],[39.7908447730001,-3.62611697999995],[39.7906562430001,-3.62703474399996],[39.7907449620001,-3.62815496099995],[39.7907954420001,-3.62927500799998],[39.791324871,-3.63017682099996],[39.7924812900001,-3.63059084799995],[39.793239623,-3.63124139199993],[39.7937412140001,-3.63236592599999],[39.7941917250001,-3.63341526899995],[39.794659052,-3.63444129099998],[39.794916668,-3.63572239599996],[39.795156993,-3.63661802299993],[39.795804999,-3.63762215599996],[39.796574359,-3.63851524599995],[39.7970010770001,-3.63948574999996],[39.7973361040001,-3.64021100999997],[39.798158174,-3.64056044999996],[39.7992637840001,-3.64087281599996],[39.7995046660001,-3.63970021899997],[39.8009319440001,-3.63972695699995],[39.801877383,-3.64045847299997],[39.8026470610001,-3.64097243599997],[39.803179744,-3.64154668099997],[39.8040252430001,-3.64181833499994],[39.8050531700001,-3.64247530399995],[39.8061033070001,-3.64302088799996],[39.805566863,-3.64365592499997],[39.806364731,-3.64444359299996],[39.807217801,-3.64448588199998],[39.808068742,-3.64461459799998],[39.808758787,-3.64511269899998],[39.80951228,-3.64565997499994],[39.810478344,-3.64605496499996],[39.811563377,-3.64616203999998],[39.812903014,-3.64601689399997],[39.8141308150001,-3.64586936799998],[39.8151991930001,-3.64584795399998],[39.8159558620001,-3.64568376899997],[39.8167277580001,-3.64543059399994],[39.8177594950001,-3.64562802099993],[39.819165755,-3.64571707999995],[39.8201984400001,-3.64511864599997],[39.8206414950001,-3.64429035699993],[39.820957488,-3.64346373099994],[39.821366755,-3.64250480799996],[39.821822819,-3.64150781399998],[39.822862076,-3.64019741199996],[39.8241301040001,-3.63954475999997],[39.8248851860001,-3.63887533799993],[39.8255546080001,-3.63809423999993],[39.826132816,-3.63708677599993],[39.826398521,-3.636334075],[39.826573018,-3.63547112199995],[39.8267086450001,-3.63461213699997],[39.8272868550001,-3.63397047599994],[39.8282998240001,-3.63437249199997],[39.828785914,-3.63503805999994],[39.828872104,-3.63587298799996],[39.8297055240001,-3.63629092799993],[39.8302088620001,-3.63518951699996],[39.8314865470001,-3.63479944199996],[39.832799875,-3.63457005699995],[39.833550759,-3.63418973499996],[39.8344744840001,-3.63348492899996],[39.835456494,-3.63232574099994],[39.8362131390001,-3.63125121399997],[39.8365146080001,-3.63033106099994],[39.8372330020001,-3.63000312199996],[39.8381776470001,-3.62974772599995],[39.838399888,-3.63056562499997],[39.8384608040001,-3.63151328599999],[39.8389144860001,-3.63237253599994],[39.8396909860001,-3.63276567499998],[39.8404707340001,-3.63359515599995],[39.8414398890001,-3.63451828099995],[39.8421689560001,-3.63505804899997],[39.843110746,-3.63549253799993],[39.8444059660001,-3.63559612199994],[39.845545251,-3.63580741999994],[39.8466413900001,-3.63549967799999],[39.8476455220001,-3.63503012799992],[39.848488805,-3.63468494799996],[39.849520536,-3.63458358399992],[39.8505603630001,-3.63461689399998],[39.851652534,-3.63526053899996],[39.8524139630001,-3.63592321899994],[39.8531430290001,-3.63640196799998],[39.8538725730001,-3.63692021499997],[39.854664933,-3.63741038399996],[39.855590545,-3.63777206199995],[39.85644239,-3.63807425299995],[39.8573194590001,-3.63837215899996],[39.858407825,-3.63848113999995],[39.859416716,-3.63843117199998],[39.8605364900001,-3.63858155399993],[39.8614571030001,-3.63941031999996],[39.8620158800001,-3.64051399399995],[39.8625300030001,-3.64198370799994],[39.8630073240001,-3.64316153999995],[39.863590291,-3.64441432599995],[39.8641288430001,-3.64553941499998],[39.864893045,-3.64631194699997],[39.865404233,-3.64745408799995],[39.86566994,-3.64853436499995],[39.8661160870001,-3.64990136299997],[39.866757352,-3.65086147699997],[39.8670119560001,-3.65171332299998],[39.8672268990001,-3.65252075599994],[39.8673522190001,-3.65332659699993],[39.867349839,-3.65413323499996],[39.8673912410001,-3.65541639799995],[39.867604441,-3.65663880699997],[39.867671068,-3.65751206799996],[39.867780522,-3.65847099399998],[39.867909012,-3.65935139299995],[39.868051779,-3.66033172999994],[39.8681945480001,-3.66134062299995],[39.8683373150001,-3.66236378999998],[39.868442013,-3.66352972499993],[39.8684705630001,-3.66451006499996],[39.8684372540001,-3.66544043299996],[39.8682100140001,-3.66655600399998],[39.867758709,-3.66807753799996],[39.8677757620001,-3.66922298199996],[39.8675854050001,-3.67006658099996],[39.867318906,-3.67102298699995],[39.8671317230001,-3.67183563099997],[39.866714522,-3.67266685499994],[39.8660206710001,-3.67367574699995],[39.865621558,-3.67467670699996],[39.8646459770001,-3.67513475399993],[39.863320221,-3.67543892699995],[39.862247799,-3.67588579099992],[39.8614987460001,-3.67641926599992],[39.860820598,-3.67714500099994],[39.8600377550001,-3.67767133899998],[39.859263637,-3.67744798499996],[39.8582688870001,-3.67719379199997],[39.8575588850001,-3.67643274899997],[39.856499496,-3.67626222199992],[39.8556056130001,-3.67650571999997],[39.8549932980001,-3.67733297999997],[39.854461658,-3.67843466999994],[39.853710769,-3.67784099499994],[39.852985033,-3.67738770699998],[39.8521216280001,-3.67761341499993],[39.8511121330001,-3.67815442199998],[39.8499805660001,-3.67784773699999],[39.848931792,-3.67761205599993],[39.848068115,-3.67728872199996],[39.847274326,-3.67689039999995],[39.846377746,-3.67682615599994],[39.845176436,-3.67649858099997],[39.844167703,-3.67548413799995],[39.8432006900001,-3.67508438799996],[39.842321874,-3.67466560299995],[39.8413922990001,-3.67415163899995],[39.8399823890001,-3.67374237199994],[39.838971106,-3.67460117399998],[39.8387748910001,-3.67555266599993],[39.8390191820001,-3.67644226699997],[39.8392260370001,-3.67734773199992],[39.8391111880001,-3.67815547899994],[39.8381907360001,-3.67887248899997],[39.8369500630001,-3.67912687699993],[39.8367437840001,-3.67990422499998],[39.8363505610001,-3.68097712399998],[39.8354626820001,-3.68173260199996],[39.835730787,-3.68273956699994],[39.836871323,-3.68252853299992],[39.838111815,-3.68241101499996],[39.8388494500001,-3.68152558999998],[39.838561269,-3.68023777299993],[39.839523629,-3.67941817899999],[39.8401871030001,-3.67847987799996],[39.840167669,-3.67727983599997],[39.840116907,-3.67628601699993],[39.84040879,-3.67527315999996],[39.8412090800001,-3.67533660999994],[39.84209091,-3.67579441899995],[39.8430293690001,-3.67617894099993],[39.843781279,-3.67655965299997],[39.8447318730001,-3.67718188399994],[39.8457292630001,-3.67770179699994],[39.8468142990001,-3.67813961599995],[39.8481928,-3.67842515199994],[39.849290207,-3.67875256499997],[39.8498584220001,-3.67936979699994],[39.8507166150001,-3.67999083699993],[39.851674743,-3.67994165999995],[39.8526519100001,-3.67940116299997],[39.8535085140001,-3.67980841199994],[39.85428218,-3.68021994399993],[39.8552122080001,-3.68020815999995],[39.855849904,-3.67959584699997],[39.8559831540001,-3.67862185399998],[39.8562437040001,-3.67756259799996],[39.857215716,-3.67714024199995],[39.8581546140001,-3.67742233899998],[39.8588220680001,-3.67847274199994],[39.860104382,-3.67844418699997],[39.861134688,-3.67794212199993],[39.861760485,-3.67726397399997],[39.8625352380001,-3.67672716999994],[39.863721163,-3.67649778799994],[39.8645796710001,-3.67677856499996],[39.865438178,-3.67750858199999],[39.86645516,-3.67806823399998],[39.867229439,-3.67842705499993],[39.86774245,-3.67914850799996],[39.8679137720001,-3.67993372899997],[39.86805178,-3.68078557599995],[39.868156476,-3.68166121899998],[39.8683262110001,-3.68277163399995],[39.868641886,-3.68356716599992],[39.8687837030001,-3.68469836399993],[39.8688159280001,-3.68582595599997],[39.8688941090001,-3.68677071499997],[39.8688040880001,-3.68802231199994],[39.868934219,-3.68948624599994],[39.868965492,-3.69044380999997],[39.86907495,-3.69129010299998],[39.8694166390001,-3.69225077199997],[39.8697816480001,-3.69312308299993],[39.8698982430001,-3.69405916299996],[39.869882378,-3.69508772399997],[39.8698030640001,-3.69622351999995],[39.8695080090001,-3.69725144699993],[39.8690392560001,-3.69846021399997],[39.86853481,-3.69952145299993],[39.868059396,-3.70032951799992],[39.8676948610001,-3.70115852399994],[39.8673664940001,-3.70186760199993],[39.867007196,-3.70268375699994],[39.8665585360001,-3.70353005299996],[39.8661482100001,-3.70454687499995],[39.865548587,-3.70583654299997],[39.86474093,-3.70736483599995],[39.863983616,-3.70841111899994],[39.8635076890001,-3.70948051699998],[39.8624592520001,-3.71031667099994],[39.8614502030001,-3.71091906999993],[39.8608955500001,-3.71162339099993],[39.860663554,-3.71251092899996],[39.8605533050001,-3.71332708399996],[39.8607325580001,-3.71434549399993],[39.861381674,-3.71505552699996],[39.861882629,-3.71563516199995],[39.861802636,-3.71664065499994],[39.861516829,-3.71767673899995],[39.8610593380001,-3.71863698399995],[39.860621398,-3.71957649799998],[39.8601916280001,-3.72049560699998],[39.859439717,-3.72119834299997],[39.8586457710001,-3.72200022199996],[39.858004744,-3.72288490499994],[39.8573822770001,-3.72392255999995],[39.856913182,-3.72509522099996],[39.856754101,-3.72606433899996],[39.8565732610001,-3.72684623199997],[39.856168752,-3.72770854899994],[39.8558784580001,-3.72851597799997],[39.8556262340001,-3.72931706399994],[39.855487037,-3.73034499099993],[39.855224105,-3.73146333799997],[39.8550218510001,-3.73234056699994],[39.854810081,-3.73325744999995],[39.8547349570001,-3.73423098799998],[39.8548231670001,-3.73571543399993],[39.8546582700001,-3.73715215299995],[39.8544341260001,-3.73809965399994],[39.854129555,-3.73893484399997],[39.8537763740001,-3.73987506999992],[39.8533371940001,-3.74095262699995],[39.8529552890001,-3.74210547599996],[39.852500982,-3.74304859099993],[39.8516683980001,-3.74354941199994],[39.8510993100001,-3.74455203799995],[39.8502470670001,-3.74568934099994],[39.8496097670001,-3.74687272499994],[39.8492037280001,-3.74802506399995],[39.848714241,-3.74884495899995],[39.8484259860001,-3.74971975099993],[39.848454539,-3.75057358099997],[39.8483460360001,-3.75147079699998],[39.8479976830001,-3.75222651399997],[39.847812085,-3.75316639999994],[39.8475662070001,-3.75406821499996],[39.847462303,-3.75492839099997],[39.847118234,-3.75585281199994],[39.84684285,-3.75680142499993],[39.8465652470001,-3.75755174799997],[39.8462302190001,-3.75846450799998],[39.8458577540001,-3.75945055599994],[39.845431037,-3.76037167199996],[39.844896771,-3.76123419999995],[39.8445855350001,-3.76194423299995],[39.8441647110001,-3.76262679699994],[39.8437187320001,-3.76343717399994],[39.843501691,-3.76444623499998],[39.8434525420001,-3.76546521499995],[39.843267317,-3.76658259299997],[39.8432554190001,-3.76734798599995],[39.8431721380001,-3.76823933399994],[39.843176897,-3.76905564699996],[39.8432577990001,-3.76999870799996],[39.8430344450001,-3.77106930499998],[39.8423434800001,-3.77232891199999],[39.842621685,-3.77360041899994],[39.8425360270001,-3.77459027299995],[39.8421822810001,-3.77561756599994],[39.8417512580001,-3.77627674399998],[39.841450766,-3.77709527899998],[39.840508329,-3.77736670799993],[39.839908705,-3.77856714699993],[39.8397457130001,-3.78008252299998],[39.8398485060001,-3.78103893099996],[39.839636785,-3.78212100299993],[39.8394482790001,-3.78317616099998],[39.8392460250001,-3.78395662399993],[39.8386035710001,-3.78529150299994],[39.8380816750001,-3.78672552299997],[39.8380574830001,-3.78761980699996],[39.837563747,-3.78836814499995],[39.837059776,-3.78905105199993],[39.8365667530001,-3.78976171699998],[39.8362769880001,-3.79073993999999],[39.836557235,-3.79170653099994],[39.836545813,-3.79248699199997],[39.8363736760001,-3.79338166899994],[39.836125758,-3.79450160199996],[39.8354519760001,-3.79573257699998],[39.834927303,-3.79668912099993],[39.8344701080001,-3.79765246299996],[39.8338478220001,-3.79905589199997],[39.832559739,-3.80209049799993],[39.831336697,-3.80502913199996],[39.830822734,-3.80620696399996],[39.830260486,-3.80723015899998],[39.8297437960001,-3.80813436799998],[39.82975344,-3.80896091599994],[39.830091447,-3.80994271799996],[39.830004305,-3.81097476899993],[39.829682973,-3.81211516599996],[39.8296867120001,-3.81310128299999],[39.8293363650001,-3.81402587499997],[39.8294569220001,-3.81497765799999],[39.8295659460001,-3.81596924399997],[39.8294593030001,-3.81712036299997],[39.8293922020001,-3.81822895299996],[39.82895819,-3.81958238999994],[39.828678364,-3.82045422499994],[39.828771637,-3.82128322799997],[39.8284616280001,-3.82248723699996],[39.8280984680001,-3.82362245599994],[39.827584287,-3.82448122499996],[39.8273177890001,-3.82525692799992],[39.8269537310001,-3.82626174099993],[39.8263182310001,-3.82773522999996],[39.8258734560001,-3.82883325899997],[39.825253844,-3.82966940099994],[39.8249264300001,-3.83042829099998],[39.8246871220001,-3.83121781799997],[39.8242070380001,-3.83234454999996],[39.8235340470001,-3.83383706699993],[39.8230514160001,-3.83495442299996],[39.8222650020001,-3.83595855499993],[39.8216389660001,-3.83693913099996],[39.8209479710001,-3.83803395399997],[39.8204371800001,-3.83895945199992],[39.819893871,-3.83979543699996],[39.819348973,-3.84074246099992],[39.81897302,-3.84149436999996],[39.818121171,-3.84335986899993],[39.8171541570001,-3.84543475899995],[39.816569762,-3.84687195099998],[39.8160005940001,-3.84837386699996],[39.815389549,-3.84967971799996],[39.814923175,-3.85062198399993],[39.81411416,-3.85226856999998],[39.813231719,-3.85435297699996],[39.8133187390001,-3.85525173399998],[39.8131153800001,-3.85653256299997],[39.8123453040001,-3.85759709799994],[39.811964184,-3.85862648999994],[39.8113612120001,-3.85951562199995],[39.810500947,-3.86069781099997],[39.810050039,-3.86173610499999],[39.8100716700001,-3.86269579999993],[39.809653751,-3.86366315799996],[39.8092279350001,-3.86467983699994],[39.8084256600001,-3.86547933599997],[39.8080060840001,-3.86642398199996],[39.8073430050001,-3.86755700199997],[39.806775901,-3.86865512499997],[39.806514162,-3.86944589899998],[39.806376153,-3.87029155799997],[39.8058839440001,-3.87123355399996],[39.8052421680001,-3.87201401599998],[39.8045994880001,-3.87294132699999],[39.803981736,-3.87377753799996],[39.8035398370001,-3.87447370199993],[39.8029973180001,-3.87553969899995],[39.8025119060001,-3.87649148099996],[39.802055051,-3.87740519599993],[39.8015601230001,-3.87860920199996],[39.800627374,-3.88052704799999],[39.799718419,-3.88230688499995],[39.799148539,-3.88324915099997],[39.7985358280001,-3.88444126199994],[39.798101973,-3.88538114799997],[39.7979432070001,-3.88680454199995],[39.797114101,-3.88770350199997],[39.7964204880001,-3.88868383899994],[39.795837599,-3.88955468599995],[39.7951500150001,-3.89064444299993],[39.7945074,-3.89159630099993],[39.7938839820001,-3.89249573699993],[39.7933842950001,-3.89327144299994],[39.792927438,-3.89421846599992],[39.7922707070001,-3.89564138399995],[39.7917186720001,-3.89684063299996],[39.791166638,-3.89788759699998],[39.7906146030001,-3.89893455999994],[39.7899293190001,-3.90016235999997],[39.789244034,-3.90139015999994],[39.7885968190001,-3.90255133699998],[39.78779732,-3.90402660399997],[39.7872809790001,-3.90518302399993],[39.78661235,-3.90665352899994],[39.7861412140001,-3.90779567099997],[39.785665324,-3.90874745499998],[39.7853274400001,-3.90990625199992],[39.7850561820001,-3.91095083599993],[39.7848753440001,-3.91192641499993],[39.7846564330001,-3.91309710899998],[39.784456558,-3.91413455499997],[39.7842162310001,-3.91512916999995],[39.7839711460001,-3.91606667799994],[39.783704648,-3.91680906899995],[39.7833096570001,-3.91776085399994],[39.7827100320001,-3.91902196699995],[39.7822769700001,-3.91993092299992],[39.781877222,-3.92083511599999],[39.7815345810001,-3.92161082099995],[39.7812204900001,-3.92231990099998],[39.780756496,-3.92329071899996],[39.7801949450001,-3.92429009199998],[39.7795643850001,-3.92519904799997],[39.7793327840001,-3.92614607399998],[39.7794878460001,-3.92727314499996],[39.7790091780001,-3.92867742299995],[39.778672089,-3.92991989799998],[39.7781747810001,-3.93079683699995],[39.77787814,-3.93169576999999],[39.7776322620001,-3.93301359599997],[39.7770659510001,-3.93433141999998],[39.7763752650001,-3.93542006399998],[39.7758551470001,-3.93669456499993],[39.775364638,-3.93760317999994],[39.7750053390001,-3.93869297199996],[39.774279264,-3.93937043899996],[39.773765639,-3.93999453799994],[39.773126516,-3.94104435399994],[39.7721785380001,-3.94208846199996],[39.7714114,-3.94291461299997],[39.771076372,-3.94371791799995],[39.7705033990001,-3.94464971299994],[39.769603284,-3.94545097999997],[39.7688615690001,-3.94632310899994],[39.7681191780001,-3.94721025199993],[39.7673358600001,-3.94801236799997],[39.766720053,-3.94877236699994],[39.766160884,-3.94959566199999],[39.7655041510001,-3.95035946699994],[39.7645642620001,-3.95094277599998],[39.76352444,-3.95126366399995],[39.762489374,-3.95139501099993],[39.761124092,-3.95130490599996],[39.7600432880001,-3.95133409599993],[39.759319933,-3.95068188399995],[39.758284073,-3.95091308999998],[39.757414779,-3.95178555799993],[39.756700623,-3.95272179699999],[39.755885973,-3.95338217699999],[39.755073071,-3.95401431999995],[39.7539732820001,-3.95429390699997],[39.752845419,-3.95503947199996],[39.75192351,-3.95585549399994],[39.750864757,-3.95568406299998],[39.7499068060001,-3.95513579099999],[39.7490549600001,-3.95476935299997],[39.7480841390001,-3.95461072299998],[39.746950326,-3.95461230799998],[39.745704677,-3.95465989899998],[39.7448861440001,-3.95423397499997],[39.7439381670001,-3.95344446999997],[39.7431396170001,-3.95312276599998],[39.742202111,-3.95298951799993],[39.741204097,-3.95246875499993],[39.7409685980001,-3.95143429999996],[39.7405912140001,-3.95048394399994],[39.739679881,-3.95004136499995],[39.738349763,-3.94991168399998],[39.73752885,-3.94941080599995],[39.737300422,-3.94863351799995],[39.736727446,-3.94784226599997],[39.7357014230001,-3.94742347999995],[39.7345783170001,-3.94751865999996],[39.7339215860001,-3.94791650599995],[39.7333061,-3.94840191599996],[39.7325357880001,-3.94921473899996],[39.7316658570001,-3.95037210999993],[39.7306760000001,-3.95133477099994],[39.729777863,-3.95102797599998],[39.7291023860001,-3.95144286599999],[39.7282489510001,-3.95149521599996],[39.727209128,-3.95142858899993],[39.7259805320001,-3.95126361399996],[39.724786835,-3.95111212199992],[39.723137869,-3.95097411499996],[39.721914827,-3.95082896599996],[39.7211034320001,-3.95056008699994],[39.7202901300001,-3.95041779699996],[39.7191570330001,-3.95033641899994],[39.717898297,-3.95015795699994],[39.7166419420001,-3.94989145899998],[39.7156568460001,-3.94962257899993],[39.7145765700001,-3.94927755799995],[39.7135748160001,-3.94885877199994],[39.7126301690001,-3.94799502899996],[39.712085749,-3.94702753999996],[39.711954403,-3.94626357399995],[39.711499926,-3.94549659399997],[39.710750395,-3.94507542899993],[39.709965174,-3.94467726599993],[39.709375068,-3.94371913799995],[39.708986737,-3.94289869999994],[39.708183976,-3.94236760199994],[39.70816059,-3.94153193699998],[39.708663609,-3.94040335799997],[39.7088848970001,-3.93931951199994],[39.7090533630001,-3.93838343399995],[39.7088706230001,-3.93738025199997],[39.7086818510001,-3.93609613699994],[39.7087710010001,-3.93479330199996],[39.7082591010001,-3.93388720499997],[39.707912493,-3.93304804599997],[39.70719215,-3.93218303499998],[39.7066517750001,-3.93131619699995],[39.706172312,-3.93222633999995],[39.7058122220001,-3.93294493699994],[39.7055108220001,-3.93407280199995],[39.704432926,-3.93438688999992],[39.7038566200001,-3.93386055499997],[39.7038214040001,-3.93289020999993],[39.703732572,-3.93180834799994],[39.7030704480001,-3.93070633999999],[39.7031726050001,-3.92991191999995],[39.7032265380001,-3.92879991599995],[39.703008819,-3.92755189099995],[39.702394047,-3.92618600099998],[39.702141506,-3.92487221899997],[39.7013261440001,-3.92430749399994],[39.70022419,-3.92476276499996],[39.6999595390001,-3.92403147699998],[39.7003077360001,-3.92325894299995],[39.700683848,-3.92210363699997],[39.7015704360001,-3.92150448799993],[39.702295151,-3.92090486399995],[39.70344212,-3.92106412799997],[39.7038166450001,-3.91992214699998],[39.7038166450001,-3.91914406599995],[39.7038134740001,-3.91815896799994],[39.70429254,-3.91704537899995],[39.7052490830001,-3.91593892999992],[39.7061294810001,-3.91516560699996],[39.7067576590001,-3.91461357099996],[39.707606652,-3.91386927399998],[39.708343174,-3.91290670299999],[39.709600321,-3.91218176099994],[39.7104626770001,-3.91088753199995],[39.7110626940001,-3.90986475499995],[39.7114880300001,-3.90905514799994],[39.71174977,-3.90820568099997],[39.7120511680001,-3.90694535999995],[39.7126611030001,-3.90591902099994],[39.7136795120001,-3.90528608399996],[39.714486149,-3.90465314599994],[39.714927141,-3.90390916899998],[39.7150833930001,-3.90304225199998],[39.715514075,-3.90196197699994],[39.7157120470001,-3.90086218899996],[39.7162302930001,-3.89995609199998],[39.7163960620001,-3.89919783699998],[39.7167101520001,-3.89831796399995],[39.7166723980001,-3.89698556999996],[39.717103557,-3.89574648299992],[39.7174081270001,-3.89458326699996],[39.7171663760001,-3.89376187799997],[39.716208032,-3.89310800199996],[39.7161466160001,-3.89436158199993],[39.7154610480001,-3.89537800699999],[39.7151759670001,-3.89672772999997],[39.7147062490001,-3.89799779599998],[39.714057847,-3.89862359199999],[39.7131593610001,-3.89874732499994],[39.7121860030001,-3.89852418399995],[39.7118666270001,-3.89741799899996],[39.710955504,-3.89768084999997],[39.7099857950001,-3.89800651899999],[39.709109927,-3.89854745199994],[39.7087316600001,-3.89968578399992],[39.708897817,-3.90103296799993],[39.7088206540001,-3.90216185299994],[39.708636482,-3.90294659699993],[39.708665307,-3.90395494599996],[39.7092037470001,-3.90502910199996],[39.709729608,-3.90572628299997],[39.70997469,-3.90670043399996],[39.7099784980001,-3.90789206799998],[39.709929005,-3.90888002099995],[39.7093289060001,-3.90970140999997],[39.7081282280001,-3.90954293899995],[39.7073636310001,-3.90915349899995],[39.706310322,-3.90872012099993],[39.705352938,-3.90941015199997],[39.704219239,-3.90961006899994],[39.703341585,-3.90953101499998],[39.7022793840001,-3.90945247499997],[39.701318212,-3.91011876799996],[39.700725726,-3.91111814199996],[39.700167505,-3.91188575599994],[39.6993860900001,-3.91225552399993],[39.6986292510001,-3.91285293899995],[39.6988156990001,-3.91418798699995],[39.6988401740001,-3.91507178599994],[39.698197312,-3.91578045799998],[39.6973109620001,-3.91638531699995],[39.6964656980001,-3.91567005099995],[39.695775655,-3.91496097099997],[39.695055471,-3.91448983799995],[39.6944391910001,-3.91377956899993],[39.6942797670001,-3.91301457199996],[39.694081082,-3.91198307599994],[39.6935627560001,-3.91102216999998],[39.6934882,-3.91006562699996],[39.693265437,-3.90901571799999],[39.6929206190001,-3.90827849299995],[39.692953614,-3.90740697599994],[39.6929964440001,-3.90638777399994],[39.6921831220001,-3.90565319999997],[39.691256631,-3.90544813099996],[39.691105566,-3.90628783599993],[39.6918289220001,-3.90743235699994],[39.691625195,-3.90857563099998],[39.691824163,-3.90996614299997],[39.69250815,-3.91129425299993],[39.6916187360001,-3.91232770099998],[39.691455563,-3.91342297399995],[39.690784815,-3.91412911199997],[39.690731515,-3.91532550499993],[39.690845015,-3.91641601199996],[39.6908390660001,-3.91752761699995],[39.690388872,-3.91828365099998],[39.690065958,-3.91899610499997],[39.6911598180001,-3.91940865999994],[39.691588596,-3.92020054499995],[39.691473193,-3.92122490199995],[39.6907323880001,-3.92242274799997],[39.6902700210001,-3.92338452399998],[39.69128418,-3.92340087899993],[39.6923217770001,-3.92297363299997],[39.6932983400001,-3.92279052699997],[39.6940917970001,-3.92297363299997],[39.6951446530001,-3.92344665499998],[39.69619751,-3.92434692399996],[39.6972045900001,-3.92498779299996],[39.6972045900001,-3.92623901399999],[39.696990967,-3.92736816399998],[39.696594238,-3.92846679699994],[39.6958923340001,-3.92959594699995],[39.6958007810001,-3.93069457999998],[39.694885254,-3.93121337899993],[39.6940917970001,-3.93127441399998],[39.693481445,-3.93225097699998],[39.694213867,-3.93280029299996],[39.695129395,-3.93280029299996],[39.696014404,-3.93319702099996],[39.6962890620001,-3.93420410199997],[39.6962890620001,-3.93518066399997],[39.6963806150001,-3.93624877899993],[39.696899414,-3.93731689499999],[39.6975097660001,-3.93835449199998],[39.698303223,-3.93939208999996],[39.6988220210001,-3.94055175799999],[39.699188232,-3.94149780299996],[39.699279785,-3.94250488299998],[39.6994018550001,-3.94372558599998],[39.6998901370001,-3.94439697299993],[39.700500488,-3.94497680699993],[39.7015991210001,-3.94531249999995],[39.702514648,-3.94531249999995],[39.703491211,-3.94537353499995],[39.7042846680001,-3.94561767599992],[39.705383301,-3.94586181599992],[39.706604004,-3.94631957999997],[39.7077026370001,-3.94702148399994],[39.707489014,-3.94796752899992],[39.7064819340001,-3.94830322299993],[39.705200195,-3.94836425799997],[39.7041015620001,-3.94812011699998],[39.7031250000001,-3.94812011699998],[39.7020111080001,-3.94767761199995],[39.7019958500001,-3.94848632799994],[39.7020874020001,-3.94940185499996],[39.7011108400001,-3.94958496099997],[39.700012207,-3.95001220699993],[39.6989135740001,-3.95037841799996],[39.698120117,-3.95037841799996],[39.6974487300001,-3.94984944699996],[39.697418213,-3.94885253899997],[39.6964721680001,-3.94812011699998],[39.695678711,-3.94799804699994],[39.694885254,-3.94830322299993],[39.6940917970001,-3.94842529299996],[39.6932983400001,-3.94818115199997],[39.692199707,-3.94815063499994],[39.6908416750001,-3.94836425799997],[39.69128418,-3.94909667999997],[39.692596436,-3.94934081999998],[39.693481445,-3.94952392599993],[39.6945800780001,-3.94973754899996],[39.695678711,-3.95031738299997],[39.69619751,-3.95098876999998],[39.696899414,-3.95159912099996],[39.697814941,-3.95205688499993],[39.6990051270001,-3.95208740199995],[39.6998901370001,-3.95138549799998],[39.70098877,-3.95123290999993],[39.7014465330001,-3.95219421399998],[39.702438354,-3.95135497999996],[39.7032165530001,-3.95025634799994],[39.703582764,-3.94931030299996],[39.7042846680001,-3.94891357399996],[39.7053222660001,-3.94921874999995],[39.706420898,-3.94961547899994],[39.70690918,-3.95031738299997],[39.707092285,-3.95111083999996],[39.7082366940001,-3.95187886599996],[39.70880127,-3.95089721699998],[39.7097167970001,-3.95031738299997],[39.710083008,-3.94958496099997],[39.7100677490001,-3.94863891599994],[39.7108764650001,-3.94879150399993],[39.7117614750001,-3.94953918499993],[39.71182251,-3.95059204099993],[39.7125854490001,-3.95123290999993],[39.7135009770001,-3.95159912099996],[39.7142944340001,-3.95178222699997],[39.7150878910001,-3.95223998999995],[39.716186523,-3.95239257799995],[39.717590332,-3.95254516599994],[39.7185058590001,-3.95281982399996],[39.719299316,-3.95288085899996],[39.720275879,-3.95300292999996],[39.721405029,-3.95321655299995],[39.722473145,-3.95349121099997],[39.723602295,-3.95358276399998],[39.7247924800001,-3.95397949199997],[39.725891113,-3.95397949199997],[39.726928711,-3.95410156299995],[39.727996826,-3.95355224599996],[39.7293090820001,-3.95312499999995],[39.7304077150001,-3.95318603499993],[39.731323242,-3.95312499999995],[39.7320861820001,-3.95285034199999],[39.7326049800001,-3.95199584999994],[39.733306885,-3.95120239299996],[39.7341308590001,-3.95050048799992],[39.7349039710001,-3.94962565099995],[39.735900879,-3.94937133799994],[39.7365112300001,-3.94989013699997],[39.7369995120001,-3.95053100599995],[39.737792969,-3.95104980499998],[39.7388916020001,-3.95117187499994],[39.739715576,-3.95138549799998],[39.740203857,-3.95230102499995],[39.7407226560001,-3.95318603499993],[39.7413024900001,-3.95388793899996],[39.74230957,-3.95440673799993],[39.743225098,-3.95492553699996],[39.744293213,-3.95541381799995],[39.7451171870001,-3.95568847699997],[39.745910645,-3.95568847699997],[39.746887207,-3.95581054699994],[39.747680664,-3.95581054699994],[39.7487792970001,-3.95614623999996],[39.7496948240001,-3.95660400399993],[39.750396729,-3.95700073199993],[39.7512207030001,-3.95733642599992],[39.752502441,-3.95751953099996],[39.75378418,-3.95748901399998],[39.754699707,-3.95733642599992],[39.7557983400001,-3.95755004899997],[39.7570190430001,-3.95709228499994],[39.758117676,-3.95672607399997],[39.7592163090001,-3.95703124999993],[39.760314941,-3.95727539099993],[39.7612457280001,-3.95802307099996],[39.762252808,-3.95910644499999],[39.7622070310001,-3.96051025399994],[39.7614746090001,-3.96118164099994],[39.7604980470001,-3.96179199199998],[39.75958252,-3.96243286099997],[39.75869751,-3.96298217799996],[39.7578125000001,-3.96372985799996],[39.75680542,-3.964569092],[39.755981445,-3.96539306599993],[39.7549133300001,-3.96621704099994],[39.7536926270001,-3.96667480499998],[39.7530212400001,-3.96765136699997],[39.752502441,-3.96850585899995],[39.7519836430001,-3.96929931599992],[39.751190186,-3.97021484399994],[39.7506713870001,-3.97100830099993],[39.750396729,-3.97174072299993],[39.7496948240001,-3.97302246099997],[39.749084473,-3.97418212899993],[39.7487182620001,-3.97521972699998],[39.748199463,-3.97589111299994],[39.747283936,-3.97680664099996],[39.7465209960001,-3.97741699199999],[39.745819092,-3.97793579099994],[39.744903564,-3.97875976599994],[39.7439880370001,-3.97955322299993],[39.7431945800001,-3.98059081999997],[39.7426757810001,-3.98150634799993],[39.741760254,-3.98237609899995],[39.7409057620001,-3.98364257799993],[39.740112305,-3.98449706999998],[39.7395019530001,-3.98526000999995],[39.7388916020001,-3.98590087899994],[39.7382812500001,-3.98638915999993],[39.7374877930001,-3.98736572299993],[39.736785889,-3.98815917999998],[39.736206055,-3.98898315399992],[39.7355957030001,-3.98992919899996],[39.7348937990001,-3.99114990199996],[39.734100342,-3.99237060499997],[39.7330932620001,-3.99353027299998],[39.73248291,-3.99438476599996],[39.731903076,-3.99542236299993],[39.7312011720001,-3.99658203099995],[39.731246948,-3.99784851099997],[39.732299805,-3.99880981399997],[39.732727051,-3.99993896499996],[39.73248291,-4.00091552699997],[39.7322082520001,-4.00180053699995],[39.731506348,-4.00286865199997],[39.7304077150001,-4.00361633299997],[39.7290039060001,-4.00424194299997],[39.728088379,-4.00482177699998],[39.7272949220001,-4.00531005899996],[39.7265575650001,-4.00616075199998],[39.7263081670001,-4.00719933299996],[39.726125397,-4.00829326899998],[39.726042873,-4.00918182699998],[39.7260457880001,-4.01035885699998],[39.726270781,-4.01167707899999],[39.72687412,-4.01286275599995],[39.7280772500001,-4.01359581799993],[39.728998242,-4.01440610799995],[39.7296653400001,-4.01505622299993],[39.7303095560001,-4.01579744599997],[39.730422956,-4.01709527699997],[39.7298778200001,-4.01842944999993],[39.728868606,-4.01945451099993],[39.7284487540001,-4.02039726699997],[39.7278929390001,-4.02124994199994],[39.7267802880001,-4.02151398699994],[39.725970955,-4.02157492399993],[39.725090596,-4.02184430599992],[39.7243742250001,-4.02234593299993],[39.723566879,-4.02315940599994],[39.723086196,-4.02382126599998],[39.722506063,-4.02487202599997],[39.721946437,-4.02584984099997],[39.7212530480001,-4.02675025899994],[39.7207561160001,-4.02735658499995],[39.720137881,-4.02827255799998],[39.719352927,-4.02925785499998],[39.718734168,-4.03016580399997],[39.718052953,-4.03131081599997],[39.717612729,-4.03220146499996],[39.717177791,-4.03304945399998],[39.7167846770001,-4.03375479399996],[39.716372474,-4.03444388299994],[39.7158832000001,-4.03527447099999],[39.7154169190001,-4.03607438599995],[39.7147859820001,-4.03699902799997],[39.71416093,-4.03805276799994],[39.7134457070001,-4.03901643799998],[39.7127736250001,-4.03981905699993],[39.712276622,-4.04057825499995],[39.711731629,-4.04126615999996],[39.7113377760001,-4.04245959299994],[39.710894114,-4.04342357899998],[39.7104146660001,-4.04421406799998],[39.7099830280001,-4.04493945799993],[39.709390178,-4.04585128699997],[39.708459777,-4.04677706399998],[39.707691556,-4.04729422099997],[39.7068433690001,-4.04806136099995],[39.7062610420001,-4.04881988699999],[39.705625497,-4.04995814399996],[39.704932124,-4.05145192699998],[39.7042723110001,-4.05279632699997],[39.7036672890001,-4.05379405699995],[39.702900528,-4.05515259499992],[39.701923623,-4.05610576999993],[39.701237881,-4.05666091299998],[39.7007073180001,-4.05723145099995],[39.699854895,-4.05793158599994],[39.6988445320001,-4.05839134099997],[39.69799734,-4.05895856599994],[39.697129337,-4.05960125299992],[39.6962735490001,-4.06003993499995],[39.695348327,-4.06043668299999],[39.6944662860001,-4.06082509699997],[39.693729784,-4.06106959499994],[39.69284767,-4.06132066499993],[39.691873505,-4.06140250399995],[39.6910288930001,-4.06139822399996],[39.6902519830001,-4.06138200799996],[39.6892416740001,-4.06132452199996],[39.688157824,-4.06114091799998],[39.6871778950001,-4.06077978599996],[39.686206203,-4.06080614199994],[39.6852403240001,-4.06131071899995],[39.6843990680001,-4.06113576399997],[39.6837458580001,-4.06039869799997],[39.6832754530001,-4.05965451099997],[39.682837277,-4.05879964899998],[39.6827846690001,-4.05766600599999],[39.6832109060001,-4.05647089299994],[39.6831039680001,-4.05546848999995],[39.682549056,-4.05460627799994],[39.6818809800001,-4.05407647599998],[39.681033825,-4.05357749499997],[39.6805493090001,-4.05292646999994],[39.681277117,-4.05200088399994],[39.6814000300001,-4.05098469399997],[39.681202617,-4.05005954899998],[39.681119476,-4.04887961399992],[39.680456534,-4.04757288099995],[39.680424342,-4.04607264899995],[39.6812137690001,-4.04493059499993],[39.681274414,-4.04376220699993],[39.681274414,-4.04290771499996],[39.6809997560001,-4.04199218799994],[39.679992676,-4.04100036599995],[39.6787109370001,-4.04058837899993],[39.6776733400001,-4.04058837899993],[39.676879883,-4.04089355499997],[39.676086426,-4.04089355499997],[39.6752929690001,-4.04107665999993],[39.674194336,-4.04119872999996],[39.6730957030001,-4.04058837899993],[39.672821045,-4.03967285199997],[39.6735229490001,-4.03912353499994],[39.6743164060001,-4.03869628899997],[39.675109863,-4.03826904299996],[39.6759643550001,-4.03767394999995],[39.6766052250001,-4.036590576],[39.676879883,-4.03558349599995],[39.676879883,-4.03448486299992],[39.677124023,-4.03314208999996],[39.676879883,-4.03186035199996],[39.6766967770001,-4.03100585899995],[39.6764221190001,-4.03002929699995],[39.676086426,-4.02917480499997],[39.6749877930001,-4.02883911099996],[39.6740722660001,-4.02850341799996],[39.6727905270001,-4.02908325199996],[39.6721191410001,-4.02999877899992],[39.671203613,-4.02972412099996],[39.6710815430001,-4.02862548799993],[39.6713256840001,-4.02770996099997],[39.6714630130001,-4.02633666999998],[39.6708984370001,-4.02502441399998],[39.6701965330001,-4.02410888699995],[39.6699218750001,-4.02337646499996],[39.670288086,-4.02243041999998],[39.6710815430001,-4.02197265599994],[39.6718750000001,-4.02178955099993],[39.6727905270001,-4.02178955099993],[39.6738891600001,-4.02160644499999],[39.674682617,-4.02130126999998],[39.674926758,-4.02044677699998],[39.674926758,-4.01959228499993],[39.6748046870001,-4.01882934599995],[39.674545288,-4.01786804199998],[39.6735839840001,-4.01730346699998],[39.673492432,-4.01861572299992],[39.673706055,-4.01974487299998],[39.6731872560001,-4.02053832999996],[39.672088623,-4.02053832999996],[39.671020508,-4.02011108399995],[39.6699218750001,-4.02001953099996],[39.6691284180001,-4.02032470699994],[39.668294271,-4.02081298799995],[39.6674804690001,-4.02148437499994],[39.6669006350001,-4.02200317399996],[39.66607666,-4.02221679699994],[39.6652832030001,-4.02197265599994],[39.6644897460001,-4.02160644499999],[39.663391113,-4.02139282199994],[39.6622924800001,-4.02069091799996],[39.661682129,-4.02008056599994],[39.661193848,-4.01919555699993],[39.6610717770001,-4.01788330099993],[39.6610717770001,-4.01708984399995],[39.6610717770001,-4.01617431599994],[39.660614014,-4.01528930699993],[39.6598510740001,-4.01435852099997],[39.659484863,-4.01318359399994],[39.659729004,-4.01220703099994],[39.6601867680001,-4.01144409199998],[39.6610717770001,-4.01092529299996],[39.66192627,-4.01080322299993],[39.662902832,-4.01098632799994],[39.663879395,-4.01110839799998],[39.6646728520001,-4.01092529299996],[39.6655273440001,-4.01049804699994],[39.6664428710001,-4.01011657699996],[39.667297363,-4.00952148399995],[39.66809082,-4.00878906299994],[39.6687011720001,-4.00817871099997],[39.669311523,-4.00759887699995],[39.6701965330001,-4.00622558599996],[39.670471191,-4.00506591799996],[39.670715332,-4.00415039099993],[39.670715332,-4.00317382799994],[39.670715332,-4.00238037099996],[39.670379639,-4.00158691399997],[39.6700134280001,-4.00079345699993],[39.669311523,-4.00015258799994],[39.6683959960001,-3.99945068399996],[39.667297363,-3.99902343699995],[39.6662902830001,-3.99868774399994],[39.6657104490001,-3.99792480499997],[39.6652832030001,-3.99719238299997],[39.665405273,-3.99621581999997],[39.665588379,-3.99520873999997],[39.664916992,-3.99450683599997],[39.6646728520001,-3.99371337899991],[39.664260864,-3.99287414599996],[39.6644897460001,-3.99188232399997],[39.664916992,-3.99121093699995],[39.6657104490001,-3.99063110399995],[39.6665039060001,-3.99047851599995],[39.6674194340001,-3.99041747999996],[39.6687011720001,-3.99020385699993],[39.6688842770001,-3.98913574199998],[39.668273926,-3.98852539099994],[39.66746521,-3.98773193399995],[39.6669921870001,-3.98638915999993],[39.666320801,-3.98547363299997],[39.665985107,-3.98464965799996],[39.665893555,-3.98358154299995],[39.665893555,-3.98266601599993],[39.6661987300001,-3.98168945299993],[39.666412354,-3.98089599599996],[39.6665039060001,-3.97991943399996],[39.666152954,-3.97853088399995],[39.665100098,-3.97827148399996],[39.664916992,-3.97924804699994],[39.6647033690001,-3.98040771499995],[39.663879395,-3.98052978499994],[39.6634216310001,-3.97967529299996],[39.663208008,-3.97869872999997],[39.6635131840001,-3.97778320299995],[39.663299561,-3.97650146499996],[39.6622924800001,-3.97589111299994],[39.661499023,-3.97604370099999],[39.6606292720001,-3.97666931199996],[39.6599121090001,-3.97589111299994],[39.6592102050001,-3.97479247999997],[39.658828735,-3.97354125999994],[39.6586914060001,-3.97229003899999],[39.6588745120001,-3.97137451199995],[39.6591186520001,-3.97045898399996],[39.6592102050001,-3.96960449199997],[39.659698486,-3.96868896499996],[39.6604003910001,-3.96771240199996],[39.661102295,-3.96679687499994],[39.6618957520001,-3.96585082999996],[39.6622924800001,-3.96453857399997],[39.6616210940001,-3.96350097699997],[39.6604003910001,-3.96313476599995],[39.659484863,-3.96282958999997],[39.658599854,-3.96249389599996],[39.658081055,-3.96179199199998],[39.658508301,-3.96084594699994],[39.6586914060001,-3.95974731399997],[39.659393311,-3.95886230499996],[39.659484863,-3.95782470699993],[39.6591186520001,-3.95709228499994],[39.659566243,-3.95644124299997],[39.66027832,-3.95532226599994],[39.660888672,-3.95440673799993],[39.661682129,-3.95349121099997],[39.660888672,-3.95300292999996],[39.6600952150001,-3.95266723599996],[39.6590423580001,-3.95285034199999],[39.6586914060001,-3.95397949199997],[39.6582031250001,-3.95480346699997],[39.6575012210001,-3.95568847699997],[39.6566772460001,-3.956420898],[39.6560465490001,-3.95697021499996],[39.655090332,-3.95690917999997],[39.654296875,-3.95709228499994],[39.6533203120001,-3.95721435499996],[39.6522827150001,-3.95709228499994],[39.651672363,-3.95648193399996],[39.6513977050001,-3.95568847699997],[39.6513061520001,-3.95455932599999],[39.6511230470001,-3.95349121099997],[39.6503295900001,-3.95312499999995],[39.649475098,-3.95300292999996],[39.6483764650001,-3.95278930699994],[39.6473999020001,-3.95190429699995],[39.6469116210001,-3.95129394499999],[39.646172575,-3.95058699399994],[39.6459083680001,-3.95167351299994],[39.6457969410001,-3.95262883499992],[39.646009168,-3.95343948499994],[39.6466770070001,-3.95398103599996],[39.6475293720001,-3.95460560599998],[39.6485276120001,-3.95566045899994],[39.649166101,-3.95669352699997],[39.6494045910001,-3.95758047599999],[39.648960651,-3.95876364699996],[39.6480682380001,-3.95933979399997],[39.6486816410001,-3.96008300799998],[39.6495971680001,-3.96023559599996],[39.6510009770001,-3.96032714799999],[39.6517944340001,-3.95993041999998],[39.652801514,-3.95977783199994],[39.6542053220001,-3.95989990199995],[39.6552734370001,-3.96051025399994],[39.6560058590001,-3.96148681599993],[39.655914307,-3.96276855499997],[39.6552734370001,-3.96350097699997],[39.655395508,-3.96447753899998],[39.65612793,-3.96551513699996],[39.65612793,-3.96664428699995],[39.65612793,-3.96759033199993],[39.655487061,-3.96841430699993],[39.655090332,-3.96929931599992],[39.6552734370001,-3.97009277299998],[39.6552734370001,-3.97088622999997],[39.6556091310001,-3.97253417999998],[39.6555175780001,-3.97369384799994],[39.655792236,-3.97470092799995],[39.656311035,-3.97552490199997],[39.6565856930001,-3.97644042999998],[39.657104492,-3.97729492199996],[39.6574707030001,-3.97808837899992],[39.658081055,-3.97882080099992],[39.658416748,-3.97955322299993],[39.658508301,-3.98040771499995],[39.658508301,-3.98126220699994],[39.6588745120001,-3.98199462899993],[39.659393311,-3.98291015599995],[39.6600952150001,-3.98388671899994],[39.660888672,-3.98510742199995],[39.6614074710001,-3.98614501999998],[39.661590576,-3.98744201699998],[39.6620178220001,-3.98876953099995],[39.6622924800001,-3.98980712899993],[39.6616210940001,-3.99066162099995],[39.6607971190001,-3.99096679699994],[39.6610717770001,-3.99182128899997],[39.6613159180001,-3.99255371099996],[39.6607971190001,-3.99343872099995],[39.659790039,-3.99368286099998],[39.658996582,-3.99273681599994],[39.6587829590001,-3.99160766599993],[39.658081055,-3.99102783199993],[39.6573791500001,-3.99035644499997],[39.656311035,-3.98974609399995],[39.6555175780001,-3.98937988299997],[39.6547241210001,-3.98907470699994],[39.653930664,-3.98876953099995],[39.6530151370001,-3.98849487299998],[39.6517944340001,-3.98822021499997],[39.650604248,-3.98815917999998],[39.6499938960001,-3.98724365199996],[39.6491088870001,-3.98669433599997],[39.648101807,-3.98629760699992],[39.6478881840001,-3.98498535199997],[39.6478881840001,-3.98382568399995],[39.6477050780001,-3.98297119099993],[39.6477050780001,-3.98199462899993],[39.6478881840001,-3.98095703099995],[39.6478881840001,-3.98001098599997],[39.6476593020001,-3.97897338899998],[39.6470947270001,-3.97802734399993],[39.646118164,-3.97747802699997],[39.6452026370001,-3.97705078099994],[39.643920898,-3.97668456999998],[39.643127441,-3.97680664099996],[39.6422729490001,-3.97692871099998],[39.64151001,-3.97695922899994],[39.6407165530001,-3.97640991199997],[39.6400756840001,-3.97570800799997],[39.6390991210001,-3.97515869099994],[39.638305664,-3.97543334999996],[39.6381225590001,-3.97656249999994],[39.6373291020001,-3.97760009799993],[39.6365051270001,-3.97793579099994],[39.6354980470001,-3.97863769499997],[39.6347961430001,-3.97943115199996],[39.634094238,-3.98037719699994],[39.6329956050001,-3.98083496099999],[39.63180542,-3.98120117199994],[39.630401611,-3.98190307599998],[39.6295166020001,-3.98199462899993],[39.628723145,-3.98217773399995],[39.6279296870001,-3.98211669899996],[39.6272888180001,-3.98165893599998],[39.626190186,-3.98065185499996],[39.6254882810001,-3.97994995099998],[39.6245117190001,-3.97961425799997],[39.6237182620001,-3.97930908199994],[39.62310791,-3.97851562499995],[39.6223144530001,-3.97790527299998],[39.62121582,-3.97714233399996],[39.6201171880001,-3.97668456999998],[39.6193237300001,-3.97668456999998],[39.6184082030001,-3.97662353499993],[39.617492676,-3.97650146499996],[39.6166992190001,-3.97589111299994],[39.616088867,-3.97497558599996],[39.615386963,-3.97406005899996],[39.6150207520001,-3.97274780299995],[39.6149291990001,-3.97155761699998],[39.6149291990001,-3.97058105499997],[39.614807129,-3.96966552699997],[39.6146850590001,-3.96868896499996],[39.614318848,-3.96789550799997],[39.6149902340001,-3.96688842799996],[39.615997314,-3.96569824199998],[39.616607666,-3.96481323199993],[39.6168823240001,-3.96398925799996],[39.617401123,-3.96313476599995],[39.6176757810001,-3.96228027299998],[39.6181945800001,-3.96166992199995],[39.6188354490001,-3.96073404899994],[39.6191406250001,-3.95917765299993],[39.6179199220001,-3.95892333999995],[39.616912842,-3.95928955099994],[39.61618042,-3.96029663099995],[39.6158142090001,-3.96142578099994],[39.615600586,-3.96252441399998],[39.615112305,-3.96337890599995],[39.6141967770001,-3.96405029299995],[39.612792969,-3.96417236299994],[39.611877441,-3.96380615199997],[39.611297607,-3.96301269499998],[39.610809326,-3.96218872099997],[39.6099853520001,-3.96139526399998],[39.6084899900001,-3.96154785199996],[39.608184814,-3.96289062499995],[39.6069539390001,-3.96323649099997],[39.606323242,-3.96240234399994],[39.6062011720001,-3.96142578099994],[39.6066436770001,-3.96028137199995],[39.6070284130001,-3.95922593299996],[39.605780893,-3.95894209899995],[39.604759239,-3.95947414899996],[39.6043466570001,-3.96075694499996],[39.6040080500001,-3.96208791799996],[39.6035673820001,-3.96305036399997],[39.603496562,-3.96387186899995],[39.603806649,-3.96462983799996],[39.6044554970001,-3.96577332499994],[39.605859385,-3.96554270899998],[39.6073897700001,-3.96554717199996],[39.6085408380001,-3.96618210699995],[39.6083289370001,-3.96731470399994],[39.6077012610001,-3.96808386999993],[39.607320799,-3.96894255799997],[39.6073883980001,-3.96985902899996],[39.607755362,-3.97111943499994],[39.608030388,-3.97236612899996],[39.6081202780001,-3.97333010699999],[39.6081178000001,-3.97444426199997],[39.6083365600001,-3.97550698099998],[39.6087585990001,-3.97688791899999],[39.6086267630001,-3.97808895399993],[39.6074020460001,-3.97847192399997],[39.606123767,-3.97866498299992],[39.604980954,-3.97917382999999],[39.6039941830001,-3.97985202699993],[39.603279581,-3.98059812799994],[39.602446238,-3.98074177799998],[39.602051126,-3.98157947799997],[39.601955117,-3.98254507599996],[39.601127712,-3.98338425899992],[39.59989646,-3.98407399999997],[39.5987529270001,-3.98414320299997],[39.597866407,-3.98423426499994],[39.5970445450001,-3.98471670099997],[39.5963506050001,-3.98561774099995],[39.5949307710001,-3.98599330599996],[39.5937966290001,-3.98658591799995],[39.5927646600001,-3.98663032999998],[39.5920824840001,-3.98709261699998],[39.5917302990001,-3.98787987699996],[39.59109454,-3.98882618599993],[39.5914749840001,-3.98989058999996],[39.5924889240001,-3.98976821699995],[39.593647957,-3.98880376099994],[39.594565822,-3.98863240099996],[39.595327275,-3.98850226099995],[39.5962564020001,-3.98826247699999],[39.5970550070001,-3.98768568099996],[39.5972358440001,-3.98665815499993],[39.597418711,-3.98573478899993],[39.5981124620001,-3.98504927899997],[39.5991450670001,-3.98556652399999],[39.600101255,-3.98591966499993],[39.601151557,-3.98590187799994],[39.60181935,-3.98543753699995],[39.602551272,-3.98467202199993],[39.6033210860001,-3.98391148899999],[39.6041336910001,-3.98305542299994],[39.6043764770001,-3.98220018299997],[39.6047119130001,-3.98148754499994],[39.605500562,-3.98150525699999],[39.6064023660001,-3.98175465099996],[39.6071909250001,-3.98176728499993],[39.6078077500001,-3.98229822799993],[39.608807571,-3.98269029999995],[39.6096991790001,-3.98220245599993],[39.6099055920001,-3.98134143899996],[39.6105616610001,-3.98057984299994],[39.611453929,-3.98052830199992],[39.6118687710001,-3.98167908199997],[39.612365074,-3.98264741799995],[39.613075988,-3.98332703099992],[39.614494408,-3.98402281299997],[39.615213472,-3.98495124599998],[39.6158050130001,-3.98622986899993],[39.61599011,-3.98723746799993],[39.6164240310001,-3.98826061599995],[39.617447903,-3.98824610499997],[39.618239219,-3.98815024799995],[39.6191162710001,-3.98886547299998],[39.619656606,-3.98981069399996],[39.620455211,-3.99061128799998],[39.6217582630001,-3.99078414699995],[39.622622908,-3.99052020699998],[39.6235930440001,-3.99071902599997],[39.6245414460001,-3.99153561199996],[39.6247710310001,-3.99272624299995],[39.625662344,-3.99257101099994],[39.6263986650001,-3.99168245499994],[39.6267848260001,-3.99094229199995],[39.6269937230001,-3.98975597099997],[39.6279881360001,-3.98912678199998],[39.629302361,-3.98900405099995],[39.6308920720001,-3.98926383599996],[39.6318579950001,-3.99004513199998],[39.6327960840001,-3.99006202599998],[39.6326941350001,-3.98919598699996],[39.6340106640001,-3.98907838199995],[39.6351839340001,-3.98928569499999],[39.6359544850001,-3.98976651099997],[39.636061381,-3.99080890799996],[39.6362510000001,-3.99239784799995],[39.637300677,-3.99311324099995],[39.6377897900001,-3.99393232699993],[39.6373644770001,-3.99480763999998],[39.636334436,-3.99558320299997],[39.635556007,-3.99656938999995],[39.6354479020001,-3.99763577599993],[39.635703667,-3.99839613699992],[39.636158601,-3.99931467199996],[39.636170367,-4.00046379299993],[39.6361430800001,-4.00160366399997],[39.6363619800001,-4.00268922499993],[39.6366411820001,-4.00368521299992],[39.6368963900001,-4.00507841699994],[39.6372045730001,-4.00640454799999],[39.6373074260001,-4.00775388399996],[39.637313271,-4.00873877699998],[39.6374219460001,-4.00970921299995],[39.6378613910001,-4.01035109199997],[39.6384280670001,-4.01105204499993],[39.6391397890001,-4.01196147699995],[39.639844581,-4.01284254699994],[39.6402485040001,-4.01358255699995],[39.6404624570001,-4.01441307399994],[39.640518378,-4.01587912199994],[39.6404099650001,-4.01668687999996],[39.640296177,-4.01782554399995],[39.6401931010001,-4.01915825399994],[39.63990456,-4.02017311499998],[39.640427624,-4.02113596799996],[39.640945893,-4.02251775599997],[39.640970414,-4.02387282299998],[39.6407141230001,-4.02503654399994],[39.641783408,-4.02493011899998],[39.64265498,-4.02493860099997],[39.6431211600001,-4.02566408299999],[39.6433436470001,-4.02681009799995],[39.64438262,-4.02740445799999],[39.6454226710001,-4.02732039699993],[39.6462898930001,-4.02718347399998],[39.647199168,-4.02709638299997],[39.648588589,-4.02692103799995],[39.6500817450001,-4.02682905099994],[39.649950678,-4.02802080699996],[39.6499365220001,-4.02937483099994],[39.6496596690001,-4.03054225599994],[39.648998863,-4.03133344199995],[39.648419759,-4.03206074199995],[39.6477753460001,-4.03295897799995],[39.6470085870001,-4.03415209199995],[39.6463046200001,-4.03476567299993],[39.645182549,-4.03430808899998],[39.645080363,-4.03335510399995],[39.6446355240001,-4.03238425199994],[39.6436971160001,-4.03166605999998],[39.643018066,-4.03098165199998],[39.6421081840001,-4.03049095099994],[39.6410144590001,-4.03026523399996],[39.6398323000001,-4.03033293599997],[39.638616217,-4.03062145099995],[39.6373293990001,-4.03106638299995],[39.6366266380001,-4.03163211599996],[39.636267488,-4.03274801199996],[39.6356542620001,-4.03402694699997],[39.636165455,-4.03497197099995],[39.637092286,-4.03593029299998],[39.6376174060001,-4.03672316999996],[39.638428199,-4.03739691899995],[39.639515939,-4.03792919199997]]]]},"properties":{"FID":1,"Shape_Leng":44.052413282,"Shape_Area":48.0987560995,"ADM0_EN":"Kenya","ADM0_PCODE":"KE","ADM0_REF":" ","ADM0ALT1EN":" ","ADM0ALT2EN":" ","date":1509667200000,"validOn":1572480000000,"validTo":null,"Shape__Area":596534222832.604,"Shape__Length":4907508.2166835684}}]}